Feature,Importance
P4TLH_CTCGTCAGTGATGTGG_1,0.0017516541118706747
P3TLH_CGTTAGATCCGCGGTA_1,0.0015773220467476244
P3TLH_AGGGAGTCAAGGTTTC_1,0.001541946863407757
P5TLH_CTTACCGAGATCGATA_1,0.0015347510844588494
P2TLH_TCTGGAATCTTGTTTG_1,0.0015115251486227882
P5TLH_CCATGTCTCGGTTCGG_1,0.00148292946259849
P5TLH_TTCGAAGTCTCTTATG_1,0.0013851840588513338
P1TLH_TGAGGGACACAGACTT_1,0.0012552884600247106
P3TLH_CATTATCTCATCACCC_1,0.001250363827679185
P3TLH_GTACGTAAGGAGTTTA_1,0.0012085423188872562
P4TLH_GAATAAGTCGGTGTTA_1,0.0011887208671264111
P3TLH_ACACCAAGTGGCTCCA_1,0.0011646102619102604
P4TLH_GGGTCTGCAAGGCTCC_1,0.0011606905083977003
P5TLH_ACGGCCACAGGATCGA_1,0.0011587441632512636
P3TLH_AACTCTTGTATGGTTC_1,0.0011427299210050805
P3TLH_GAACCTATCTGTTTGT_1,0.0011275523537491751
P1TLH_GGCTCGACAAGCCTAT_1,0.0011247113954287633
P3TLH_GCAGTTAAGCGAGAAA_1,0.0011077161451856115
P3TLH_CAGCTGGCAGCATGAG_1,0.0011042507534149036
P4TLH_CTGCGGAAGCCAGTAG_1,0.0011039556416885482
P1TLH_AGGCCACCAGGTCCAC_1,0.0010875692908552971
P1TLH_CAAGGCCAGGCATGGT_1,0.0010840181547491893
P5TLH_GTCGGGTCAGACGCCT_1,0.0010749586267956499
P4TLH_CTGTTTAGTTACCAGT_1,0.0010695848249914998
P1TLH_GTAACTGAGCCAACAG_1,0.001069399734086626
P5TLH_GGACATTAGTATGACA_1,0.0010615382917986758
P1TLH_CTGCCTATCATTTGGG_1,0.0010237628997094375
P3TLH_GTTCATTTCACGATGT_1,0.0010175377049260026
P3TLH_ATTACTCAGTGCAAGC_1,0.0009927724436081277
P4TLH_GCTGCAGCAAACCTAC_1,0.0009854593844598279
P3TLH_GTTTCTAAGCTCTCGG_1,0.0009645443371896102
P5TLH_TACACGACATCTGGTA_1,0.0009601257007321678
P5TLH_TGCGGGTAGACCCACC_1,0.0009583065504148198
P4TLH_GTCCTCATCCGAAGAG_1,0.0009531188778534152
P1TLH_GGCTGGTGTAGGGTAC_1,0.0009364076241473255
P5TLH_GACCAATGTTCACGGC_1,0.0009237936521774673
P3TLH_AGGGTGAGTTCAGGCC_1,0.000920028661867784
P4TLH_GCGCAGTAGTGAACAT_1,0.0009004337653661306
P3TLH_CGTGTCTAGATGTGTA_1,0.0008969859467396827
P4TLH_TCTCATACACCAACCG_1,0.0008883346151037713
P4TLH_GTACGTACATCACAAC_1,0.0008825409919376664
P4TLH_GTAACGTTCTACTATC_1,0.000881244452596183
P5TLH_GAGGTGACATGCCTTC_1,0.0008714921242485887
P3TLH_TCGGTAAAGCGTTGCC_1,0.0008640072464169983
P4TLH_TCTGAGATCAGAGACG_1,0.0008487350376327785
P4TLH_CTTGGCTGTGAACCTT_1,0.0008449742646089559
P1TLH_AGCGGTCGTGTGTGCC_1,0.0008337022226607062
P4TLH_CCTCTGACAGCCTATA_1,0.0008330527655036165
P5TLH_GTAGTCAGTTAGAACA_1,0.0008250403029347928
P5TLH_TATTACCGTACTCTCC_1,0.0008240100479244822
P5TLH_GTTCGGGCATGCGCAC_1,0.0008205395971709416
P2TLH_ACTTTCACATTCTCAT_1,0.0008187793173753533
P5TLH_ATAAGAGGTACCATCA_1,0.0008175878572304848
P4TLH_GAACGGATCCACTCCA_1,0.0008037463030215922
P1TLH_CCCAGTTAGTCCAGGA_1,0.000794757801043736
P4TLH_CATATGGGTCGTGGCT_1,0.000792559585922548
P1TLH_CTCTGGTGTCTAGTGT_1,0.0007895107691258971
P5TLH_GTTTCTAGTTCCATGA_1,0.0007889382863229944
P1TLH_AACTCTTCAGACAAGC_1,0.0007789578589416885
P5TLH_TCGAGGCAGAGCTGCA_1,0.0007761761728551554
P4TLH_CCACTACGTCTCCCTA_1,0.0007732130992473142
P2TLH_ACAGCCGCATCCGGGT_1,0.0007723247648728513
P3TLH_CATGACACATAGACTC_1,0.0007711423985163389
P5TLH_GTGCTTCGTCTCCCTA_1,0.0007666670444052081
P1TLH_CTACATTAGTAGGTGC_1,0.0007659863649616417
P3TLH_GTCGGGTGTAACGTTC_1,0.0007617194422230423
P3TLH_GTTCTCGGTAACGCGA_1,0.0007601100770803775
P4TLH_GTCGGGTAGTACGACG_1,0.0007599686439594113
P1TLH_GTCGGGTCATTGGTAC_1,0.0007558182298362988
P5TLH_TCGCGTTTCCTTCAAT_1,0.0007453964529349452
P3TLH_CTGATCCAGAGCTATA_1,0.0007417249584337916
P5TLH_AGAGCTTTCATCACCC_1,0.0007413523203945619
P3TLH_CTAGTGATCTCGCTTG_1,0.000740165761357221
P4TLH_TTCTTAGTCGGTGTTA_1,0.0007391133147016441
P3TLH_ACCAGTACATGAACCT_1,0.0007385778855095106
P1TLH_GGCGACTAGAGTAAGG_1,0.0007330228318447858
P1TLH_GTTCTCGAGAGACTAT_1,0.0007327007691848053
P1TLH_CCTTTCTCATCTCGCT_1,0.0007320882992162507
P1TLH_GGATGTTAGCCACGTC_1,0.0007304662481449577
P4TLH_TCGCGTTTCAAAGTAG_1,0.0007278618069422051
P5TLH_AGACGTTGTTCAGGCC_1,0.0007273040611256265
P3TLH_GACGGCTTCCCAAGTA_1,0.0007264037713186822
P4TLH_AACTCCCTCAGATAAG_1,0.0007253573187163046
P5TLH_TGCGCAGTCAATAAGG_1,0.0007248260263204337
P1TLH_CATGGCGTCTAACGGT_1,0.0007239110728201974
P1TLH_TCTGAGATCATGCAAC_1,0.0007230464662577278
P4TLH_CCGTACTAGTGCGATG_1,0.0007216619625259487
P4TLH_TACAGTGCATTACCTT_1,0.000717934411510005
P5TLH_TACCTATCAGTTCCCT_1,0.0007131807317187023
P2TLH_CTTCTCTCACGAGAGT_1,0.0007118892676837424
P3TLH_GCACATATCCATGAGT_1,0.0007106597988549121
P1TLH_TTCGGTCTCCGAGCCA_1,0.0007076391479085819
P5TLH_AACTCTTAGAAACGAG_1,0.0007063835855128552
P1TLH_CCACGGATCACCCTCA_1,0.0007062867777291858
P4TLH_ATCATCTAGCCCAATT_1,0.0007031258251062633
P3TLH_GTTACAGCACGGACAA_1,0.0006972264602277867
P2TLH_GACAGAGTCATCTGTT_1,0.0006959453766618885
P5TLH_GATCAGTCACTGTGTA_1,0.0006862086486162545
P5TLH_AGGGTGAAGGAGTTTA_1,0.0006850514376934057
P3TLH_CCATGTCCACCAGGTC_1,0.0006835387579105161
P1TLH_TCAGGTAGTTGCTCCT_1,0.0006823179193765285
P4TLH_CTGATAGTCCTAAGTG_1,0.0006815172569226744
P5TLH_AACTTTCTCTTATCTG_1,0.0006776089247017766
P5TLH_CGTCTACCATGTAAGA_1,0.0006775424076774559
P3TLH_AGAGCGACAGGAATCG_1,0.0006758659010560606
P1TLH_GCTTGAATCGCCTGTT_1,0.0006726571712563002
P5TLH_TACACGACACACATGT_1,0.0006702857177027826
P5TLH_CGTTCTGTCATCTGTT_1,0.0006680619217506584
P3TLH_TGAGAGGAGTGTACGG_1,0.000667846045683758
P4TLH_TGGTTCCGTTGAGGTG_1,0.0006619477010381849
P1TLH_TTCTCCTTCCCGGATG_1,0.0006618955206779717
P3TLH_ATCTACTAGTGCCATT_1,0.0006616911783672015
P4TLH_AAGCCGCAGACTTGAA_1,0.0006573042768348812
P1TLH_TACCTATGTAGAAGGA_1,0.0006540479459673703
P4TLH_ACTGAACGTGTCGCTG_1,0.0006536065543139432
P5TLH_CATTCGCTCGCAAGCC_1,0.0006524320255464769
P5TLH_CCCATACAGTTGTAGA_1,0.000647087597750361
P5TLH_CATGACATCCACGACG_1,0.0006465069778317623
P3TLH_GATGCTAAGGCCCTCA_1,0.0006448963157524296
P4TLH_TCACAAGCACGGTGTC_1,0.0006438081165312911
P3TLH_TACGGATGTAAACGCG_1,0.0006423116972561413
P1TLH_CGGCTAGGTTAAGTAG_1,0.000641116393051062
P4TLH_CCTTCCCCATCACGAT_1,0.0006405559870166915
P1TLH_GTGAAGGTCCTTTACA_1,0.0006404868998229425
P1TLH_GTATCTTGTTCGCGAC_1,0.0006404111552526741
P3TLH_CGGAGTCGTCGGGTCT_1,0.0006379764780220385
P3TLH_CACAAACAGGGAAACA_1,0.000628162394814355
P3TLH_CACAGGCAGGAGTTTA_1,0.0006253174379705757
P1TLH_CTAAGACTCAGGTTCA_1,0.0006251871219615873
P4TLH_AAACGGGGTCATACTG_1,0.0006242523873307833
P4TLH_CTGATCCTCCAAGCCG_1,0.0006237586056943591
P2TLH_TAGACCATCTAACTGG_1,0.0006210837737380743
P3TLH_GGCGTGTTCCAAACAC_1,0.0006181707458436691
P1TLH_TCTATTGGTGTGTGCC_1,0.000616467506130546
P4TLH_TCGGTAATCGGCGCAT_1,0.0006159260710534855
P4TLH_AAACGGGAGATATGGT_1,0.0006158550665099014
P3TLH_GACTAACAGTCACGCC_1,0.0006137754335657534
P1TLH_CCGGGATAGATCCCAT_1,0.0006113541280791016
P3TLH_GATCTAGAGTACGTTC_1,0.0006110631913531055
P5TLH_GTTCATTAGGGAAACA_1,0.0006107368934830845
P1TLH_GGACAGAGTCTCGTTC_1,0.0006023325363638815
P4TLH_GTGCTTCGTATATCCG_1,0.0005965874012725275
P3TLH_CTGAAGTTCTGCCCTA_1,0.0005963219409409002
P2TLH_GAAGCAGGTAAACACA_1,0.0005941941426818626
P3TLH_GGGTTGCAGCCCTAAT_1,0.0005941495181961729
P5TLH_AATCGGTTCATCATTC_1,0.0005940525893067847
P3TLH_CTGCGGACAATTCCTT_1,0.0005931471683508281
P1TLH_CCTATTAAGTGAAGAG_1,0.0005890432941244453
P4TLH_CACACCTCAATAAGCA_1,0.0005884372112572336
P5TLH_CCGTTCAGTTCAGACT_1,0.0005868164057576278
P1TLH_ACCGTAACACAACTGT_1,0.000583458629488662
P2TLH_TGACTAGCAGCCTGTG_1,0.0005798812418056776
P3TLH_ACACCAACAGGCTCAC_1,0.0005792619983308906
P3TLH_ACATGGTAGAAACGAG_1,0.0005791138545504149
P1TLH_ACTGAACGTGAGGCTA_1,0.000577890976865379
P1TLH_ATGTGTGAGGAATGGA_1,0.000576249402322968
P3TLH_TTGTAGGCAGCGTTCG_1,0.0005752059996914044
P3TLH_AAGGAGCAGACCACGA_1,0.0005741644981200833
P4TLH_AACTTTCTCGTTTGCC_1,0.0005738068624759761
P1TLH_TACGGGCCAAGCCCAC_1,0.000572918533750118
P3TLH_GCGCCAACAAGACGTG_1,0.0005719790918067834
P3TLH_AGCTTGAAGTCCTCCT_1,0.0005680846865456075
P3TLH_CGGACACCAGGAATCG_1,0.0005674881568593208
P5TLH_GTCGTAAGTGTTGGGA_1,0.0005657194272348361
P3TLH_CACATAGGTGTGACCC_1,0.0005656603851368126
P4TLH_CTCGAAAGTGTTTGGT_1,0.0005653701563852268
P4TLH_CACATTTAGAGACTAT_1,0.000563704599929849
P4TLH_TTTACTGTCCACTCCA_1,0.0005612645097225681
P1TLH_GATCAGTCACGAGAGT_1,0.0005607703690655054
P5TLH_GTCTTCGGTATAGGTA_1,0.0005605979538688128
P4TLH_CTTTGCGGTATAATGG_1,0.0005605382635117869
P5TLH_CCATGTCAGTGAAGTT_1,0.00055960901499956
P4TLH_CTAGTGACAATCGAAA_1,0.0005574395823255323
P4TLH_CATGACAAGAGGACGG_1,0.0005561035385255732
P5TLH_AACTTTCCATGCTGGC_1,0.0005556384456160297
P5TLH_TATGCCCAGCTAGTCT_1,0.0005527329469328167
P3TLH_CACACTCGTCGCGAAA_1,0.0005513870636475033
P1TLH_CCAATCCAGATCGATA_1,0.0005513732868023105
P5TLH_TACCTATTCCTGCCAT_1,0.0005484789170974349
P4TLH_TGCGCAGCATGGTTGT_1,0.0005481784229306286
P1TLH_GTACTCCCAGATGGGT_1,0.0005456626443537362
P1TLH_TGCGGGTAGGTGATAT_1,0.0005455527859447663
P5TLH_ATGTGTGTCGCATGAT_1,0.0005438041056649014
P4TLH_CGGAGTCGTCGACTGC_1,0.0005436313836760408
P4TLH_ATCCACCTCCTTTCGG_1,0.0005429082822914796
P5TLH_CTTACCGCATCCCATC_1,0.000541576510280925
P3TLH_CAGCATATCTTGAGAC_1,0.0005405135346521008
P5TLH_GCGCGATGTCGCTTCT_1,0.0005388604455808338
P3TLH_CGAGAAGGTAGAGCTG_1,0.0005387243279947919
P4TLH_CCGTTCATCTTGTATC_1,0.0005377600042176152
P1TLH_CATGACAAGGGCACTA_1,0.000537246714901266
P1TLH_CTAAGACAGCGCCTCA_1,0.0005370981433026511
P5TLH_TCGAGGCTCAAGATCC_1,0.0005361417983642189
P5TLH_AAAGCAATCCTACAGA_1,0.0005359080672915406
P3TLH_TTCGGTCTCCCATTAT_1,0.0005355686568422689
P4TLH_CTCATTAAGTCGATAA_1,0.0005348285425184906
P1TLH_CGGGTCAAGGCCGAAT_1,0.0005342157154301704
P4TLH_ACAGCCGTCGAACTGT_1,0.0005333153434623289
P4TLH_CGTCTACGTGGCTCCA_1,0.0005332049317608502
P3TLH_CACACTCGTGTGCGTC_1,0.0005326952319639764
P1TLH_AGGGTGACAGAGCCAA_1,0.0005303709210098961
P3TLH_GATCGCGCAACTTGAC_1,0.0005280372747593891
P5TLH_GAGTCCGAGCTTCGCG_1,0.0005278612336891656
P4TLH_CACACCTGTGCACTTA_1,0.0005270087623815262
P5TLH_ATTGGTGGTGAGTGAC_1,0.0005266605000204343
P5TLH_GTTACAGGTTATGTGC_1,0.0005262665458626397
P3TLH_TGCCCATGTGCAGTAG_1,0.0005259302664800301
P2TLH_TGTCCCATCGCCAAAT_1,0.0005258978570086873
P1TLH_CACACCTCAACTGGCC_1,0.0005253647608262685
P5TLH_CCACTACAGATGGGTC_1,0.0005241428244115946
P5TLH_AACGTTGCAAGTACCT_1,0.0005224266412361563
P1TLH_GAACCTATCCTTCAAT_1,0.0005163949696230427
P2TLH_GCTGCTTTCTTTAGTC_1,0.0005137871801244814
P4TLH_AAGTCTGGTGGTTTCA_1,0.0005136073200425287
P2TLH_CCTTCCCAGCTAACAA_1,0.0005133322199247836
P1TLH_GTTCTCGAGTTCGCGC_1,0.0005126389305737237
P5TLH_ACGCAGCTCGGTCTAA_1,0.0005117052437207182
P2TLH_AGGGATGCAACACCTA_1,0.0005109973816992475
P1TLH_CACACAAAGGGCACTA_1,0.0005096901976349037
P5TLH_CGTCAGGGTCAATGTC_1,0.0005093560012711509
P3TLH_CATCAAGGTACCGCTG_1,0.0005092593363910723
P5TLH_TCTTTCCTCCTTTCTC_1,0.0005081745795705145
P2TLH_CGAATGTAGTCCGGTC_1,0.0005079248339732726
P1TLH_ACTTTCATCGGCATCG_1,0.0005077475228177701
P1TLH_CGGGTCACACATGTGT_1,0.0005072195909065114
P3TLH_GTCTTCGAGTCCTCCT_1,0.0005066611628296313
P5TLH_TACGGGCTCTTAACCT_1,0.0005055216590523613
P4TLH_GAGGTGATCCCGGATG_1,0.0005054740546036601
P4TLH_CTCATTATCTGTGCAA_1,0.0005030224204380698
P5TLH_TCTCATAGTTCACCTC_1,0.0005024493302910262
P3TLH_ACGGAGACATGTTGAC_1,0.0005023683476421588
P4TLH_CTGAAACTCTGCCCTA_1,0.00050235657418015
P1TLH_CACAGTAGTCTGGAGA_1,0.0005022620932372392
P1TLH_GACGCGTAGACCTTTG_1,0.0005022139914973755
P3TLH_GACTGCGCACCCAGTG_1,0.0005020164032126014
P3TLH_TTAGTTCAGAGTACCG_1,0.0004990828106894133
P5TLH_ATCTACTGTCTAGGTT_1,0.0004979048395660306
P5TLH_GAAACTCGTACCAGTT_1,0.0004975632546184595
P2TLH_GTGCGGTTCCCGACTT_1,0.0004965108179721807
P5TLH_GCAGCCATCACCGTAA_1,0.0004963868721270347
P4TLH_GACGTTAAGGATGTAT_1,0.0004959972552482018
P1TLH_CTTTGCGAGGATGTAT_1,0.000495504012228246
P1TLH_GCATGTATCGGTGTCG_1,0.0004944975272519398
P4TLH_CACAGTAGTAATTGGA_1,0.0004932651490367181
P3TLH_ATTGGTGGTTATCCGA_1,0.0004919673384207281
P5TLH_GCATGATAGAGCTTCT_1,0.00048648156764904065
P3TLH_CTGATAGTCAGTTTGG_1,0.0004860423917241144
P4TLH_GTGTGCGAGGCGCTCT_1,0.0004853425300346072
P1TLH_CGGAGTCAGTTGCAGG_1,0.0004839146475528187
P2TLH_GTAACGTGTCATGCCG_1,0.000483889732740027
P5TLH_CTCAGAATCTTGTTTG_1,0.0004836917321593818
P3TLH_GACTACAGTATGGTTC_1,0.00048255357692216823
P5TLH_CACCAGGCACAACGTT_1,0.000482195114631567
P1TLH_CTTCTCTAGGAATTAC_1,0.00048201619729526366
P4TLH_TACACGAAGGTCATCT_1,0.0004806179149024904
P1TLH_TTGACTTTCTCAACTT_1,0.0004804463454149566
P5TLH_GCGACCACAATAGAGT_1,0.000479216808174447
P4TLH_CGTAGGCAGGCTAGAC_1,0.00047863326561528336
P1TLH_CGTGAGCTCCTGCAGG_1,0.00047723133006341036
P5TLH_GCACATATCATTGCCC_1,0.0004770656241852141
P1TLH_ACTTTCAAGACTGTAA_1,0.0004759482678408492
P1TLH_CTAACTTGTCCAGTTA_1,0.00047496090794249703
P1TLH_TACGGATAGATGCCAG_1,0.0004742717779023573
P1TLH_TGAGCATGTATTACCG_1,0.000473247764232128
P4TLH_CTGATCCGTTCTGTTT_1,0.0004731497054991631
P3TLH_ACGGGCTTCCATGAAC_1,0.00047289497136856676
P5TLH_CCGTTCACACTAGTAC_1,0.00047044353523760236
P4TLH_GACTGCGGTAAGGGCT_1,0.000469698893365218
P3TLH_TGTTCCGTCAAGCCTA_1,0.0004689862995798034
P3TLH_GTTACAGGTGGTAACG_1,0.00046870785823289904
P4TLH_CGGACACTCCTACAGA_1,0.0004684802229343346
P4TLH_AGTTGGTCAGCCTATA_1,0.0004671617302742749
P2TLH_CTTAGGAGTACCCAAT_1,0.00046643938692152533
P5TLH_TGCTACCCAGTGACAG_1,0.0004662678186303687
P3TLH_TCGCGTTGTCGCTTTC_1,0.0004659826643472938
P4TLH_CTCGGGAGTCGCGTGT_1,0.00046547511349117113
P5TLH_CGGAGCTCAACTGCTA_1,0.00046486900573199335
P3TLH_GACCAATGTTTGGCGC_1,0.00046471113281131075
P3TLH_ATGAGGGAGCATCATC_1,0.000464682091877131
P4TLH_CCTTACGCATTGCGGC_1,0.0004632340436272144
P2TLH_GTCAAGTCATCGGGTC_1,0.0004630830536779206
P5TLH_TACTTGTAGCGCTCCA_1,0.0004627300575493687
P4TLH_CTAAGACTCTGCTGTC_1,0.0004626795075004087
P1TLH_CCTTACGTCCCTAATT_1,0.0004608857739724901
P5TLH_GAAACTCAGGCGTACA_1,0.0004606774192014933
P4TLH_GTATCTTGTTCACCTC_1,0.0004605922867715823
P5TLH_GTGCATAGTTATCCGA_1,0.0004604106037056386
P2TLH_ATCATCTGTCGCGGTT_1,0.000459445352881885
P2TLH_CGTAGCGCACGGATAG_1,0.0004593294791187296
P1TLH_ACTATCTAGTCGCCGT_1,0.0004591747144957677
P4TLH_TCTTCGGCACCTGGTG_1,0.00045862562081285283
P5TLH_CTCGTCAAGAGTGAGA_1,0.0004575285572883062
P1TLH_ATTATCCGTCGACTAT_1,0.00045726664934792456
P4TLH_TGCACCTGTTGCTCCT_1,0.0004562420161765606
P3TLH_AAGGTTCTCTGCCAGG_1,0.00045595218015235953
P4TLH_ATGAGGGCAAGTCATC_1,0.0004554718225342358
P5TLH_TTTGTCAGTTTAGGAA_1,0.0004545933233246321
P3TLH_GCTTGAACATCCTAGA_1,0.0004505691005466315
P4TLH_TTAACTCAGAGCCTAG_1,0.000449633058505196
P3TLH_AGTTGGTGTTCATGGT_1,0.000449352348368295
P5TLH_GTGCATAGTACTCGCG_1,0.00044911544117087694
P4TLH_CAGCTGGGTCACACGC_1,0.00044909031911332444
P4TLH_TACGGGCAGCTGCCCA_1,0.0004490715703027581
P4TLH_CCTAGCTCACAGGAGT_1,0.0004485766994437278
P4TLH_CATCAGAGTACCTACA_1,0.0004479243228696046
P3TLH_TGAGCATAGCTTCGCG_1,0.0004465878245632438
P4TLH_CACAGGCCATGCATGT_1,0.0004464241718276152
P4TLH_TTGAACGAGCTAGTTC_1,0.0004457459061595965
P4TLH_AACTCCCAGCCACGTC_1,0.00044548334690880094
P4TLH_CTGATAGGTCTCTTAT_1,0.00044529825296356026
P4TLH_AGGCCACAGACACGAC_1,0.000445057291840814
P3TLH_ACATCAGTCGGTGTTA_1,0.0004438096905925655
P5TLH_ACTGCTCTCCTAGTGA_1,0.0004436032300530524
P1TLH_TGAGCATTCAACACCA_1,0.000443519691642731
P4TLH_AACACGTCAGCTGTTA_1,0.00044338948477576535
P3TLH_ACGAGGATCCGCGGTA_1,0.0004425918498270574
P4TLH_AGTGTCATCGTACCGG_1,0.00044228703068660444
P3TLH_GGTGCGTTCCAACCAA_1,0.000441610871762791
P3TLH_TGCCCTAGTCTGCGGT_1,0.000441296133339504
P4TLH_CGCTTCATCTGAGGGA_1,0.00044105874208762754
P1TLH_CAGTCCTGTTGGTGGA_1,0.0004408027062627612
P2TLH_CAACCTCTCTGCTGCT_1,0.00043992099381124955
P5TLH_AGTGAGGAGCAACGGT_1,0.00043866738659294776
P4TLH_CCTACACTCACCATAG_1,0.0004383810938105042
P4TLH_ACTTGTTTCTAACTCT_1,0.0004375345444400838
P5TLH_CGACCTTGTCACCCAG_1,0.0004372208840907265
P1TLH_TCTTCGGGTGATGCCC_1,0.0004354663946342909
P3TLH_ATCTGCCGTTCCACTC_1,0.00043507444953516693
P5TLH_GGATGTTAGAATTGTG_1,0.00043501149952107355
P4TLH_CGGAGTCGTTCATGGT_1,0.00043493438842924037
P1TLH_CTGCTGTAGCAATCTC_1,0.00043417681385359735
P5TLH_TTTGTCAGTCAGGACA_1,0.0004335888678761688
P1TLH_ATGGGAGGTGGGTCAA_1,0.00043340277160731287
P1TLH_CTCAGAACAGTCGATT_1,0.00043334992773942595
P4TLH_TTAGGACAGCATCATC_1,0.0004326257655569259
P3TLH_GTGCATACATTAGGCT_1,0.0004324203032575525
P3TLH_CTGGTCTCAAGGTTTC_1,0.0004322736008121082
P4TLH_ATCCACCGTGCCTGGT_1,0.0004308972808820041
P3TLH_CATCAGAAGTCGTACT_1,0.0004308509717966913
P1TLH_GACTAACCAAGCGATG_1,0.0004306940736161997
P1TLH_TCCACACCACCACCAG_1,0.00043060030193225167
P5TLH_TGTGGTAGTACCGTTA_1,0.0004304481362836592
P1TLH_GAACCTAAGCTCAACT_1,0.0004295414290815087
P1TLH_GCTCCTAAGAGTCGGT_1,0.0004290463932868485
P3TLH_TCGGGACTCAACACAC_1,0.0004288894521998278
P3TLH_CGGAGCTCATCTGGTA_1,0.00042859974255726735
P5TLH_CGTGAGCCAGACACTT_1,0.00042844148622557494
P1TLH_CTCGGAGCATTCTCAT_1,0.0004282537087977907
P3TLH_ATCCACCGTGATGTCT_1,0.00042816292428132454
P1TLH_TTCTACACATCGGACC_1,0.0004277283905922102
P1TLH_GTCCTCATCCACGACG_1,0.0004273631322216703
P4TLH_AATCCAGCAGAAGCAC_1,0.00042668188444558745
P4TLH_CATTATCTCACCACCT_1,0.00042659642763990033
P5TLH_CCTACCATCTTCGGTC_1,0.0004264150672693826
P4TLH_GACACGCCAGTTCATG_1,0.00042596866699865096
P5TLH_ACGATGTCAACCGCCA_1,0.00042537722943004745
P5TLH_CTTACCGTCAGTGCAT_1,0.00042433993221725004
P1TLH_CCTAGCTCATTGGGCC_1,0.00042377571955251164
P4TLH_GGGCACTAGACACTAA_1,0.00042223033839111493
P3TLH_CCTCTGAGTACGCTGC_1,0.00042190089341491915
P5TLH_TTGACTTTCTAACCGA_1,0.00042186622285297784
P5TLH_CACATAGCAAGCCCAC_1,0.000421020949569411
P4TLH_CATATGGTCAGCTCTC_1,0.0004205518604989955
P4TLH_ATGGGAGGTAGCGCAA_1,0.00042037910530956475
P3TLH_CCTATTACATCGGTTA_1,0.0004203445297209444
P3TLH_GCGGGTTAGTACGTAA_1,0.00041957760316278786
P4TLH_CATGCCTAGAGCTGCA_1,0.0004193932140515051
P1TLH_GGACATTAGTCGCCGT_1,0.0004192078173425121
P3TLH_CGCTTCACACACAGAG_1,0.0004191397036232689
P1TLH_TGAAAGAGTCCAAGTT_1,0.0004190918422698772
P3TLH_CGATCGGTCGGAGGTA_1,0.0004188937970858275
P2TLH_AGTTGGTTCGCAAGCC_1,0.0004188050364212209
P3TLH_CTCAGAACATGAGCGA_1,0.0004170458485455552
P3TLH_GGACATTTCCATTCTA_1,0.0004170137333209252
P1TLH_CAAGAAATCGTTTATC_1,0.000416686492915691
P4TLH_AGCTCCTTCTGCGTAA_1,0.0004166118935065492
P4TLH_ACGATGTCATGTCGAT_1,0.00041647738218610975
P4TLH_ACGATACCAGATCTGT_1,0.00041573784390279867
P1TLH_GTCAAGTTCTCTTATG_1,0.00041565116067829083
P2TLH_CTGATAGCAAAGGCGT_1,0.0004153146580160314
P3TLH_CAGAGAGAGTAGTGCG_1,0.0004139627459949999
P5TLH_CGCGGTAAGAAACGCC_1,0.0004129269109329273
P3TLH_ACAGCCGCATGGTCTA_1,0.0004121804274442608
P2TLH_TGACGGCAGAGATGAG_1,0.0004119589849967736
P3TLH_AGCGTCGTCAGTTAGC_1,0.00041135589024702423
P4TLH_CTACACCCAGTTAACC_1,0.0004112286670959546
P1TLH_TCGCGAGAGCTGCGAA_1,0.0004108840163829242
P3TLH_TAGAGCTTCACCTTAT_1,0.00040989069197639496
P2TLH_ATTGGTGAGATGCGAC_1,0.00040988260652656175
P5TLH_ATCGAGTGTAAGAGGA_1,0.0004088661111997674
P4TLH_TCAATCTAGTAGGTGC_1,0.0004083601853607105
P3TLH_GGCGTGTTCAGTTAGC_1,0.0004079685676983061
P4TLH_CTAGAGTCACTCAGGC_1,0.00040784833115800015
P4TLH_AGCAGCCCATTGGGCC_1,0.0004074741055687743
P4TLH_ATCCACCCAAGTCTGT_1,0.0004070086350764612
P3TLH_GGTGCGTTCGAGGTAG_1,0.0004064358125737234
P4TLH_TCGTAGAGTTAAGGGC_1,0.000406185337016258
P4TLH_CGTAGGCTCGGCATCG_1,0.00040568911145641944
P3TLH_AAACCTGCATGCCCGA_1,0.0004049596963982956
P4TLH_AAAGATGTCATCGCTC_1,0.00040475260748924936
P3TLH_GTGCATACATCCGCGA_1,0.00040441464634355693
P1TLH_GACCTGGGTAGTAGTA_1,0.00040246689465590587
P1TLH_CGAGAAGGTTATGCGT_1,0.00040213303043252146
P4TLH_CGCCAAGGTCTGGAGA_1,0.0004020127704716871
P5TLH_CATCAAGGTTTGGGCC_1,0.00040102243999650056
P5TLH_CGACCTTCACAGAGGT_1,0.00040077709018040763
P2TLH_GTAGTCAGTACGAAAT_1,0.0004007141159166588
P4TLH_CTCGAGGCAGGATCGA_1,0.00039989237044480824
P1TLH_CCTTACGCACTACAGT_1,0.0003996525625085687
P3TLH_TGGGCGTTCAGTTCGA_1,0.0003992670770555977
P1TLH_GACGTGCTCTTCGGTC_1,0.00039925281868789965
P3TLH_CAGTAACAGCCAGTAG_1,0.0003991831175267004
P1TLH_CATTATCGTTATCGGT_1,0.00039860418729679905
P4TLH_TCTCTAAGTCCGAGTC_1,0.0003975750851728914
P4TLH_GCTGGGTTCGTTACAG_1,0.00039685375693984345
P1TLH_TTCGGTCGTTACAGAA_1,0.00039667225315314877
P5TLH_TGCTACCTCGTGGACC_1,0.00039643760199027363
P5TLH_ACGCCGAGTACGCACC_1,0.0003963386929137378
P5TLH_CAGTAACTCGCTGATA_1,0.00039492112517016206
P5TLH_CTCGTCAAGTTAACGA_1,0.000394904902916759
P3TLH_TATTACCAGGATTCGG_1,0.0003948626724711641
P4TLH_AGGTCATCATGTCGAT_1,0.00039445152215825775
P1TLH_CTCAGAATCATATCGG_1,0.0003940118204039571
P4TLH_AAGTCTGGTCTAGTCA_1,0.00039348149684154056
P1TLH_GATCAGTCACTACAGT_1,0.00039333463683617403
P3TLH_GGACATTCACTGAAGG_1,0.0003931035638208101
P1TLH_TTCGGTCCAATCTGCA_1,0.00039295653455027977
P5TLH_CTCGGAGAGTCGATAA_1,0.00039274974104723797
P3TLH_GAATAAGTCGCATGGC_1,0.0003919999620038683
P3TLH_CTCGTCAAGATACACA_1,0.00039142496960829646
P4TLH_TACGGATAGGAACTGC_1,0.00039088717570059267
P4TLH_AGAGCGACATGATCCA_1,0.0003897639768362212
P3TLH_GACTGCGAGCCACCTG_1,0.00038940421392683186
P1TLH_CCATTCGCACTCGACG_1,0.0003884756868313503
P3TLH_GGACGTCCATCTATGG_1,0.00038802284897718013
P4TLH_CTAGAGTTCCGCAAGC_1,0.00038693243352462206
P3TLH_GCTGCAGTCGCCAAAT_1,0.00038635845854217824
P5TLH_TGGTTCCAGGCTCTTA_1,0.0003862593724078897
P3TLH_AGCTTGACATCACGTA_1,0.0003858118844409727
P1TLH_GCCTCTACACACAGAG_1,0.00038532444369793455
P4TLH_GTTCATTGTTTGACAC_1,0.0003848957210267666
P5TLH_TATGCCCAGTCAATAG_1,0.00038462950173324175
P4TLH_TGCCCATTCTAACTTC_1,0.0003842926802650518
P4TLH_CTCGTCAAGCCGTCGT_1,0.00038427469217624225
P2TLH_CGAGCCAGTCACCCAG_1,0.00038245765563971445
P1TLH_AACTTTCCATACGCCG_1,0.0003824152478828183
P3TLH_AGTAGTCGTCTAGTGT_1,0.000381707204722666
P5TLH_TACTTGTTCACTATTC_1,0.00038167291056053095
P1TLH_CCTAAAGCAGCGATCC_1,0.000381511694842262
P4TLH_CGGACACGTACTTGAC_1,0.00038144378261597883
P1TLH_GGGAATGCACAGCGTC_1,0.0003811029667855779
P5TLH_TCAGATGTCCAGGGCT_1,0.0003806016792675811
P4TLH_GTCCTCACACATTAGC_1,0.00038051673370014156
P5TLH_GACACGCGTTGGTTTG_1,0.00037947197033995643
P2TLH_CTTAACTCACCTATCC_1,0.0003788768811791556
P1TLH_AAAGTAGCAGACGTAG_1,0.0003786769217423511
P5TLH_GACGCGTTCCCGACTT_1,0.0003785865599718985
P1TLH_GCGCAACTCAAGGCTT_1,0.0003782344605802235
P3TLH_CGGACACCACGGTGTC_1,0.00037793543964120466
P3TLH_TAAGAGAAGGTGATAT_1,0.0003773891866079424
P5TLH_AGACGTTTCTTGCATT_1,0.00037701517763445545
P1TLH_TCACGAATCGGCCGAT_1,0.00037663371037933215
P4TLH_CTAGAGTCAGCAGTTT_1,0.00037661522332052924
P1TLH_ACGGAGAAGCGCCTTG_1,0.00037656070149202556
P5TLH_CAAGAAAAGACAGGCT_1,0.00037617902491788246
P3TLH_TCAACGATCAGTACGT_1,0.0003757462026294712
P1TLH_ACGAGGAGTGCGAAAC_1,0.0003754186505497421
P4TLH_ACGATGTTCCATGAAC_1,0.0003744540008583131
P5TLH_CCGTACTGTTTAGGAA_1,0.00037444624998378976
P3TLH_TGCCCATGTAATAGCA_1,0.00037427856927746303
P3TLH_CATGCCTTCCTGTAGA_1,0.0003737608021520913
P3TLH_CTAGAGTCAACTTGAC_1,0.00037353185516700185
P4TLH_TTGACTTCAGCATGAG_1,0.00037350961413715135
P1TLH_GCGCAACAGGCTATCT_1,0.00037328324745952804
P4TLH_TATGCCCTCTACTATC_1,0.00037302665905528576
P4TLH_CGTTCTGCAGGGTATG_1,0.00037258726442262997
P2TLH_CATGCCTCACATGGGA_1,0.00037241921935764427
P3TLH_CACTCCATCGTGACAT_1,0.0003717765213669192
P5TLH_ACACCCTTCCACGAAT_1,0.0003715661459616725
P4TLH_CAAGAAAGTTTGTGTG_1,0.00037080105143493403
P5TLH_GGCGTGTCAGTCCTTC_1,0.00037079443977880097
P5TLH_GTGCATACAGACGCCT_1,0.00037062690760182577
P2TLH_TTTACTGGTTGAGTTC_1,0.00036995287802470275
P3TLH_ACCGTAAGTCCAGTAT_1,0.0003699032252168908
P4TLH_GGAACTTGTTCCATGA_1,0.00036963749353989165
P3TLH_AACGTTGAGTTAGGTA_1,0.0003690029995843672
P1TLH_GTGCTTCAGTCCTCCT_1,0.00036845620652100545
P1TLH_TAAGAGAGTCGGCTCA_1,0.0003682667052507319
P3TLH_TCTGAGACACAGACTT_1,0.00036688675612714177
P1TLH_CCAATCCGTTAAGTAG_1,0.0003663445194000329
P5TLH_GACGTTAAGTCGATAA_1,0.00036617881018081576
P3TLH_CGCTGGACAATCACAC_1,0.0003661710289830006
P1TLH_CAACCAATCACATAGC_1,0.00036608346097314774
P3TLH_TGTGTTTAGGCTAGGT_1,0.00036551998809195577
P1TLH_GAACCTACAAAGGAAG_1,0.000365512268749773
P3TLH_ACGCCGAAGGTGCTAG_1,0.0003651908547182649
P1TLH_GCGACCATCTGCAGTA_1,0.00036511572878240286
P4TLH_CAGCGACTCCGCATAA_1,0.0003649928008052879
P3TLH_CGAATGTCACAACTGT_1,0.0003639061739233316
P4TLH_GGCCGATAGCCACGTC_1,0.00036380895424716726
P3TLH_ACGCAGCAGAACAATC_1,0.00036335915407837983
P3TLH_ATCATGGCATGGGAAC_1,0.00036289354825690985
P3TLH_CCGTACTTCTGTCCGT_1,0.0003625848264015886
P1TLH_ACTGATGTCAACACGT_1,0.0003625221870211956
P5TLH_AAACCTGAGTACGTTC_1,0.00036252044747486404
P1TLH_TACACGAGTCGCATAT_1,0.00036239802987975275
P1TLH_ATAACGCGTTACAGAA_1,0.0003623343531222185
P2TLH_GCGCGATAGTATTGGA_1,0.0003620977829754225
P3TLH_AGGGATGTCCTTGGTC_1,0.0003614771182275601
P4TLH_CGTGTAACAGTCCTTC_1,0.000361136648562024
P4TLH_CCTACACTCATGTAGC_1,0.00036090337599107593
P1TLH_AGCTCTCCAACAACCT_1,0.00035945175323969306
P1TLH_TCTCATATCAACCAAC_1,0.0003590440289746364
P1TLH_CTAAGACTCGACGGAA_1,0.00035874277325658566
P2TLH_GCAGCCAGTAGTGAAT_1,0.00035858870382778275
P1TLH_ATTGGTGCAAGTCTGT_1,0.0003582038985983713
P2TLH_GTCACGGTCAGCTCTC_1,0.0003571942929509756
P4TLH_TATCTCAAGGCCGAAT_1,0.0003570458609041244
P1TLH_CTGATAGGTTCCGGCA_1,0.00035673379780419876
P5TLH_CAGCCGACATCTACGA_1,0.0003562454970307525
P3TLH_ATAGACCCACTTCTGC_1,0.0003561509208719734
P5TLH_GCAGTTATCACAACGT_1,0.00035603310785389087
P3TLH_TGGACGCGTAGCTAAA_1,0.00035545764679672154
P5TLH_TGACAACGTTTGTTTC_1,0.00035541585030380484
P5TLH_GGGTTGCCATGCTGGC_1,0.00035523996937673636
P4TLH_TATTACCGTTGTGGCC_1,0.0003552048521512798
P4TLH_TCAGATGGTGTTTGTG_1,0.00035512767195707153
P4TLH_AGCGTCGCACCGATAT_1,0.0003540903663318987
P5TLH_CTGTGCTGTCATACTG_1,0.0003534726420705291
P1TLH_CGATGTACAGCTGCAC_1,0.0003526908905884294
P3TLH_TCAGGTACATGGGACA_1,0.00035250238608550583
P5TLH_GCAATCAAGTGTGAAT_1,0.0003524229966592611
P1TLH_CCATTCGAGGCGCTCT_1,0.00035225235836719307
P4TLH_TGCGTGGTCTCGCTTG_1,0.0003521620063995255
P1TLH_TTTATGCTCCTCAACC_1,0.00035161653523070835
P3TLH_CTGCGGATCATCTGTT_1,0.00035160829516391555
P1TLH_GAATGAAGTCGATTGT_1,0.0003514430950623354
P3TLH_GGACGTCAGTGTGAAT_1,0.0003511887279419928
P1TLH_TACTCGCTCTAGAGTC_1,0.0003509341978295727
P1TLH_AGAGCTTAGGAGTAGA_1,0.000350551818266108
P3TLH_GATTCAGTCCTTGGTC_1,0.00035031308721622664
P2TLH_AAAGTAGGTCTTCTCG_1,0.00035019575974101514
P1TLH_GGGTTGCGTTCAGACT_1,0.00035017683333617194
P4TLH_GTCTTCGTCCGTAGTA_1,0.0003501528441584179
P3TLH_AACACGTCAGCTGCTG_1,0.000349991399167817
P4TLH_TTTGGTTTCTGATTCT_1,0.0003494606108843635
P4TLH_CTGAAACGTTGATTGC_1,0.0003490700344814188
P3TLH_TGTATTCGTAAATACG_1,0.0003489702526740942
P3TLH_TACTTGTAGACAGAGA_1,0.0003484655490161358
P3TLH_TGTGGTATCAACACTG_1,0.0003479171460138923
P5TLH_CATCCACAGAGTCTGG_1,0.00034780447004547786
P3TLH_CGGAGCTCACAGGAGT_1,0.0003477546461160968
P5TLH_GTATTCTAGTACATGA_1,0.00034749993415850064
P3TLH_ATAACGCAGCACAGGT_1,0.0003473978628513061
P1TLH_CTACATTAGTGACTCT_1,0.00034722339687846804
P2TLH_ACACTGAAGGGTCTCC_1,0.0003468085086679314
P5TLH_CCACCTAAGCTAAACA_1,0.0003460118619118387
P3TLH_TGAAAGAGTGAGGGTT_1,0.00034576287758874977
P1TLH_AACTCCCAGATCCCGC_1,0.0003455053613744531
P5TLH_CAAGTTGGTGCCTGTG_1,0.0003454505065583097
P5TLH_GCGCCAATCTCCAGGG_1,0.00034520932045017916
P3TLH_CCTTCGATCACGGTTA_1,0.00034508529884201507
P3TLH_TTTGTCAGTAGCGCTC_1,0.0003448026861043101
P4TLH_GACAGAGAGACTGTAA_1,0.00034445265378317807
P1TLH_ACTTTCAGTCCAACTA_1,0.0003442316439250705
P5TLH_GGCTCGAAGTGTGAAT_1,0.000344195698680931
P1TLH_CGTCACTGTGTGACCC_1,0.0003434784264442658
P1TLH_TGAGCCGCAGCGAACA_1,0.000343116881272438
P1TLH_CGATGGCGTCATGCCG_1,0.00034307795495089875
P1TLH_CGTTGGGCAGCTCCGA_1,0.00034279899065887514
P5TLH_TTCTCCTAGACCGGAT_1,0.00034255005353802916
P4TLH_CCTTCGAAGCAATCTC_1,0.000342539065408802
P5TLH_CACATAGCAAGTTAAG_1,0.0003418995797157993
P5TLH_AGGGAGTAGAGCAATT_1,0.00034173114068736097
P5TLH_CGTCACTGTATAGGTA_1,0.0003412719973510175
P4TLH_TTAGTTCTCGCGCCAA_1,0.00034090454519626785
P3TLH_TGCGCAGTCAACTCTT_1,0.000340899461794958
P5TLH_ATAACGCCATGCAACT_1,0.0003406215683126715
P1TLH_GTGCGGTAGTCAATAG_1,0.0003404928847746725
P5TLH_AATCGGTGTCGTTGTA_1,0.0003401072194035376
P3TLH_CCTAAAGCAGCTGTAT_1,0.00033996672492171226
P3TLH_GCACATACATCACGTA_1,0.00033865276044296234
P4TLH_TACTCATAGAAGGCCT_1,0.00033844741135868536
P5TLH_TACGGATAGGGTATCG_1,0.00033804308751391804
P1TLH_CGGACACTCGCGATCG_1,0.0003378235604650787
P5TLH_ACATACGTCCCTAATT_1,0.00033757643758209867
P3TLH_TCTGAGAGTTGTCTTT_1,0.00033723010491207197
P4TLH_CGGGTCAAGTGCGTGA_1,0.0003370544548667239
P4TLH_GACAGAGGTCTTGATG_1,0.0003368059023691831
P3TLH_CATGCCTCATAGGATA_1,0.00033679957522260255
P5TLH_GGCCGATGTCACTGGC_1,0.0003363892602008615
P4TLH_GACTAACGTGAGCGAT_1,0.00033627403312258395
P1TLH_CCCATACCAATCTACG_1,0.0003362023247494623
P1TLH_CAAGTTGAGTAGATGT_1,0.00033548385677167176
P4TLH_CCTTTCTTCGGAGCAA_1,0.0003350164772885405
P3TLH_AGCTCCTAGATGCCAG_1,0.00033490022054195943
P5TLH_CGCTTCATCAAACAAG_1,0.00033489377012245166
P3TLH_AGCGGTCAGAGGTACC_1,0.00033457832995863423
P3TLH_CACAGTATCAAGGTAA_1,0.00033455429570894364
P5TLH_GTGCTTCCAGACGCTC_1,0.00033398928854222335
P3TLH_TGCGTGGAGACGCACA_1,0.0003339842312085004
P5TLH_TCAACGATCCGGCACA_1,0.00033335001813106463
P4TLH_AACCATGAGATGCCTT_1,0.0003324853522481353
P1TLH_CACTCCACATCCAACA_1,0.0003322633969053251
P5TLH_AGGTCCGAGCAGCCTC_1,0.0003316203271350893
P1TLH_GCGCCAATCTATCCTA_1,0.0003315109687871971
P1TLH_GACTAACCAACACGCC_1,0.0003313094918368352
P5TLH_AACGTTGAGCGTTCCG_1,0.00033124774832913006
P3TLH_AATCCAGTCAGCTTAG_1,0.0003308318400242745
P4TLH_TAGACCATCCTTCAAT_1,0.0003305667950756695
P2TLH_ACCGTAAGTAGGACAC_1,0.0003302488817570725
P5TLH_CTGCTGTTCTCTGCTG_1,0.0003298544453069461
P4TLH_GCAGCCAGTTCGCTAA_1,0.0003290738320858106
P4TLH_AGCGTATGTAAGCACG_1,0.00032903016439810435
P3TLH_CAGCGACCACCTCGGA_1,0.00032896323787604177
P5TLH_GGGTCTGTCGATCCCT_1,0.0003286837226559731
P1TLH_CGTAGGCAGTTGTAGA_1,0.00032724006660097345
P5TLH_CGCTATCCAGCCTTTC_1,0.00032718148856089146
P1TLH_TGGCCAGCATCTCGCT_1,0.0003267128868932853
P3TLH_CTCAGAACAACGATCT_1,0.00032645383228951616
P1TLH_GAGCAGATCCAAGTAC_1,0.000326228048151568
P1TLH_CTACGTCTCCTCAATT_1,0.0003260247966912141
P3TLH_ACTGATGAGACAAAGG_1,0.0003259326342906522
P2TLH_GCCTCTACACAGCGTC_1,0.0003258260533419806
P3TLH_ACTTGTTCACTTGGAT_1,0.00032569558026931885
P3TLH_GATCGCGTCACCGTAA_1,0.00032555731157635464
P5TLH_TACGGTAAGCCAGAAC_1,0.000325448820738573
P5TLH_ATGCGATAGCCTCGTG_1,0.0003251831914121913
P3TLH_GCGGGTTTCTCTGCTG_1,0.000325128599503546
P3TLH_TTAGTTCCAAACGTGG_1,0.0003251052872217302
P1TLH_ACACCAACACAACGCC_1,0.0003248712064233582
P4TLH_TTAGGCATCTGTGCAA_1,0.000324708570108902
P4TLH_GCTGGGTGTTGAGGTG_1,0.0003242546640858176
P4TLH_ACCAGTACAACTGCTA_1,0.0003236900001394514
P1TLH_CCACCTAAGCCATCGC_1,0.0003235770692163575
P5TLH_CAAGGCCCATGATCCA_1,0.0003234713042207363
P3TLH_GTGGGTCCAGCTCGCA_1,0.00032338310709231316
P4TLH_CATTATCAGCGCCTCA_1,0.00032326222993974633
P1TLH_TACTCATTCAGCTTAG_1,0.0003230454356090354
P1TLH_CTGCCTAGTTCCTCCA_1,0.00032267875624188407
P3TLH_CCTTTCTTCGTGTAGT_1,0.00032242974117539813
P2TLH_TCGTACCAGCTCTCGG_1,0.00032240533863335665
P5TLH_ACGCAGCTCGCCTGTT_1,0.00032223972731396447
P2TLH_ATTCTACCATCGATGT_1,0.0003222008197511998
P1TLH_ATGCGATTCGTTGCCT_1,0.0003221017908940902
P2TLH_GGACGTCTCCCGGATG_1,0.00032208862809060415
P1TLH_CGCTATCTCACGAAGG_1,0.00032207617922118593
P5TLH_CATATTCAGTCCGTAT_1,0.000321934816644745
P4TLH_CCTTCCCCAATCAGAA_1,0.0003215541692652264
P3TLH_GCTCTGTCATGTCTCC_1,0.00032068258430117426
P4TLH_GCATGCGTCTGCTTGC_1,0.0003206111212939283
P3TLH_GACGCGTAGTTGTCGT_1,0.00031995596549075497
P5TLH_TTCCCAGGTGGGTATG_1,0.00031992403024529056
P2TLH_ACTGTCCTCTTCAACT_1,0.0003199121922340194
P4TLH_TGCGCAGTCCCACTTG_1,0.0003197129784470184
P3TLH_AGCGTCGAGGACTGGT_1,0.0003194538053142418
P3TLH_GTTCATTAGATCCTGT_1,0.00031939985475116616
P4TLH_CGCGGTACATTCCTGC_1,0.0003193960670210361
P4TLH_TACAGTGTCGTAGGTT_1,0.00031919868453426426
P3TLH_GATGAGGCATTCACTT_1,0.00031886743358188195
P4TLH_CTACACCTCCTCTAGC_1,0.0003187800165219796
P3TLH_AGAATAGGTAAGAGAG_1,0.0003187466406683377
P3TLH_TGCGCAGGTACAAGTA_1,0.0003186671681381556
P5TLH_CTTAGGATCGACAGCC_1,0.0003186202671082728
P5TLH_TCTGGAACAAGAGTCG_1,0.0003185764672708338
P5TLH_CACACCTGTATCAGTC_1,0.0003173906163508937
P1TLH_TAGAGCTAGCCATCGC_1,0.00031683355309816106
P1TLH_AAACCTGTCCTCATTA_1,0.0003165353547787807
P4TLH_TCCACACCACTACAGT_1,0.0003165093657737654
P4TLH_GCAAACTAGAAACCAT_1,0.0003163993330522638
P1TLH_CTCATTACAGACACTT_1,0.00031630460201995326
P5TLH_CCGTGGACAGCTCGAC_1,0.0003162268167677832
P1TLH_CGAACATCACGTCTCT_1,0.0003160188113870985
P1TLH_GTCACGGGTATGAATG_1,0.00031573067179109765
P3TLH_CTGCGGAGTTCTGAAC_1,0.00031571832026069783
P1TLH_TACTTACAGGACCACA_1,0.0003155565387648576
P4TLH_TTCTCAAGTACCGTAT_1,0.0003151489645706802
P3TLH_ACGGCCAGTCGCCATG_1,0.0003151473370566794
P3TLH_ATCTACTCATATACGC_1,0.00031497978124553447
P5TLH_TCGCGTTGTCTGATTG_1,0.00031489309993675083
P4TLH_GGAACTTGTTTGTTGG_1,0.00031459730122937864
P5TLH_TCTGGAAGTTCTCATT_1,0.0003145708698353314
P3TLH_CGGACTGCAAGCGAGT_1,0.00031449120585367495
P4TLH_AGAGTGGCATCAGTAC_1,0.0003143682859236415
P1TLH_CTTACCGGTCGTGGCT_1,0.00031412750652641145
P3TLH_TACAGTGGTTCCTCCA_1,0.00031404021568077697
P1TLH_GTAACGTAGCCTATGT_1,0.0003139963359453074
P2TLH_CTAGCCTGTGGTAACG_1,0.0003137337122992503
P4TLH_TAGACCATCATTATCC_1,0.0003136410679789342
P1TLH_GTCACGGAGTACGCGA_1,0.00031345338527045247
P3TLH_TACTTGTGTACAGTTC_1,0.00031343698060825584
P4TLH_AGTGTCAAGACCCACC_1,0.00031313271414564056
P4TLH_TACGGTAAGACAATAC_1,0.0003131161190870638
P4TLH_CAGATCAAGTGTTTGC_1,0.00031271849921768956
P3TLH_GGGAGATTCGCGTAGC_1,0.0003124126369968994
P1TLH_TGACTAGAGAGTTGGC_1,0.0003123678837638405
P1TLH_TGTTCCGTCGGCGGTT_1,0.00031196695055754804
P1TLH_TTGCCGTAGCACACAG_1,0.0003117158735498925
P5TLH_CTCGAGGAGAAGGTGA_1,0.00031124667834763755
P3TLH_CCTTCGATCTAACTTC_1,0.0003111691518316068
P5TLH_AACTCTTTCCTGCCAT_1,0.000311071635061353
P1TLH_CAGTAACCAAGCGTAG_1,0.0003107895875325572
P4TLH_CACATTTTCTGCCAGG_1,0.0003107757793301443
P5TLH_GACTGCGCAGATCCAT_1,0.00031070338047935474
P5TLH_TGTGGTACAATGGAGC_1,0.00030979240829660267
P4TLH_TGACTAGCACGTGAGA_1,0.00030956000688414783
P4TLH_GGCCGATGTCAGCTAT_1,0.0003093632667254825
P3TLH_GATCGTAAGATGTCGG_1,0.0003092546029233168
P3TLH_ACTTGTTCACCACGTG_1,0.0003084328344659769
P3TLH_TAGACCAAGCTCTCGG_1,0.00030825720580645536
P3TLH_TGGGCGTAGGCTCATT_1,0.00030824209462887117
P3TLH_GTCAAGTTCATCATTC_1,0.00030823430203395167
P2TLH_CACTCCATCTCTAGGA_1,0.00030813499921533987
P3TLH_TACTCATTCCCATTTA_1,0.0003081255549097856
P3TLH_TCGTAGAGTTAAGGGC_1,0.0003079074421571274
P3TLH_CCTAGCTAGTATCGAA_1,0.00030787473050623794
P4TLH_CAGTCCTGTTGGACCC_1,0.0003073370617302715
P3TLH_CGTGTAAAGTGAACGC_1,0.00030733474737892045
P4TLH_CTTTGCGAGTGCCATT_1,0.0003071862818794519
P2TLH_GAAGCAGTCTGGCGTG_1,0.00030712237998681773
P3TLH_AAACCTGCAGTCAGCC_1,0.00030703689342986715
P5TLH_AAGCCGCAGAATGTGT_1,0.00030663477994919113
P3TLH_AGGTCCGAGCACCGCT_1,0.00030662670269642443
P5TLH_TACTTGTGTAAGTGTA_1,0.0003065267147194724
P4TLH_TGACGGCTCCTATGTT_1,0.00030646840936431687
P4TLH_ACTGCTCCAGAAGCAC_1,0.00030624079065312825
P3TLH_GTAGGCCAGGTACTCT_1,0.00030623410771555946
P3TLH_CGTTGGGGTCGGATCC_1,0.00030615050375675255
P3TLH_GTGGGTCTCCGGCACA_1,0.00030599630047726194
P3TLH_CGAGCCATCAGCACAT_1,0.0003057769734871706
P4TLH_GTTCATTTCACTCTTA_1,0.00030537696460422137
P2TLH_GGCCGATCAGCTATTG_1,0.00030506123951882743
P5TLH_CCTACACCATGGTTGT_1,0.0003048431214146463
P5TLH_GCCTCTAAGCTAGTGG_1,0.0003046514293674275
P1TLH_TTTACTGTCACCCGAG_1,0.0003042746685263213
P3TLH_GAATAAGCACCCATGG_1,0.0003042280108247988
P3TLH_ATAGACCGTAGTACCT_1,0.00030409866659912154
P4TLH_GTACTTTTCCACGTTC_1,0.00030390967780736736
P3TLH_GATCGATAGCCCAATT_1,0.0003037436399640903
P4TLH_GAAACTCAGCCAACAG_1,0.0003035637208320352
P5TLH_CTTCTCTGTTTCGCTC_1,0.00030355506378546416
P2TLH_CGTAGCGAGCGCCTTG_1,0.0003032877711962047
P4TLH_TGAGCATCAAGAAGAG_1,0.0003026469943338193
P5TLH_CGTCTACAGCGCTCCA_1,0.0003025603435662355
P2TLH_ACGCCGAGTGCGCTTG_1,0.00030232056316238084
P3TLH_GATTCAGAGTTAGCGG_1,0.0003022520314695739
P1TLH_CTGATCCTCCAGTAGT_1,0.0003020845436756578
P5TLH_GACGCGTAGACTAGAT_1,0.0003019252158231089
P4TLH_GTAACTGAGTGAATTG_1,0.00030188578015055543
P4TLH_CGGAGTCAGAGAGCTC_1,0.00030129222713093525
P1TLH_CCTCTGATCAATACCG_1,0.0003012861985847917
P1TLH_GTGCATAAGTAGCCGA_1,0.0003012759428739699
P5TLH_CACCAGGCAATCGAAA_1,0.00030119043491713546
P1TLH_CGCGTTTAGAGGTACC_1,0.00030097169135673236
P3TLH_GTACTCCTCGTTTATC_1,0.00030077483871127753
P3TLH_GCCTCTACATGGGACA_1,0.0003006486748122041
P1TLH_GGCGACTAGGGCACTA_1,0.00030058501569038234
P3TLH_ACGATACGTCTAAAGA_1,0.00030051779480924867
P3TLH_GTATTCTTCAAGGTAA_1,0.0002998903344347637
P3TLH_TTTGCGCTCTGCCCTA_1,0.0002997201163585009
P4TLH_TCAGGATAGCCGCCTA_1,0.00029960355396408154
P4TLH_CAGCAGCGTATCTGCA_1,0.0002995803913797233
P4TLH_GTAACGTCAATCCGAT_1,0.00029954608943400744
P5TLH_AGTAGTCAGCTAACAA_1,0.0002994812391619048
P5TLH_ACACCCTCAAGAAGAG_1,0.0002993882969153738
P3TLH_CCTACCAAGGATCGCA_1,0.00029922062343698427
P3TLH_GATCAGTAGCATCATC_1,0.00029900130699360054
P4TLH_CGCTTCACAAATACAG_1,0.0002989406633333425
P5TLH_TGGCTGGCAATACGCT_1,0.0002987528321945647
P2TLH_CTTACCGCACCGCTAG_1,0.0002986243163271458
P3TLH_GACACGCAGGGTATCG_1,0.0002981300317327175
P1TLH_TTGCGTCAGGACCACA_1,0.00029728721134310375
P3TLH_CCGGGATTCTATCGCC_1,0.00029714436276992554
P3TLH_CTGATCCTCATACGGT_1,0.00029688370192711936
P4TLH_GCGCAGTAGGGCATGT_1,0.0002966919863027231
P2TLH_CATATGGCACATGACT_1,0.0002966645347034794
P5TLH_TGCCCTAAGTTACCCA_1,0.0002965048866015146
P2TLH_TAAGCGTTCCGCATCT_1,0.0002959881361628589
P3TLH_CATATGGTCGTACCGG_1,0.0002957607658180863
P5TLH_TAAGCGTCACACAGAG_1,0.00029548435437398723
P4TLH_GGGAATGAGGTTACCT_1,0.0002953282297002983
P5TLH_TGACTTTCATGTAGTC_1,0.0002949152420154061
P5TLH_CCATGTCCAGTATGCT_1,0.00029483247131216857
P1TLH_GTGCGGTTCGGAAACG_1,0.0002945442137061109
P5TLH_CCAATCCAGTGGGTTG_1,0.0002944255480372545
P1TLH_CCACCTATCACAACGT_1,0.0002941149584439724
P3TLH_GAACATCCAAAGAATC_1,0.00029389513615419715
P3TLH_AACCATGCAGTCGTGC_1,0.0002935645756992134
P3TLH_TAGAGCTAGCAATCTC_1,0.0002932743548302102
P5TLH_AAACCTGCAGTTCATG_1,0.0002930931563306695
P3TLH_ACGAGGAAGAATGTGT_1,0.00029308466216754827
P4TLH_GTTCATTAGAGCTGCA_1,0.00029300815883804475
P3TLH_AGCATACAGGATCGCA_1,0.0002928466713116589
P3TLH_GATGCTAGTAATCACC_1,0.0002927018981187437
P3TLH_TACGGATAGATCTGAA_1,0.0002925516823319282
P1TLH_CGTTGGGAGCTTTGGT_1,0.0002925081016327183
P3TLH_AGCGGTCTCAACTCTT_1,0.0002921971669116802
P5TLH_CGCCAAGTCTTGACGA_1,0.000291739794321963
P2TLH_ACGCCAGGTCCGAGTC_1,0.0002917050779242387
P5TLH_TGAAAGAGTCAACATC_1,0.00029169896748345014
P2TLH_CCGTTCAAGAGCTTCT_1,0.0002915139457368444
P3TLH_CTAATGGTCTCGCATC_1,0.00029136523622242804
P3TLH_GGTGCGTTCAGTCAGT_1,0.0002908758127956019
P1TLH_CCACCTACACTTAAGC_1,0.00029055404754106364
P4TLH_ATTTCTGAGGCTAGAC_1,0.00029024191974038303
P4TLH_ATCATCTGTGACCAAG_1,0.00028936500224707035
P3TLH_CAGCTGGGTGATGTGG_1,0.0002892965213442824
P2TLH_CCTTCCCAGTGCGATG_1,0.0002891303251128698
P1TLH_TTCTTAGAGTGTACCT_1,0.00028890547089217643
P4TLH_CTGAAACAGGACACCA_1,0.0002888769945395792
P1TLH_CCTTTCTAGCTAGGCA_1,0.00028884321151151295
P5TLH_CAGGTGCGTCGGCACT_1,0.00028844637654077516
P2TLH_CGGACGTGTATTCTCT_1,0.00028838776938666145
P2TLH_GCCAAATCAAACGCGA_1,0.0002883503415091115
P1TLH_AGAATAGGTTTGACTG_1,0.00028826370501292475
P4TLH_GCAGTTAAGGGCACTA_1,0.0002879013543681508
P5TLH_TCAACGAAGTAGTGCG_1,0.00028757721968330075
P1TLH_TAGCCGGCAAGGACTG_1,0.0002874338408335152
P3TLH_GCAAACTTCAGTGCAT_1,0.0002871909080645627
P2TLH_TGAGAGGAGAGTGACC_1,0.00028688999036616454
P3TLH_GTTCATTTCTTGCATT_1,0.0002868162333884889
P5TLH_GGTGCGTAGTTGCAGG_1,0.0002867335207506337
P4TLH_TCTCATATCGCCTGTT_1,0.00028665581960363054
P4TLH_AGCGGTCAGGCAATTA_1,0.0002863404097451017
P5TLH_GGACAAGTCGGTTCGG_1,0.00028630713518981726
P3TLH_GATGAAAGTACCTACA_1,0.00028598348324354936
P5TLH_TTGGCAAAGAGGTTAT_1,0.0002856315951418927
P3TLH_AATCCAGCAACTGCTA_1,0.0002855910687260307
P1TLH_ATCCACCCAAGTCTAC_1,0.00028498542389053576
P4TLH_GTAGGCCTCAAAGTAG_1,0.0002843394746741618
P2TLH_GTCCTCAGTCATATCG_1,0.0002841581323596875
P3TLH_GTTCGGGAGCGAGAAA_1,0.0002840012928072674
P3TLH_TGGCCAGGTCTAACGT_1,0.00028395510667861127
P1TLH_CAGTAACTCTGCCCTA_1,0.00028393494958975845
P4TLH_GGCGTGTGTAGAAGGA_1,0.0002833311082226646
P4TLH_CGATTGAAGGCTCAGA_1,0.00028328537779800337
P3TLH_TTAACTCTCCTTGCCA_1,0.0002830324234254487
P1TLH_CCACCTATCATCTGTT_1,0.0002827652780546475
P5TLH_CACTCCACATTATCTC_1,0.00028274140712121715
P4TLH_TATCAGGCAGTATCTG_1,0.000282595856326927
P5TLH_AGAATAGCAAGTAGTA_1,0.0002821748703918483
P4TLH_CAACCTCCAAACCCAT_1,0.0002820289820156822
P4TLH_TATCAGGGTTCCTCCA_1,0.00028190173287893927
P4TLH_CCCAGTTCAGTGAGTG_1,0.00028165228572883335
P3TLH_ACTGTCCCAAGACGTG_1,0.00028164315858816375
P4TLH_GACAGAGAGGCTCATT_1,0.00028148579493796256
P4TLH_GGGTCTGCAAGTCTAC_1,0.00028134378884777294
P2TLH_CAAGGCCCACCGCTAG_1,0.0002813308790535439
P3TLH_CAAGTTGGTGACCAAG_1,0.00028130474907811005
P5TLH_ACACCGGTCACTTCAT_1,0.00028128573585584554
P4TLH_ACGCCGAAGATCTGAA_1,0.00028112890369438447
P5TLH_TTCGGTCCAGTACACT_1,0.0002809849654265126
P4TLH_CTACCCATCCCACTTG_1,0.0002809841990435444
P5TLH_GGATGTTCATCGATGT_1,0.0002809214709291317
P1TLH_TTAGGACGTGAGTATA_1,0.00028077893878916297
P4TLH_CTGCCTAGTTCGAATC_1,0.0002805622410806276
P3TLH_TTAACTCCAAACCCAT_1,0.00028032740793014764
P1TLH_CGTCAGGGTGGTCCGT_1,0.00028032617805052177
P4TLH_GGCTGGTAGAGGGATA_1,0.0002795753312818404
P3TLH_GGTATTGTCAGCACAT_1,0.0002795404307972968
P1TLH_AGCAGCCGTAGAGGAA_1,0.0002791894856351292
P3TLH_CGACCTTGTGCCTGCA_1,0.00027914491154880605
P1TLH_GCTGGGTGTCAACTGT_1,0.00027901014059793716
P4TLH_TGTATTCTCACCCGAG_1,0.0002781158729938588
P1TLH_TAGACCATCATGCAAC_1,0.0002781091240406652
P4TLH_TGACAACCACATGGGA_1,0.00027810754314540185
P4TLH_CCGTGGACAGGGATTG_1,0.0002778723281063688
P4TLH_TCAATCTAGCCAGTTT_1,0.0002775007251139788
P4TLH_CGTTAGATCGCTAGCG_1,0.00027734742132898684
P1TLH_GGGATGAAGGCGACAT_1,0.00027697656196465386
P5TLH_TGGACGCGTCATATGC_1,0.0002768536829249926
P4TLH_GGGTTGCAGTAGATGT_1,0.0002767001859132282
P3TLH_TGAGGGAAGCCCGAAA_1,0.00027663227133380716
P5TLH_ATTATCCTCTTGTACT_1,0.0002764105311668916
P1TLH_GTCACGGCACCAGGCT_1,0.0002763214896215525
P5TLH_GTTCATTCAGATCGGA_1,0.00027616378767251614
P4TLH_GAATGAATCTTGAGGT_1,0.0002761147636493509
P5TLH_ATCCGAAGTTCCAACA_1,0.0002761111480005088
P5TLH_ACCGTAAGTGACGGTA_1,0.0002760963239948528
P1TLH_GGACAAGGTGATAAGT_1,0.00027590667298183836
P1TLH_AGCTCTCCACGTAAGG_1,0.0002756820101789168
P5TLH_CGTCAGGCAACACCTA_1,0.0002756581064519276
P1TLH_CCTTTCTAGGCTCTTA_1,0.00027553976926929767
P5TLH_CGTGTAACAGCTGTAT_1,0.0002754937736102871
P3TLH_CTCGTCACAGTCCTTC_1,0.0002750128668756855
P5TLH_TTGGAACAGTCACGCC_1,0.0002748710497878712
P2TLH_TTAGGACTCAAGATCC_1,0.0002748582612442947
P3TLH_CAACCAATCAGGCGAA_1,0.0002747703744506176
P5TLH_TACTTACTCGGCCGAT_1,0.00027473267611066536
P4TLH_CAGTCCTGTCATCCCT_1,0.0002747179723700755
P5TLH_CTTAGGATCGCACTCT_1,0.000274710316191006
P2TLH_CGCGTTTTCATTGCGA_1,0.00027429039094548557
P4TLH_CATCAAGGTGCACGAA_1,0.0002742522021413271
P4TLH_CCTTCCCTCCTTGACC_1,0.0002742304487222246
P5TLH_GCTCCTAAGTGACATA_1,0.000274228652834855
P2TLH_CTCGGAGCATGACGGA_1,0.00027416148650004243
P2TLH_TTCTCCTCATGCCTTC_1,0.00027409917203712514
P4TLH_CGATCGGAGATGCGAC_1,0.00027379692708775057
P5TLH_GCTGCGAAGTCCAGGA_1,0.0002737662070030414
P3TLH_CGGAGTCGTAGAGCTG_1,0.0002733162050454726
P3TLH_CATGCCTGTAATCACC_1,0.0002729988488726575
P2TLH_TTCGGTCTCTCATTCA_1,0.00027298362722054706
P3TLH_GATGAAATCATTGCGA_1,0.0002727076713747458
P4TLH_GTCCTCAAGAGCCTAG_1,0.00027270109507743955
P3TLH_CGGACGTGTAAGAGAG_1,0.00027263692655140476
P2TLH_GGCTGGTTCGCACTCT_1,0.00027254948150195704
P3TLH_GAAACTCAGGCGCTCT_1,0.00027217869988670147
P1TLH_AGCGTCGCATGCCTTC_1,0.0002720040644541321
P4TLH_AGACGTTCATTACCTT_1,0.0002719494196427224
P3TLH_GAATGAAGTCCAGTGC_1,0.0002713569729784296
P3TLH_GCTGGGTCAGTAAGCG_1,0.0002713037850811178
P4TLH_TCACGAATCAACACCA_1,0.00027109423219046834
P2TLH_CGTCACTTCCTCGCAT_1,0.00027096754868790733
P2TLH_ATTGGACGTGCTCTTC_1,0.0002704040944339232
P5TLH_TCCCGATGTCCGCTGA_1,0.00027026076878743885
P5TLH_ACGGGTCCAGAGCCAA_1,0.00027024956287154437
P4TLH_TATCTCAGTCGCGAAA_1,0.00026970722590604186
P1TLH_CCTACACGTTTGTTGG_1,0.00026941849717871443
P1TLH_ATTATCCCATTCCTCG_1,0.00026939016652193876
P4TLH_CCAATCCGTCGCATAT_1,0.0002692889783251077
P3TLH_CGTAGCGAGGCGACAT_1,0.0002690452370388396
P3TLH_GGAGCAACAGACAAGC_1,0.00026873675503780024
P5TLH_GAAATGACACCGAATT_1,0.0002686869446976538
P5TLH_CTGTTTAGTCTAGGTT_1,0.0002685695832420145
P4TLH_CAGTCCTTCCGCATAA_1,0.00026800856560661317
P4TLH_CCTTCCCCACTAAGTC_1,0.00026732043231360785
P5TLH_CGCTGGAAGCTCTCGG_1,0.0002672771640213423
P1TLH_GGAGCAAGTAGGACAC_1,0.00026714202675850676
P3TLH_TTTGCGCCAATCTGCA_1,0.0002671322650308195
P5TLH_CTAACTTCACCCATTC_1,0.00026703346690837564
P4TLH_TCTTTCCGTATATGGA_1,0.00026692760796697226
P5TLH_CCCTCCTCAATGGTCT_1,0.00026682092753031153
P1TLH_ATGAGGGAGGAACTGC_1,0.00026667532854313065
P3TLH_AGGGTGACAGGAATCG_1,0.00026652356245682906
P2TLH_TCTATTGGTCTCCATC_1,0.0002659697439940019
P5TLH_GTGCAGCTCTGAAAGA_1,0.0002658589908955497
P3TLH_GCTGCGAAGCTCCTTC_1,0.0002656775459263841
P3TLH_ATCATGGGTCCGAATT_1,0.00026521833145732714
P1TLH_CCTCAGTGTCAAAGCG_1,0.0002650454197788844
P2TLH_CGTGTCTCATTTGCCC_1,0.0002650114605164734
P4TLH_CATTATCGTGGCGAAT_1,0.00026493647896350965
P4TLH_ATTATCCCATTAACCG_1,0.00026493306533893263
P3TLH_CCTTCGAAGGCGCTCT_1,0.0002648888774368749
P3TLH_GGGATGACATATGCTG_1,0.0002646094444696755
P3TLH_CATCGAACACATTAGC_1,0.00026431037268089355
P5TLH_CTTCTCTGTAGCGTCC_1,0.0002638016255048557
P1TLH_CCACCTAAGCGTTTAC_1,0.0002633899553872261
P3TLH_GGGTTGCAGAGTACCG_1,0.00026305357534352425
P3TLH_TCCACACCAAACCTAC_1,0.0002628555801621265
P3TLH_TCGAGGCGTCAATACC_1,0.00026264956272495886
P3TLH_AAAGTAGGTCTGCGGT_1,0.0002626356102721507
P1TLH_CTGATCCAGTCACGCC_1,0.00026259937519155894
P3TLH_GATCAGTTCACAATGC_1,0.0002622502502770888
P1TLH_GACACGCAGAGCAATT_1,0.00026186911753361427
P3TLH_CTAGAGTCACGTGAGA_1,0.00026171174156859275
P4TLH_CACATAGCACCCTATC_1,0.00026156169311772136
P2TLH_CCACTACAGTTGAGTA_1,0.00026129554897541063
P1TLH_AGCATACCAATGTTGC_1,0.00026124550460255875
P4TLH_CTAACTTAGTCCTCCT_1,0.000260923812055527
P1TLH_GCGCAACAGTACGATA_1,0.0002606628117016664
P4TLH_AAAGCAAAGTTCGCAT_1,0.0002605661946683416
P5TLH_ACGAGCCGTAAGGATT_1,0.00026049892637359216
P4TLH_TACGGATTCTGCGTAA_1,0.00026014629903853894
P3TLH_CGCCAAGTCACTTATC_1,0.00026013345409435626
P5TLH_GAGGTGATCGTTGACA_1,0.00025991683761966987
P4TLH_GTGTGCGTCGCCGTGA_1,0.00025983547037822973
P3TLH_CGAACATGTGACTACT_1,0.00025976107028061586
P4TLH_TCAATCTGTTGATTCG_1,0.0002595793156894738
P4TLH_TGATTTCTCTGCGTAA_1,0.0002592684536363958
P2TLH_GGCCGATTCTATCCTA_1,0.00025893412569711835
P3TLH_AGCTTGAGTACAGTTC_1,0.0002586593577680908
P5TLH_GTCGGGTTCTTAGAGC_1,0.0002584707221963667
P3TLH_AACACGTTCCGTCAAA_1,0.0002581920004491237
P5TLH_TATCTCAGTGTTCGAT_1,0.00025799267541098676
P3TLH_GGAACTTAGGACAGCT_1,0.0002576014298719535
P4TLH_CACACAACAATGAAAC_1,0.0002575338852668785
P5TLH_CCAGCGACATAGAAAC_1,0.00025719414446533876
P3TLH_ATCACGAGTGACTCAT_1,0.0002571421620120481
P3TLH_ACATACGCAAAGTCAA_1,0.00025686639894266446
P3TLH_TAGGCATAGTACGTTC_1,0.0002566512182608037
P5TLH_GGACAAGCATTGGCGC_1,0.0002566335005245426
P1TLH_TCGTAGACAGTATAAG_1,0.0002566320417756306
P5TLH_GAACATCAGCGTGAAC_1,0.00025649614359110265
P1TLH_GACGGCTAGCCGTCGT_1,0.0002560455209103507
P3TLH_GTGGGTCCACTTCTGC_1,0.00025603727861771893
P3TLH_ACTTACTAGCGATGAC_1,0.00025599019853609234
P3TLH_CACACTCTCGGCGGTT_1,0.000255880652820273
P3TLH_ATTCTACCAATTGCTG_1,0.00025557116378682233
P4TLH_AAGGAGCAGGGCTTCC_1,0.0002554661710873937
P4TLH_AAATGCCTCACGCATA_1,0.0002552038142746919
P4TLH_TCTGGAATCCGCATCT_1,0.0002551979229794323
P2TLH_CGCTATCAGCAACGGT_1,0.0002551839524130045
P1TLH_GGGCACTAGTGAACGC_1,0.00025502007501901694
P4TLH_GTGCAGCCAACTGCGC_1,0.0002548998526756916
P3TLH_GGGCACTCACAGACAG_1,0.00025464954229036286
P1TLH_GACTAACTCTAACTCT_1,0.0002545717290465017
P3TLH_ATTATCCGTCTGCAAT_1,0.0002544477718425997
P3TLH_TACGGTAAGAGTTGGC_1,0.00025442735701068793
P1TLH_CTGTTTAGTAAATGTG_1,0.00025436398268314614
P2TLH_TTAGGCATCTGACCTC_1,0.0002542559855201766
P3TLH_AACTCCCAGGATCGCA_1,0.00025416467063759773
P5TLH_CCTAGCTGTGCCTTGG_1,0.0002538228881631033
P3TLH_TGTCCCATCAGATAAG_1,0.0002537574611710027
P3TLH_AACCATGTCAATAAGG_1,0.0002535406674643882
P3TLH_GTTCGGGTCCCGACTT_1,0.0002533480991684072
P4TLH_TGCCCTAAGGCATTGG_1,0.0002533478278947146
P4TLH_TCCACACCACCTGGTG_1,0.0002530892301659551
P5TLH_GGATGTTGTGCACGAA_1,0.000252976914784448
P3TLH_TTTGGTTTCGCGATCG_1,0.00025293044605596154
P4TLH_CGTCACTAGTATTGGA_1,0.00025255432031886594
P4TLH_GCGCAGTAGGCTACGA_1,0.0002525031139630528
P4TLH_CGACTTCCAACAACCT_1,0.0002520899499860762
P3TLH_TACTTGTAGACGCACA_1,0.0002518400144546261
P3TLH_CGATGGCTCGGTGTCG_1,0.0002511605400375804
P1TLH_CTTGGCTGTAAAGGAG_1,0.0002509810230719973
P3TLH_TGCCAAAGTTATTCTC_1,0.00025092500344026683
P4TLH_CAGAGAGAGCAGGTCA_1,0.0002509107619095615
P1TLH_AGAGCTTTCGTTACGA_1,0.00025090807408227687
P5TLH_CCACCTATCTTCAACT_1,0.00025067455031872857
P5TLH_CAGTAACCAATAGCAA_1,0.0002506130870244811
P3TLH_ATTACTCCAAACGCGA_1,0.0002504095431526057
P4TLH_GAAGCAGAGGTTACCT_1,0.0002501102675564277
P4TLH_CGGGTCATCTGGCGAC_1,0.0002500585123288041
P4TLH_GCACATAAGGGAAACA_1,0.0002500149899791999
P5TLH_ACATCAGTCAGTTAGC_1,0.00024982381902159933
P3TLH_CGAATGTGTATAGGTA_1,0.00024962052715523823
P3TLH_ACGATACGTTCGGGCT_1,0.00024951545088164697
P5TLH_TCAGGTATCGAGGTAG_1,0.0002495089998077345
P5TLH_GGGCATCAGCTGCAAG_1,0.00024949129490667256
P1TLH_AGCATACAGCAAATCA_1,0.00024940876856194977
P3TLH_TTGACTTGTCGCATAT_1,0.0002493079440489268
P1TLH_TGAGGGAGTATTAGCC_1,0.00024919953236178754
P3TLH_GATCTAGTCCATGCTC_1,0.0002491983691356502
P5TLH_CCTTCCCTCGCCTGAG_1,0.0002489984368993904
P1TLH_CATCCACCAATGTTGC_1,0.00024898008596601473
P4TLH_TACAGTGCAATGCCAT_1,0.00024878719459408904
P5TLH_CACCACTTCCAAAGTC_1,0.00024820105761499955
P1TLH_CGTTGGGGTATTACCG_1,0.00024814667941518853
P2TLH_AGTCTTTCAAGCGATG_1,0.00024807284409533666
P5TLH_TCGCGAGGTTCGGCAC_1,0.0002478736368128022
P3TLH_TGTATTCAGAGCCCAA_1,0.0002476314645608839
P1TLH_AGTTGGTTCTCCGGTT_1,0.00024744629018942096
P3TLH_TACACGATCACGCATA_1,0.00024712907634731645
P3TLH_TGGTTAGCAAGGCTCC_1,0.00024709755867495357
P1TLH_CTAGCCTTCCATGCTC_1,0.00024706681494753805
P3TLH_GAACATCTCGGTCCGA_1,0.0002469055009826492
P3TLH_CGTCTACAGACAGGCT_1,0.0002465483972298001
P3TLH_CTAATGGTCAGCAACT_1,0.00024639317815815725
P5TLH_CTAGCCTTCGCCCTTA_1,0.00024621063954643265
P4TLH_ATCCACCGTTGTGGCC_1,0.00024563323070764937
P5TLH_GCTTGAATCTCAAACG_1,0.0002456165865528656
P3TLH_AAGACCTAGAGAGCTC_1,0.00024556130186764117
P3TLH_GCATGTATCTCAAGTG_1,0.0002454502701774104
P5TLH_CTCGAAACATGCAACT_1,0.0002454025036676885
P3TLH_ACTTACTCATCCGTGG_1,0.0002452459527344534
P1TLH_CCTAGCTCAACTGCTA_1,0.000245191032192419
P5TLH_TGCGTGGAGATATGGT_1,0.0002450204439882424
P5TLH_TTGTAGGGTAATTGGA_1,0.0002449731210708743
P1TLH_GGACAGAGTCCTCTTG_1,0.0002448376321270535
P5TLH_CCGGTAGGTCATATGC_1,0.0002448046378180845
P4TLH_TGATTTCAGTAGGTGC_1,0.00024476650530056874
P5TLH_CTGTGCTCATATGGTC_1,0.0002446944077943966
P5TLH_CGACCTTAGTGTGGCA_1,0.0002445444033708245
P1TLH_GTACTTTAGATCGATA_1,0.0002443720619939274
P5TLH_CGGGTCAAGGGATGGG_1,0.00024431369900658744
P3TLH_TCCCGATTCCATGCTC_1,0.00024420130296411803
P4TLH_CAGGTGCTCTTGTCAT_1,0.00024363970045128682
P3TLH_GAATAAGTCACAATGC_1,0.000243489421096146
P4TLH_CATCCACTCTTCCTTC_1,0.0002434750594922558
P5TLH_AAGGAGCGTTGAGGTG_1,0.00024338865370855398
P5TLH_TGGCGCACAGGATCGA_1,0.00024325116742114983
P3TLH_AGACGTTGTGCAACGA_1,0.00024324291026440683
P5TLH_GTTCTCGAGTCGTACT_1,0.00024292286801122644
P1TLH_CGAATGTTCTGTACGA_1,0.000242607501557224
P4TLH_TGAAAGATCTGGAGCC_1,0.00024256934541179613
P4TLH_GTACGTAAGCCACGTC_1,0.0002424211129444386
P3TLH_TTGACTTTCATTTGGG_1,0.0002421277405886049
P2TLH_ATGGGAGCAGGACCCT_1,0.0002420077221107736
P3TLH_CCTAGCTTCATCACCC_1,0.00024164367612887057
P1TLH_TTTGTCATCCTAAGTG_1,0.0002410896595128701
P4TLH_CGATGGCAGGCATTGG_1,0.00024096592340902196
P1TLH_TTGAACGAGGACTGGT_1,0.00024093672036768523
P1TLH_ACAGCTAAGCTGTTCA_1,0.00024075373156532692
P4TLH_GGGTCTGTCGGAGCAA_1,0.00024069720372820038
P4TLH_CCATTCGAGATCTGCT_1,0.00024043095767962245
P1TLH_CGCTATCCACGAAACG_1,0.00024021702365801522
P5TLH_GGGTTGCCACGTAAGG_1,0.00024020091011974892
P3TLH_GCCTCTACACTATCTT_1,0.0002401959227803408
P2TLH_ATTACTCCACTGTGTA_1,0.00024001782935121168
P2TLH_CTACACCAGGGTTCCC_1,0.00023941546529941985
P1TLH_CAAGGCCGTGACTACT_1,0.0002393000063202474
P1TLH_TGCCCTAAGGAGCGAG_1,0.00023923802940133495
P2TLH_ACGTCAATCTGTCTAT_1,0.0002391912782757145
P3TLH_AGGCCACAGCAGACTG_1,0.00023900301923774
P5TLH_GTGAAGGGTCGGGTCT_1,0.00023865410467549514
P3TLH_ATTGGTGTCAGAGCTT_1,0.0002385955419346579
P1TLH_GATCGCGAGAGTCGGT_1,0.0002385408905573782
P5TLH_CGAATGTAGACAAAGG_1,0.0002384112606304132
P4TLH_TCAGGTACAGGACCCT_1,0.00023808618536550085
P2TLH_CTCCTAGTCTGTTTGT_1,0.00023798936173039483
P4TLH_GCAAACTTCCAGAGGA_1,0.0002375958856044719
P3TLH_CGCTATCCAGTGACAG_1,0.00023757868025309705
P3TLH_GCCTCTAGTCTTGTCC_1,0.00023756734316963867
P5TLH_TCACAAGCAATGGACG_1,0.0002375514665036997
P4TLH_CGTCTACTCTGGCGTG_1,0.00023748568894561628
P3TLH_CCTTCCCAGTGCTGCC_1,0.0002371491424072453
P5TLH_CGCCAAGGTCGGCTCA_1,0.0002369514551062351
P5TLH_TTGCGTCCAATGGTCT_1,0.00023681033577957098
P4TLH_AATCCAGCAGTAAGAT_1,0.00023653963015662162
P4TLH_TCGGGACCAAACAACA_1,0.00023653066441283702
P4TLH_TACCTTAGTCCTCTTG_1,0.00023650796582961318
P5TLH_ATTTCTGGTCAGTGGA_1,0.0002363840823911044
P1TLH_CATGACAGTTGGTAAA_1,0.00023625668196834834
P4TLH_CACATTTAGGTGCACA_1,0.00023611148686081954
P3TLH_ACCGTAATCTCCAACC_1,0.000235954986249562
P3TLH_CTCGGGACAGATCTGT_1,0.00023558220891161134
P2TLH_ATTGGTGGTGACGGTA_1,0.00023533717429417047
P4TLH_GCTCTGTAGCGATGAC_1,0.00023491496652564535
P1TLH_ATTGGTGAGCTTTGGT_1,0.0002348495028578704
P1TLH_CACACTCTCCGAGCCA_1,0.00023457027559539107
P4TLH_ACAGCCGAGTGGTCCC_1,0.00023441598038575549
P5TLH_AGAGCGAAGCTTCGCG_1,0.0002343622501466072
P4TLH_CCTTTCTTCACCGTAA_1,0.0002340376879571346
P3TLH_AGTGTCAGTATTAGCC_1,0.0002339617392143808
P3TLH_TCAGCAAAGTATCTCG_1,0.00023389759154614348
P5TLH_TTAGGCATCACCATAG_1,0.00023384261759710573
P1TLH_TGCACCTGTCTAGGTT_1,0.000233813495086021
P3TLH_GGACGTCAGTACGCCC_1,0.00023378389055583637
P4TLH_CCACTACTCCGTAGGC_1,0.0002336252619115174
P4TLH_TGCGCAGAGGAACTGC_1,0.00023356474963182828
P3TLH_CTTACCGTCAACCATG_1,0.00023319350633960566
P1TLH_TGCGCAGCAATGTTGC_1,0.0002331554704995332
P3TLH_CATCAAGGTGAGCGAT_1,0.00023314068909468938
P4TLH_TTCGAAGAGCCACCTG_1,0.00023294639522656655
P3TLH_CGCCAAGTCAGAAATG_1,0.0002327671729615781
P1TLH_AGTCTTTGTTGTTTGG_1,0.0002326961964599062
P4TLH_CAGCATAGTGCTGTAT_1,0.00023253614784132809
P4TLH_TACGGGCGTTGAGGTG_1,0.00023246670942600586
P3TLH_CTTAACTGTGCCTTGG_1,0.0002324374130433932
P4TLH_TTTCCTCGTCTTGTCC_1,0.00023231515377916413
P3TLH_CGTCACTCACCCATTC_1,0.00023212326078201758
P3TLH_CAGTAACTCCCACTTG_1,0.00023206521360475316
P3TLH_GCGCGATAGTTACCCA_1,0.00023200694889783584
P4TLH_ATGGGAGTCTCTAAGG_1,0.00023187665559233522
P1TLH_AGCCTAACAAGGTTCT_1,0.00023150956920188834
P3TLH_CATCGAAGTTGCGTTA_1,0.00023149595982673948
P3TLH_CCTACCAGTTCACGGC_1,0.00023137271692228096
P5TLH_TACTTGTAGGACTGGT_1,0.00023116572351867675
P3TLH_TGACTAGCACAGCCCA_1,0.00023101912008067834
P4TLH_ACATGGTAGGGTCTCC_1,0.0002309962717514966
P5TLH_AGCGGTCGTGTGAATA_1,0.000230896025581166
P3TLH_CGAATGTAGTCGAGTG_1,0.00023057698452854134
P2TLH_TCGCGAGGTAGGACAC_1,0.00023048027040749883
P3TLH_CCTTACGCATTCGACA_1,0.00023043860208094117
P4TLH_ATGGGAGGTCGGATCC_1,0.00023032184444799693
P5TLH_CCCATACAGTACGTAA_1,0.00023025864602474051
P3TLH_AAATGCCAGTGCCAGA_1,0.00023018974044936401
P4TLH_CAACTAGGTCCTAGCG_1,0.00023000810575049297
P3TLH_TAGTGGTGTGAGTATA_1,0.0002299395346496206
P5TLH_ACGGGTCTCTTAGAGC_1,0.00022988406936548365
P4TLH_ACACCGGAGGCCCTCA_1,0.00022988078818039954
P4TLH_AGTGGGATCAGGTTCA_1,0.00022948075789194672
P3TLH_CAGCATAGTGCTGTAT_1,0.00022943083540116635
P1TLH_CATGGCGTCGCCTGAG_1,0.000229405264003803
P3TLH_GCGACCATCCTCTAGC_1,0.00022930999453106787
P3TLH_CCCAGTTTCCGCAAGC_1,0.00022898611176386347
P1TLH_GACTACACACATGGGA_1,0.00022889433725000445
P1TLH_GCACATAAGAACAACT_1,0.0002288598548572185
P4TLH_GATCGTAGTGCACTTA_1,0.00022876661497309102
P4TLH_CATATGGGTCCCTACT_1,0.00022873475297424
P3TLH_GTCATTTGTTATCCGA_1,0.00022862843301478856
P2TLH_TACTTGTCAACAACCT_1,0.0002285781898695456
P4TLH_TTGGCAAAGAAGGCCT_1,0.00022837945315366234
P3TLH_TAGAGCTGTCAACTGT_1,0.0002282218100450589
P3TLH_ACATCAGCAGGCTCAC_1,0.00022795689504945442
P3TLH_TACGGTAAGTCATCCA_1,0.0002278443455999804
P1TLH_ACAGCCGAGATAGTCA_1,0.00022770250531647146
P5TLH_ACCTTTATCCTATGTT_1,0.00022727993434924426
P5TLH_CAGCAGCTCTCTAAGG_1,0.00022714374922565964
P3TLH_ATTACTCCAGCCTGTG_1,0.00022708137606197812
P5TLH_TCGTACCCAGCTTAAC_1,0.0002270779851502369
P4TLH_CTGAAACTCTGTCTAT_1,0.00022703611177806194
P3TLH_GCGCGATTCAGGCAAG_1,0.00022693837620647048
P3TLH_CTTACCGTCCTCGCAT_1,0.00022675061597649446
P3TLH_TGGCTGGCACAACGTT_1,0.00022674943994138426
P1TLH_GATCGCGAGTGGCACA_1,0.000226742271051116
P4TLH_CTCGAAACATTCCTCG_1,0.00022673172368367492
P5TLH_GCGCGATAGGCTCTTA_1,0.0002264390790148218
P5TLH_GTCTTCGCAGAGCCAA_1,0.00022640428141289598
P3TLH_TGGGAAGAGTACATGA_1,0.00022639365860550423
P3TLH_CACCAGGGTACAGTGG_1,0.00022638596610652283
P3TLH_CGATCGGGTATTAGCC_1,0.00022628738249869261
P1TLH_TGGTTAGAGTACGACG_1,0.00022623727129268378
P4TLH_CATCAGAGTGATGTGG_1,0.0002261256966595341
P4TLH_ATCGAGTGTAGAAGGA_1,0.00022612240048883642
P3TLH_TAGCCGGGTAAGTGTA_1,0.00022562567229760224
P3TLH_CGTCAGGCACACCGCA_1,0.0002255683334564188
P5TLH_CGTCCATGTCAAAGAT_1,0.00022551199498599078
P3TLH_CTAGTGACATACTACG_1,0.00022547426118157778
P3TLH_GCAAACTCAGACGCTC_1,0.00022537867124283894
P5TLH_ATTCTACTCTGGTGTA_1,0.00022532879498111992
P4TLH_TCACGAATCAGCACAT_1,0.0002252144237082786
P1TLH_CCAGCGACATTGGCGC_1,0.0002252030842888934
P1TLH_GAAGCAGGTAGCGTAG_1,0.0002251403309597902
P1TLH_TGGGAAGAGACAGAGA_1,0.00022488955108679654
P1TLH_CGCGTTTCATGCCACG_1,0.00022485420515099352
P5TLH_GTACGTACATGTCTCC_1,0.00022481897484949627
P4TLH_TGACAACAGGCCCGTT_1,0.0002248015093293435
P3TLH_CTCGAGGAGTCGAGTG_1,0.0002246434359611639
P3TLH_CTCGGAGAGGATATAC_1,0.00022455545874675004
P4TLH_CCTATTAAGATACACA_1,0.00022444844724552016
P1TLH_ACCAGTACACACGCTG_1,0.00022442136393369634
P1TLH_ACTGAACGTTGCTCCT_1,0.00022437126154304545
P1TLH_CCTTACGAGTGGAGTC_1,0.0002243175649532876
P3TLH_TGACGGCCACTTCTGC_1,0.00022421170861875513
P3TLH_TGAGCATCAGCGAACA_1,0.00022405789940139006
P4TLH_GGACAGATCAAACCAC_1,0.00022384554492530182
P3TLH_GGGACCTGTACTCTCC_1,0.00022383720558746714
P5TLH_CCACTACCAGCCTTTC_1,0.00022382116842279134
P4TLH_TAGTGGTTCATTCACT_1,0.00022374393699872537
P4TLH_TCTGAGACAATGTTGC_1,0.00022362852049185222
P4TLH_GTACGTAAGACGACGT_1,0.00022349357680768984
P2TLH_CTCTAATAGTCAATAG_1,0.00022349249875296714
P3TLH_ATAGACCAGCTGATAA_1,0.00022340278366354217
P3TLH_ACACTGACATGATCCA_1,0.00022306653144112508
P1TLH_ACAGCCGTCAGGCGAA_1,0.0002229788595266776
P1TLH_AAATGCCTCATACGGT_1,0.0002228236238155388
P3TLH_CCTCTGAAGAACTCGG_1,0.00022277989371362133
P1TLH_CACAAACTCTCTAGGA_1,0.00022262514131752664
P3TLH_CACTCCATCTGGCGAC_1,0.00022258079026937538
P2TLH_GACACGCTCCGCAGTG_1,0.00022253402643325926
P4TLH_GCGCAGTTCATTTGGG_1,0.00022218966130820744
P5TLH_GATGAAAGTAGCGTCC_1,0.00022210690873576756
P4TLH_AAGCCGCAGGGTGTGT_1,0.000222070623108339
P3TLH_GGATGTTAGCCACGTC_1,0.0002219245869126193
P1TLH_ACGGCCAGTCTAGTGT_1,0.00022189011688235317
P5TLH_TCAATCTTCAGTACGT_1,0.00022179926059348942
P1TLH_ACCAGTAAGGATGTAT_1,0.0002217637674406355
P3TLH_GTCACGGAGCGTTTAC_1,0.00022162456384719744
P1TLH_CACACCTCACGGTGTC_1,0.00022153643092426794
P1TLH_GATCAGTGTTCCAACA_1,0.0002215059124476022
P3TLH_TACTTGTGTCTCTTAT_1,0.00022147017002250102
P3TLH_AAAGTAGGTAGCGTCC_1,0.00022133051303795484
P1TLH_GTCACGGCATCCGCGA_1,0.0002211436978337075
P3TLH_CCTAGCTTCGCAAACT_1,0.00022106132880324363
P3TLH_TGAGGGAGTCAAACTC_1,0.0002209668453108213
P3TLH_CAGCTGGTCGATCCCT_1,0.00022094676622135603
P1TLH_ACGGGCTTCAGTTGAC_1,0.0002208162040227561
P3TLH_GTGAAGGTCTGCAAGT_1,0.00022073017536756515
P3TLH_CATCCACCACCAGTTA_1,0.00022058557907776667
P3TLH_ACGCCAGGTATCGCAT_1,0.0002200760013191152
P5TLH_AACTTTCCAGCTCGAC_1,0.00021998871296515394
P3TLH_CGTTCTGCACGCTTTC_1,0.00021994579862992669
P2TLH_TGACAACAGCCAACAG_1,0.0002198374408048974
P4TLH_GATGAGGTCAGCACAT_1,0.00021952973155469043
P5TLH_TTGTAGGAGCCGTCGT_1,0.00021940634384861926
P3TLH_GACCTGGGTGGTCCGT_1,0.00021918450488454987
P2TLH_TCAGATGCATTGGGCC_1,0.00021887793508254777
P3TLH_ACGAGGAAGAAGGTGA_1,0.0002187324833214373
P2TLH_TCAGCAATCTCGCATC_1,0.00021870501409239107
P5TLH_GGATGTTTCTACTTAC_1,0.0002186849677883689
P4TLH_AAGTCTGTCGTATCAG_1,0.0002185903993720899
P3TLH_ACAGCTACACCGAAAG_1,0.00021844680978219634
P1TLH_ATGCGATAGAGGTTGC_1,0.00021799695427883288
P4TLH_ACATACGAGATGCGAC_1,0.00021797840197124553
P5TLH_CCTATTACAGTCTTCC_1,0.0002179419554742559
P4TLH_GCGCCAAGTGCATCTA_1,0.0002176569186440485
P3TLH_CGAATGTGTCCTCCAT_1,0.0002176458940533456
P4TLH_ACTGTCCGTCCTCTTG_1,0.0002176288986606557
P5TLH_ATGTGTGGTCTCTTAT_1,0.00021760438797966043
P4TLH_GGATTACTCTATCGCC_1,0.00021753744692499884
P1TLH_CAGAATCTCCGCTGTT_1,0.0002174143910625884
P4TLH_CACACTCAGAGTACCG_1,0.00021732791795972932
P4TLH_AAGGTTCAGAGCTGGT_1,0.00021728400248692775
P3TLH_ACGGGTCGTAGAGTGC_1,0.0002171134824525001
P1TLH_GAACCTAAGGTGCTAG_1,0.00021707903912104574
P3TLH_TTCTCCTCATCCGCGA_1,0.00021687267878839459
P3TLH_TTGACTTCAAGGGTCA_1,0.00021658133091508782
P1TLH_ATAAGAGCACGTGAGA_1,0.00021656239764469907
P3TLH_TGACTTTGTCGATTGT_1,0.00021654305277302223
P3TLH_GGAGCAAGTACGACCC_1,0.00021651639439525922
P4TLH_ATCATGGGTGGGTATG_1,0.00021651407496364345
P3TLH_GAACATCGTCCAGTTA_1,0.00021650969950292565
P3TLH_CGCCAAGCATCCGCGA_1,0.00021646609625355315
P4TLH_ATCTGCCAGCGTAATA_1,0.0002163021815132852
P3TLH_ACGAGCCAGGTGCTAG_1,0.0002162071888180009
P2TLH_TTTCCTCCAATCCGAT_1,0.00021606273372036465
P3TLH_ATCCACCTCTGAGTGT_1,0.0002158608745392604
P5TLH_TCCCGATGTAAGGGAA_1,0.00021576441372328685
P4TLH_TATCAGGTCCGCTGTT_1,0.00021573482739804272
P5TLH_TGGTTAGAGAGTACAT_1,0.00021557445551092998
P3TLH_AACACGTGTGACGGTA_1,0.0002155311370910935
P1TLH_CAGTCCTAGTGTTTGC_1,0.0002154043891548535
P1TLH_CGAACATGTCTGGTCG_1,0.00021532796350915624
P1TLH_TCAGATGGTCTTGTCC_1,0.00021530119501839238
P3TLH_CTTAGGAAGACACTAA_1,0.0002149651799517867
P5TLH_GCGGGTTAGGGTCTCC_1,0.0002148328204841335
P1TLH_CCTTCCCAGTGTACGG_1,0.00021477765849542811
P1TLH_CCTTACGCAGGGATTG_1,0.00021466998673524756
P1TLH_CGGACACGTAGCCTCG_1,0.000214603505441523
P3TLH_CTACACCCACAAGACG_1,0.00021434112771076354
P3TLH_CGTGAGCTCCTAGAAC_1,0.00021432202239615985
P5TLH_CAGCCGATCCGAACGC_1,0.00021426202865718898
P5TLH_TGGCGCAGTCGCTTCT_1,0.00021417396271741337
P5TLH_CTGAAACGTATTCTCT_1,0.00021411402706288235
P1TLH_CTTAGGAGTAACGACG_1,0.0002138354376487789
P5TLH_GAAGCAGGTCCGAATT_1,0.00021383328391996756
P1TLH_TGGGAAGGTTTAAGCC_1,0.00021375826032766983
P3TLH_CCTACACGTAGTACCT_1,0.00021369184907621134
P1TLH_CGAACATAGGACATTA_1,0.00021366329976797697
P4TLH_CTAGAGTGTCTAAACC_1,0.00021347811381665192
P5TLH_GTCGTAATCTTGCAAG_1,0.00021335917443278792
P3TLH_GCGCGATCAGCTGTTA_1,0.00021330846757015856
P3TLH_GCATACATCTGCCCTA_1,0.00021314394241513118
P3TLH_CCTTACGGTCCGAACC_1,0.0002129062453876046
P5TLH_CCTTTCTCAAAGGCGT_1,0.00021279132613304078
P3TLH_AACTCTTTCGTTTAGG_1,0.0002127745108862104
P4TLH_GTGGGTCGTCTAGTCA_1,0.0002124746485733608
P5TLH_GGGATGAAGCTACCGC_1,0.00021236272440982586
P3TLH_CTAGCCTGTAGCTGCC_1,0.0002123562997807501
P3TLH_CCTATTATCGTACGGC_1,0.00021224621981285713
P1TLH_ACATGGTCACATGACT_1,0.00021210240629636454
P1TLH_CGTCAGGTCCCATTAT_1,0.00021151181719072793
P5TLH_TTCTCCTGTCTAGCCG_1,0.00021141357109589277
P4TLH_TTTGTCAGTGAACCTT_1,0.0002113687911500668
P5TLH_CACACTCCACGAAATA_1,0.00021128084846348485
P3TLH_CTCGTCAGTGATAAGT_1,0.00021124828007525295
P3TLH_GCGCGATGTGAGGGAG_1,0.00021117195571849137
P3TLH_GAAATGAGTGGCAAAC_1,0.00021113733495705536
P3TLH_TCGGTAACAGGTGCCT_1,0.00021112679386161909
P1TLH_TCACAAGAGTCCCACG_1,0.0002109745775278398
P3TLH_CACCACTAGAATGTTG_1,0.00021091699226227393
P4TLH_CTCGGAGTCGCAAGCC_1,0.0002108732248463897
P4TLH_CGAACATAGGAACTGC_1,0.00021080516947699719
P5TLH_CGTGTCTGTGCAACTT_1,0.00021078368252844184
P2TLH_TACAGTGAGGAGTCTG_1,0.00021075597765664794
P1TLH_ATAAGAGCATAAGACA_1,0.00021071393439803834
P3TLH_GAATAAGGTAGAAAGG_1,0.00021059184934327715
P3TLH_ATCTACTAGCCGATTT_1,0.0002105205170040364
P4TLH_CATTCGCCATGGTAGG_1,0.00021046886141446423
P3TLH_GAACCTATCCGTTGCT_1,0.00021043687852455016
P3TLH_CCGTACTGTAGGACAC_1,0.00021037669144319046
P5TLH_CTAGCCTAGTCAAGCG_1,0.0002103188960581055
P2TLH_GACGCGTGTCATCCCT_1,0.00021025876484216086
P3TLH_GTCACGGGTCAGAGGT_1,0.00021023031964415825
P4TLH_TTGAACGGTTCTGAAC_1,0.0002102179211598255
P4TLH_CTGATCCTCTTGTCAT_1,0.00021010497529608705
P3TLH_CGACCTTCATTGGGCC_1,0.00021010049512795327
P4TLH_ACTGATGCAACACGCC_1,0.00020984665795751927
P2TLH_ATAACGCGTATGCTTG_1,0.00020974743724994833
P3TLH_AGATCTGCAGTCGTGC_1,0.00020968435496574974
P2TLH_AGAGCTTTCAGGTAAA_1,0.0002096257600277309
P5TLH_ACGGAGATCATTGCCC_1,0.00020958932497874036
P3TLH_GACAGAGAGTACGCGA_1,0.00020957138722445113
P5TLH_TGGACGCTCTCTAAGG_1,0.0002095064587413351
P3TLH_CTACATTCAATAAGCA_1,0.00020945521833100968
P3TLH_GTATTCTGTTGGACCC_1,0.0002093803816400632
P5TLH_CTACCCAAGATGGCGT_1,0.00020937909566353554
P1TLH_CGCTTCAAGGGTCTCC_1,0.0002090884887348112
P3TLH_TGCGGGTCATGCCTAA_1,0.00020894734556603365
P3TLH_CCTACCAAGTGTACTC_1,0.00020887273374339656
P3TLH_ATCGAGTAGAGTCGGT_1,0.00020879541654411703
P3TLH_AATCGGTGTAGCACGA_1,0.00020873217755089957
P2TLH_CCTTCCCTCTCGCTTG_1,0.00020871446765933577
P5TLH_TCTTCGGGTTCCAACA_1,0.00020867830947211608
P4TLH_ACACCAAAGAATAGGG_1,0.00020845768393983066
P5TLH_GATTCAGAGATGCGAC_1,0.00020835360602302122
P3TLH_GACTAACAGATGGGTC_1,0.00020825372083869552
P3TLH_GAAGCAGGTTGGTAAA_1,0.00020814294510360356
P4TLH_CACATTTCACTGCCAG_1,0.00020795784360830698
P2TLH_TCGGGACAGAGATGAG_1,0.00020787729100781084
P3TLH_CTGAAACGTAAGAGGA_1,0.00020754987899299077
P1TLH_TGTCCCACAATTCCTT_1,0.00020741377944570556
P4TLH_CCGTTCACAGGTTTCA_1,0.0002073529431338997
P3TLH_AGGTCCGTCCACTCCA_1,0.00020731442796775827
P3TLH_AGTAGTCGTCTAAAGA_1,0.0002072329604561139
P4TLH_TGGCCAGAGTAGCCGA_1,0.00020713355440046894
P3TLH_TCAACGAGTTCTGGTA_1,0.0002070824074704412
P1TLH_CGATTGACACTTAAGC_1,0.00020680194367782943
P5TLH_GATTCAGCATCGGACC_1,0.00020661548267855698
P4TLH_CGTTCTGGTGTGGCTC_1,0.000206550635394473
P2TLH_AGCCTAATCCTCGCAT_1,0.00020638480369228345
P5TLH_GGGATGATCTTTACGT_1,0.0002062948400922412
P1TLH_TGTGTTTGTTTGGGCC_1,0.00020626637514093617
P3TLH_CCTACCATCCCAAGAT_1,0.00020622191917034712
P2TLH_AACACGTTCATCGATG_1,0.00020613669196857504
P3TLH_CCTTACGGTTGGTTTG_1,0.00020604306061660887
P1TLH_ATCGAGTAGTGGTCCC_1,0.00020593601008962351
P1TLH_CTCGGGACAAAGGAAG_1,0.0002057977927134257
P5TLH_CTCACACAGAACTCGG_1,0.0002056626372719059
P3TLH_GACCTGGAGCTTATCG_1,0.0002053096381058528
P3TLH_ACGTCAATCTGTCCGT_1,0.00020515471232082345
P4TLH_ACCGTAACAGTTCATG_1,0.0002050429730186878
P4TLH_CGAACATTCACGCATA_1,0.00020504195585548294
P1TLH_TCCCGATCAGTCAGCC_1,0.00020489154893384007
P3TLH_CCACGGACACCGCTAG_1,0.000204852042744216
P3TLH_ATCTGCCGTAGAGCTG_1,0.00020482004300721894
P3TLH_GCGCAGTAGCTCCTCT_1,0.0002047322599609217
P1TLH_GGTATTGAGCTCCTCT_1,0.00020459690142056634
P4TLH_TTTATGCGTCACAAGG_1,0.00020430150147461565
P1TLH_CGTCAGGGTCGCTTTC_1,0.00020426348554761125
P5TLH_ACTGAACTCCTTGGTC_1,0.0002042418729408941
P1TLH_CGGAGCTCATGCCTAA_1,0.00020421057477065061
P2TLH_AGATCTGTCACTTCAT_1,0.00020412486377664003
P1TLH_CACTCCATCGGCTTGG_1,0.0002041165164797687
P5TLH_ATCATCTTCTTAACCT_1,0.00020401882186425955
P3TLH_AGCTCCTGTTTGTGTG_1,0.0002040042774735967
P5TLH_ACCTTTAAGGGCTCTC_1,0.00020392524445219968
P3TLH_ATAACGCTCCCACTTG_1,0.0002038881099460579
P1TLH_TTCTACAAGGAGTCTG_1,0.00020382819300880715
P5TLH_AGTAGTCTCTGAAAGA_1,0.0002038200383320987
P3TLH_AACTCTTCAAGACACG_1,0.000203745000945743
P1TLH_CAGAATCGTCAGATAA_1,0.00020365527539931388
P1TLH_CACAGGCCATCTCGCT_1,0.00020364894286635217
P4TLH_GCTGGGTGTTGGGACA_1,0.00020361663953987765
P3TLH_CCCAGTTGTTCGAATC_1,0.00020356230794622886
P4TLH_CACATAGTCGCAAACT_1,0.00020344092626209642
P1TLH_TAGAGCTCACAAGACG_1,0.00020335197212873507
P4TLH_GATCGCGAGGCACATG_1,0.00020332201382985968
P1TLH_ACAGCCGCATCGTCGG_1,0.00020314516665796792
P4TLH_GGGAGATCAGGCTCAC_1,0.0002030341194014791
P5TLH_GCATGATTCAAGCCTA_1,0.0002030061483395556
P5TLH_CTTACCGTCTTACCGC_1,0.00020296140195331773
P5TLH_TACTCGCAGGAATCGC_1,0.0002027678172321542
P3TLH_ACATACGGTCCTGCTT_1,0.00020260675613601847
P1TLH_GTCCTCAAGCAGATCG_1,0.00020252199300793334
P3TLH_GCAAACTTCAAAGTAG_1,0.00020252170854029905
P4TLH_ATAAGAGGTCCGCTGA_1,0.00020243842007373815
P4TLH_GACGTTAGTAGTACCT_1,0.0002023609108979161
P3TLH_TAAACCGAGCTGTTCA_1,0.00020223001527497738
P4TLH_GCCAAATCAACACGCC_1,0.00020217482194421056
P1TLH_CGCCAAGCACTGCCAG_1,0.00020193943619657896
P3TLH_AAGACCTAGGAGTTTA_1,0.00020186172834090095
P4TLH_GCATGCGTCAGCACAT_1,0.00020182683090485686
P4TLH_TCAGCAAAGTGGTAGC_1,0.0002016640492842491
P3TLH_GACACGCCAAATCCGT_1,0.0002015978349617824
P1TLH_GTAGTCAAGGAGTCTG_1,0.00020150662694691423
P5TLH_GAATGAAAGCGCCTCA_1,0.0002012201175737302
P5TLH_TCGGTAATCGCTTGTC_1,0.00020119044933290692
P4TLH_GCAATCATCATGTCTT_1,0.00020106630022098714
P3TLH_ATCATCTTCAGCGACC_1,0.0002009491528973931
P4TLH_AGCTTGACACGAAGCA_1,0.000200928665270251
P1TLH_CACACAAGTCACTTCC_1,0.00020084512614528723
P3TLH_ACGCCGACACCGGAAA_1,0.00020070091184770094
P5TLH_CTACCCATCCTGCCAT_1,0.00020042767068207675
P5TLH_GCAATCACAATGACCT_1,0.00020034860122237032
P1TLH_TTCGGTCAGCTCCCAG_1,0.00020029675222303997
P3TLH_TGCCCTAAGGACACCA_1,0.00020019843480457557
P4TLH_CGTCACTGTTAAGACA_1,0.0002001438661282365
P3TLH_TCGCGAGTCAACGAAA_1,0.0001998961206755878
P2TLH_CCAATCCTCCATGAAC_1,0.00019970595540655473
P1TLH_TACCTATGTTGGTGGA_1,0.00019966801925463796
P1TLH_CAAGTTGAGGATATAC_1,0.00019965994484981496
P1TLH_GTAGTCACATCGGGTC_1,0.00019965529950661853
P3TLH_AGCGTATTCTGGAGCC_1,0.0001996484939964663
P3TLH_TTGAACGTCCCGGATG_1,0.0001996339196555511
P4TLH_AAACGGGCATATGCTG_1,0.0001996040843276593
P5TLH_TGACGGCCAGTTCCCT_1,0.00019959876679990802
P3TLH_CGAGAAGAGTACGTAA_1,0.00019955552110388403
P3TLH_GAACATCAGGCTACGA_1,0.00019936602805927363
P4TLH_ACCTTTACATTCGACA_1,0.00019901040879706465
P4TLH_ATGAGGGAGAGCCCAA_1,0.00019898590720918927
P3TLH_CCTATTACAATAGCAA_1,0.00019893943066255605
P5TLH_CTCGAGGAGTCGCCGT_1,0.00019885568695889868
P2TLH_GTCGGGTTCGGAGGTA_1,0.00019864690317839014
P1TLH_CTACATTAGGTGACCA_1,0.00019863291407471465
P3TLH_GCTGCGAGTCAGAGGT_1,0.00019842195058326586
P1TLH_CGTGTAACATCAGTAC_1,0.0001983828500739712
P4TLH_CAGCTAACACCAGGCT_1,0.00019821322195472896
P5TLH_AACTCCCGTGGAAAGA_1,0.00019805349082910686
P3TLH_CGTTAGACATGGTCTA_1,0.00019799609762947832
P3TLH_GCATGCGTCTGCAAGT_1,0.00019786862420241108
P4TLH_GTGCATATCTGCAGTA_1,0.00019780227676380452
P1TLH_GGCTGGTTCACCATAG_1,0.00019780099817130108
P3TLH_GAGGTGATCTCGCTTG_1,0.00019754254283372904
P1TLH_TTGAACGGTACAGTTC_1,0.0001975391992689343
P3TLH_ATTGGTGCAAGCGTAG_1,0.00019753207533908254
P3TLH_TTCCCAGTCATTGCGA_1,0.00019752572479113246
P3TLH_TACGGGCCAGTCCTTC_1,0.0001974900511296412
P2TLH_GGAACTTCACTACAGT_1,0.00019744043919394644
P4TLH_TCTATTGGTGCCTTGG_1,0.0001973292632440491
P3TLH_TGCCCTAGTCGGCTCA_1,0.00019729035910977672
P1TLH_GGGTCTGGTCTCCCTA_1,0.0001972053105103478
P5TLH_GTCACGGCATGCTAGT_1,0.0001970863920055813
P3TLH_AACTCCCCAGTACACT_1,0.0001969135779310045
P4TLH_ACCGTAATCGGAAATA_1,0.00019689325086122184
P2TLH_GGGAGATCAGGGTATG_1,0.000196853577213712
P2TLH_GGATTACTCATAAAGG_1,0.00019677954968513292
P3TLH_CAAGAAACACCAGTTA_1,0.0001965601101612242
P3TLH_CAGAATCTCCCATTTA_1,0.00019649313895322607
P1TLH_TGTGTTTTCTATCCCG_1,0.00019647831883543243
P3TLH_TGGCTGGGTGAAATCA_1,0.0001964667235238332
P5TLH_CCTTTCTTCGTTACGA_1,0.00019642671685869592
P3TLH_CAAGTTGCATATACGC_1,0.0001963601831385142
P5TLH_TCGCGAGAGACTCGGA_1,0.0001963370605498548
P1TLH_ATAACGCAGAATAGGG_1,0.0001962949140712803
P3TLH_GCAAACTTCTCAACTT_1,0.0001962509368380625
P4TLH_GCTGCGAAGATATGCA_1,0.00019599981691763942
P3TLH_CGATCGGTCACAGTAC_1,0.00019593684291854338
P3TLH_ATGCGATTCCGCGGTA_1,0.00019593455536372748
P2TLH_GCTGCGAAGTTCGCGC_1,0.00019593391738956416
P5TLH_CCCATACCATGTTCCC_1,0.00019582062009380528
P3TLH_ATTATCCTCAGTCCCT_1,0.00019573963445550813
P3TLH_ATGGGAGAGGAGTTGC_1,0.0001956750523057723
P1TLH_ACGCAGCGTAAGGATT_1,0.0001956597386864762
P1TLH_CCGTGGAAGTTGAGAT_1,0.00019555873429306556
P3TLH_TGACTTTAGTACACCT_1,0.00019539661464234933
P4TLH_GGTGAAGTCGCACTCT_1,0.00019499906187195196
P4TLH_CTCTACGGTACCGTTA_1,0.00019492673844256588
P4TLH_GCAGCCACATTACGAC_1,0.00019486820336715794
P3TLH_AGCCTAATCGACAGCC_1,0.00019465312050355536
P4TLH_AGGCCGTTCGTCACGG_1,0.00019464035976976513
P5TLH_CTCGAAACAAGACGTG_1,0.0001945883395588438
P5TLH_GTTCGGGTCCGCTGTT_1,0.0001944563345841448
P5TLH_GGACGTCTCGCACTCT_1,0.00019441713585238176
P1TLH_ATGAGGGTCTGTCAAG_1,0.0001943133300140742
P3TLH_ACACTGACAAGACACG_1,0.00019424116317346134
P2TLH_AATCCAGCAATGAAAC_1,0.00019408212497899595
P3TLH_GCTTGAATCTCGCATC_1,0.00019395493682150097
P1TLH_TGGACGCTCCTCTAGC_1,0.00019385666971356215
P1TLH_CTCGGGACAGTCGTGC_1,0.0001932480630875217
P1TLH_GCTTCCAAGGCGATAC_1,0.00019314485115993113
P3TLH_AACCATGCATCCCACT_1,0.00019313111063763396
P3TLH_AGAGTGGTCCGCGGTA_1,0.00019280986409647762
P3TLH_CATGGCGGTCTGCCAG_1,0.00019280976015958586
P4TLH_GGCAATTAGGCATGTG_1,0.0001928042103307812
P3TLH_ATCCGAAAGACTACAA_1,0.00019246304985613442
P2TLH_TCTGAGATCTTGGGTA_1,0.00019233109680614815
P5TLH_CCAGCGATCGGAGGTA_1,0.000192200945674456
P2TLH_ATTGGACGTATATCCG_1,0.00019218028237352055
P5TLH_GTTAAGCAGTGCTGCC_1,0.00019217957869908686
P3TLH_CACCTTGTCTCCAACC_1,0.00019201877596755146
P5TLH_ACGATACTCTGTCCGT_1,0.00019173287374880593
P3TLH_GTGCGGTTCGTTTGCC_1,0.00019166310793826825
P4TLH_CGCTATCCAGGTCTCG_1,0.00019166278369389021
P5TLH_ATGTGTGTCACTGGGC_1,0.0001916577203910898
P3TLH_CAGAGAGAGATATGCA_1,0.00019162077097099222
P2TLH_TAAGTGCAGGACAGAA_1,0.0001916127652051507
P3TLH_TTGAACGAGAATCTCC_1,0.00019159284022767146
P3TLH_CAGCGACTCAGGCGAA_1,0.0001914504494182517
P3TLH_AGCGTATTCACCTCGT_1,0.000191355327161063
P5TLH_ATGAGGGGTTGGTTTG_1,0.00019129218771745068
P3TLH_ACGGGTCGTGTGCCTG_1,0.0001910005077836576
P3TLH_GAACATCCATTGGGCC_1,0.00019083035768198517
P2TLH_TTAGTTCCAGGGATTG_1,0.0001905929253047084
P5TLH_CACAAACGTTCCGTCT_1,0.00019034882757311704
P3TLH_CATTCGCAGAACTCGG_1,0.00019033993230321183
P5TLH_CGCGTTTTCCAGTAGT_1,0.0001903171483060788
P3TLH_CGACCTTCAGGTCGTC_1,0.00019022221348086296
P5TLH_TCTGAGAAGATCCTGT_1,0.00019020365252240477
P3TLH_GTTCATTAGAATAGGG_1,0.00019005907126166494
P4TLH_CAGCGACCACATGACT_1,0.0001900112812947803
P3TLH_CCAGCGAAGTCGCCGT_1,0.00018996864826377124
P5TLH_TTTGTCAGTGTTCTTT_1,0.00018989040621368374
P3TLH_AGTAGTCTCCCTTGCA_1,0.00018987468834641934
P3TLH_ACACTGAGTATCGCAT_1,0.00018987413303593844
P3TLH_CCCAGTTAGGAATGGA_1,0.00018966812324764426
P3TLH_TCGAGGCTCGTGACAT_1,0.0001894195287862496
P3TLH_CCACCTATCTAGAGTC_1,0.00018931093359208655
P3TLH_CACCACTCAAACGTGG_1,0.0001892592630480886
P5TLH_CCTAGCTGTGAGGGTT_1,0.0001891589422521141
P1TLH_TACACGATCTGTACGA_1,0.00018903631816381857
P3TLH_CTTTGCGCAGTCAGCC_1,0.00018889354898162644
P3TLH_GACACGCAGCTGCCCA_1,0.00018867450147933758
P1TLH_CGGACACAGATGTAAC_1,0.00018860014976408956
P3TLH_CAGCTAATCATGTCTT_1,0.0001885775645608624
P3TLH_AGAGCGAAGACGCAAC_1,0.00018856361629648673
P2TLH_CCGTGGATCATTGCGA_1,0.000188536020607592
P4TLH_CCACCTAGTACAGACG_1,0.00018841757076018637
P2TLH_TACTCATGTAGCTCCG_1,0.0001883706894632129
P3TLH_GGCTGGTTCGAATGCT_1,0.00018825933460544982
P1TLH_TCTTCGGAGAAACGCC_1,0.00018820919560247175
P1TLH_CCACCTAAGGCAGTCA_1,0.00018817000384970152
P3TLH_AGATCTGCAGCCACCA_1,0.00018800917912810902
P1TLH_GCCTCTACACCAGTTA_1,0.00018799640571069088
P1TLH_GGGATGAGTCGAAAGC_1,0.0001879890946455951
P5TLH_TGATTTCGTTCAGACT_1,0.0001878518582504205
P1TLH_CACACCTGTAGATTAG_1,0.00018781795226864554
P1TLH_ATAAGAGGTGTCTGAT_1,0.0001877559614541747
P3TLH_TCTCTAATCACTATTC_1,0.00018772489068546018
P4TLH_CCCAGTTGTAGCGATG_1,0.0001875369770983716
P3TLH_CAGCATAGTCATCCCT_1,0.00018753379318188932
P2TLH_GTACGTATCACAATGC_1,0.00018747598816801675
P5TLH_AGAGCGACAAAGCGGT_1,0.00018743437936798608
P3TLH_CATATTCCATCGTCGG_1,0.00018699172434744217
P4TLH_AGATTGCCAGCCTTTC_1,0.00018688769928170072
P3TLH_GACACGCTCGTGACAT_1,0.00018670586290266708
P3TLH_CTAGCCTAGGAGTCTG_1,0.000186585317724731
P3TLH_ACATCAGGTTCTGGTA_1,0.00018640179727084612
P4TLH_GGCTGGTAGGGTGTTG_1,0.00018632277826109597
P4TLH_ACTGTCCGTCTCAACA_1,0.0001863159884874444
P1TLH_GACTACATCGGAAACG_1,0.00018617249949729129
P3TLH_GGTGTTATCGCATGAT_1,0.00018599120592161178
P5TLH_TAAGTGCCAGAGCCAA_1,0.00018594569912397206
P3TLH_AGGGATGGTAATCACC_1,0.0001858900320610944
P3TLH_TAGCCGGGTACGACCC_1,0.00018581102194720076
P3TLH_ATTACTCAGTGAACAT_1,0.00018564858407662787
P3TLH_TGTATTCGTCTTCGTC_1,0.00018545712245004656
P5TLH_CCTTACGCACACGCTG_1,0.0001853115835136093
P1TLH_TCAATCTGTGACCAAG_1,0.0001852180135112258
P5TLH_CATGGCGGTAGTAGTA_1,0.0001851689578002883
P4TLH_GAGCAGAAGAGACTAT_1,0.00018503885782704415
P3TLH_AGGGATGAGCGTAATA_1,0.0001850199837011695
P5TLH_GTGAAGGTCACCACCT_1,0.00018491321149597073
P1TLH_GCTGCTTCAGGATTGG_1,0.00018486592295262677
P1TLH_CCCATACAGAGTAAGG_1,0.0001847521652195564
P5TLH_GGTGCGTTCACAAACC_1,0.00018471089660354134
P4TLH_ACACCAAAGCAGATCG_1,0.00018468610640820092
P4TLH_CTGTGCTCAACTTGAC_1,0.00018455431213141216
P3TLH_GCCAAATGTGTTGGGA_1,0.00018434753448713176
P1TLH_TACACGATCAAACAAG_1,0.00018411300778816453
P3TLH_ACGAGCCTCGGTCTAA_1,0.0001840094832775228
P4TLH_GATGAAATCAGTACGT_1,0.00018398054965543178
P3TLH_TGTGGTAAGCACCGCT_1,0.00018375390999280308
P3TLH_GAACCTAGTTGTACAC_1,0.00018350973066326857
P5TLH_CATGGCGCAAGTCATC_1,0.00018345986848262693
P3TLH_CACACAATCTACCTGC_1,0.0001833813310977058
P2TLH_GAACCTAAGCGACGTA_1,0.0001833645602170142
P4TLH_CACAAACTCTGCGGCA_1,0.00018315295327621346
P3TLH_CCGGTAGCATGGTCTA_1,0.00018307754255544273
P3TLH_ACGGGCTTCGGCTTGG_1,0.0001830710289796567
P1TLH_AGCAGCCAGAGCTATA_1,0.0001830178930973121
P3TLH_TGTGGTAAGAAACCAT_1,0.0001829899021135547
P3TLH_GACTGCGTCGTTTAGG_1,0.00018282148013450423
P3TLH_TGCTACCTCAGTTAGC_1,0.00018276342883787305
P1TLH_ACTGTCCGTGTCCTCT_1,0.00018257213618366665
P1TLH_GGTGTTATCGCGTAGC_1,0.00018251599043062926
P4TLH_TAAGTGCTCAGCTCGG_1,0.00018244295573490802
P5TLH_CAGATCAAGCTACCGC_1,0.00018241970359922138
P3TLH_GATGAGGGTGTGACGA_1,0.00018240548886866616
P3TLH_GACTAACAGGAGTTGC_1,0.0001823359736163083
P4TLH_GTAACGTAGGCATGGT_1,0.00018221879520947961
P2TLH_AGCTTGAAGGGTGTGT_1,0.00018219666000536327
P4TLH_AGCCTAAGTCTGGTCG_1,0.0001821853690435779
P2TLH_TGAGCCGAGTGAAGAG_1,0.00018199396050258028
P5TLH_GGCGACTGTAGGAGTC_1,0.00018196445409670437
P3TLH_CTTGGCTCAGCTGGCT_1,0.0001819363595843956
P3TLH_CGATTGACATGCTAGT_1,0.00018181287465025717
P4TLH_AACTCTTCAGCTGCTG_1,0.00018178763125865688
P2TLH_TGGCTGGGTTTGTTGG_1,0.00018172625859399385
P3TLH_TGCTGCTTCTAAGCCA_1,0.00018165950258498082
P3TLH_CCCTCCTAGCGATAGC_1,0.00018156158280295098
P3TLH_TAAGCGTGTAGGACAC_1,0.0001815564964983616
P3TLH_CGAGCACGTCTAGCCG_1,0.00018154966665715982
P1TLH_CATCGAACATCCCACT_1,0.00018150011451068673
P4TLH_ACGCCAGGTTCCACGG_1,0.00018140223599301094
P3TLH_TGCGTGGCAGACGCTC_1,0.00018120591753132233
P3TLH_ATCACGACATTACCTT_1,0.0001811725046674395
P3TLH_CATATTCAGTCTCAAC_1,0.00018110860804327754
P1TLH_GGGCATCCATGGTAGG_1,0.00018108626245145803
P4TLH_TGCGCAGTCCTCCTAG_1,0.00018100343307361189
P4TLH_CACACTCCAGTCCTTC_1,0.00018094296823473557
P4TLH_CTTCTCTCAGGCTCAC_1,0.00018090057277287083
P5TLH_CAGAGAGCATGCATGT_1,0.00018076952857793913
P1TLH_CAGCATAGTTGCGCAC_1,0.00018076540729265107
P4TLH_CCCAATCTCACTCCTG_1,0.00018062930578404898
P4TLH_TCTTTCCAGTGACATA_1,0.00018056022475891506
P1TLH_CCTTACGCACGACTCG_1,0.0001804485313113375
P4TLH_AGGGTGACAGTTTACG_1,0.00018023375508690286
P3TLH_CGTCTACCACGGTGTC_1,0.00018018535739808256
P2TLH_AGCATACGTTCAGACT_1,0.0001801299925434191
P3TLH_GGCCGATGTACAAGTA_1,0.00018009543248196372
P2TLH_AAGGAGCTCTATCGCC_1,0.000180055378167787
P1TLH_ACTGAGTCAAGCGAGT_1,0.00018001565101886984
P3TLH_CCGGGATGTCTCTTAT_1,0.00018000984352268575
P1TLH_ACATACGTCATAGCAC_1,0.0001799964234281032
P4TLH_CCTTCCCAGGCTAGGT_1,0.00017997640379678836
P1TLH_CGATCGGGTTCGTTGA_1,0.00017994764543123636
P3TLH_TCAGGTAAGGGTTTCT_1,0.00017984193780150014
P5TLH_AGATCTGAGAGGTTGC_1,0.0001796118184064961
P5TLH_GTCGTAAAGTGCGATG_1,0.00017952721640104378
P5TLH_TACCTTATCTATGTGG_1,0.00017942199235230848
P3TLH_AGCGGTCTCTTCCTTC_1,0.00017932231164565345
P5TLH_TACTTGTCAGATTGCT_1,0.00017932012486239414
P2TLH_GAACGGAAGCCACTAT_1,0.00017928382616568052
P5TLH_CGGCTAGGTAAGAGGA_1,0.00017911358315117384
P1TLH_GAACGGATCGTATCAG_1,0.00017896290833208661
P5TLH_ACACTGAGTATTCTCT_1,0.00017885374888699615
P2TLH_GATTCAGGTCGCGAAA_1,0.00017881545968987685
P5TLH_TGGTTCCGTTACGGAG_1,0.00017880979595923777
P1TLH_GTGCGGTCATGGTTGT_1,0.00017878087466757618
P1TLH_ACTGAACTCATGTGGT_1,0.00017872823841103323
P3TLH_GCAGTTATCGCCAGCA_1,0.00017872147688734996
P1TLH_TGCGTGGCACGCCAGT_1,0.0001786345006053748
P3TLH_GCGAGAACATGCTGGC_1,0.0001785104817906789
P2TLH_TGCCCTATCTTACCGC_1,0.00017850093552345287
P3TLH_AAGTCTGAGTATGACA_1,0.0001784348429363821
P1TLH_GTGAAGGGTGGTCCGT_1,0.00017842378488903268
P1TLH_AGGGATGAGGTCGGAT_1,0.00017834678214320197
P3TLH_TACACGATCTTGTCAT_1,0.0001781209517463427
P3TLH_GGGTTGCAGAAGGACA_1,0.0001781062224068122
P3TLH_TAGACCACATTGGCGC_1,0.00017801528773651813
P4TLH_TATGCCCCAAGGTTTC_1,0.00017798902194706093
P4TLH_CGCTTCATCGTACCGG_1,0.0001779744371889084
P3TLH_CTTAGGATCTTGTACT_1,0.0001779628812534918
P3TLH_CACCACTCACTCTGTC_1,0.00017775578204515846
P3TLH_TCAATCTGTTACGCGC_1,0.00017770653129497467
P4TLH_CAGTAACCAGCCAGAA_1,0.00017759654401578739
P3TLH_AGTAGTCGTTAAGATG_1,0.00017754274509252437
P3TLH_TTGCGTCCAATGAATG_1,0.00017741873731917985
P3TLH_TCTTCGGGTGAAAGAG_1,0.00017730044183211926
P3TLH_CGCTTCATCGAACGGA_1,0.00017724264556099941
P1TLH_TCTATTGAGGCATGGT_1,0.00017712275948409122
P3TLH_CCTCAGTAGAGATGAG_1,0.0001770614778667057
P3TLH_ATTCTACAGCGTAATA_1,0.0001769667738479852
P1TLH_GGATGTTGTGCCTGGT_1,0.00017681863035477584
P4TLH_CCTAAAGGTGTGTGCC_1,0.00017672303681607763
P5TLH_GTACTTTGTACAGCAG_1,0.0001766909816105254
P2TLH_TTTCCTCAGGTGATTA_1,0.00017660929568841238
P3TLH_CAGTCCTGTGTCAATC_1,0.00017654783003095625
P3TLH_ACCGTAATCCACGTGG_1,0.00017652893460741334
P1TLH_AGGCCGTGTGGGTATG_1,0.00017648960081255387
P3TLH_TTGCGTCCAAACGTGG_1,0.00017637224990205933
P5TLH_CCTCAGTTCTCCAGGG_1,0.00017628973895071105
P4TLH_TCAATCTAGGATGGTC_1,0.0001762806176690414
P3TLH_TCAGGTACAATGGTCT_1,0.00017625581640064302
P3TLH_GCGCAACCATCGGGTC_1,0.00017618453346381044
P2TLH_CACCACTGTTACGTCA_1,0.00017614377025441542
P5TLH_GGACAGAGTTATGCGT_1,0.00017613864630925479
P1TLH_GCAGTTATCCCTCAGT_1,0.00017612481359970667
P5TLH_TCAGCAAGTCGCTTCT_1,0.00017607289101573127
P5TLH_CCTTCCCCACAACTGT_1,0.00017605629285207179
P1TLH_ACCTTTACAGCATGAG_1,0.00017598974819989317
P1TLH_GACAGAGGTGTGGCTC_1,0.00017551550070369755
P3TLH_CAGTAACCACCAGATT_1,0.00017540608477301233
P5TLH_ACACCCTTCAAAGACA_1,0.00017540181373005526
P4TLH_AAGACCTTCTGCCAGG_1,0.00017510315283004766
P3TLH_GTAGTCAGTCTAGAGG_1,0.00017509955478406538
P3TLH_ATCACGATCCCTTGCA_1,0.0001750881509155042
P1TLH_CTTACCGCAATGGATA_1,0.0001750733196910571
P1TLH_AGTGTCAGTCCCGACA_1,0.00017506821986647579
P5TLH_ATGTGTGAGAAGAAGC_1,0.00017504390923050813
P5TLH_GCGACCAAGCGATCCC_1,0.00017499608717659574
P3TLH_TGCGTGGTCATGGTCA_1,0.0001749798902350761
P5TLH_AGGTCCGTCGCCTGTT_1,0.00017491739208503205
P1TLH_AGGGTGAGTCCGAAGA_1,0.00017491519769427001
P3TLH_GGCAATTAGTGCAAGC_1,0.00017479927063777958
P1TLH_TCGGTAATCTTGACGA_1,0.00017479673558923843
P5TLH_TGCCCTACATCGTCGG_1,0.0001747575643364317
P3TLH_GATGAGGTCCAGTATG_1,0.00017473633632166888
P3TLH_CCCAGTTAGCTGCAAG_1,0.00017469725823980703
P1TLH_ACGGAGAAGATATACG_1,0.00017464362088604902
P5TLH_CGTCCATGTATCAGTC_1,0.000174549122282657
P1TLH_TTAGTTCGTCCGTCAG_1,0.00017452347521303206
P4TLH_TGCCAAATCGGATGGA_1,0.0001745224715772804
P3TLH_ACAGCCGTCATTTGGG_1,0.00017448397830959443
P3TLH_ATAAGAGAGGCAATTA_1,0.00017431889147971762
P4TLH_ACGGGCTAGCGTTGCC_1,0.00017428826618244174
P5TLH_CGTGTAACATGCCCGA_1,0.0001741267402227479
P2TLH_CTAGCCTCAGAGCCAA_1,0.00017408854803800913
P4TLH_CACAGTATCAGCACAT_1,0.00017390268319500247
P1TLH_TATCTCAAGACTAAGT_1,0.000173890035932622
P4TLH_AGATCTGTCGTCGTTC_1,0.00017377792678023232
P1TLH_TCCCGATGTGCTGTAT_1,0.00017361548275837094
P3TLH_CACAAACCAAACCTAC_1,0.00017348479829064144
P1TLH_CGCTATCCACGGTGTC_1,0.0001734801288744682
P3TLH_CCGTGGAAGGTTCCTA_1,0.00017345218858141458
P1TLH_TTGGCAAAGCGATCCC_1,0.00017334542893897062
P3TLH_CATCGAAAGTCCGGTC_1,0.0001733290446557902
P5TLH_TCCCGATTCTCTGAGA_1,0.0001733035096751489
P4TLH_AACTCCCAGGATGGTC_1,0.00017314334819562194
P5TLH_CGGACTGTCACAGTAC_1,0.0001730877832712988
P5TLH_ACATCAGCAGGGATTG_1,0.00017288889847362436
P5TLH_ACAGCTAAGTCGAGTG_1,0.00017288269444400988
P3TLH_AACGTTGGTCCGACGT_1,0.00017276991696432703
P1TLH_TGCTGCTCATTTGCCC_1,0.00017274697547881753
P5TLH_ATCTGCCAGACACGAC_1,0.00017269393469314818
P3TLH_AGCTCCTCATGTCTCC_1,0.0001726901559415137
P3TLH_CCTCAGTAGCTAGTGG_1,0.00017258939006851043
P4TLH_ATGCGATAGTCATGCT_1,0.00017257116370859643
P1TLH_TCTCTAAAGACCGGAT_1,0.00017251661295121414
P4TLH_TGCGTGGCAAAGCGGT_1,0.00017176529838668975
P2TLH_TGGTTCCTCGCACTCT_1,0.00017163652078729165
P3TLH_CGCCAAGAGGGTTCCC_1,0.0001716270758449167
P3TLH_CTGATAGTCTGTCCGT_1,0.0001713326602888371
P1TLH_CCCATACCAACACCCG_1,0.00017123141038962166
P4TLH_ATTGGACCAAAGCGGT_1,0.00017119354630663983
P1TLH_TACTTACCACGAGAGT_1,0.0001711129664553441
P5TLH_CGAGCACAGACCTTTG_1,0.00017110650009576124
P1TLH_GACCTGGCAAGTTAAG_1,0.0001711001439891646
P1TLH_CAAGGCCTCAAGAAGT_1,0.00017103010258638304
P4TLH_TGCGCAGGTCATACTG_1,0.00017102838268756433
P3TLH_GAATGAAAGTCCGGTC_1,0.00017095881963759122
P3TLH_TAGAGCTAGTGTTTGC_1,0.00017090481771236667
P3TLH_TGGCGCATCATGCAAC_1,0.0001708801757495945
P5TLH_CCTACACAGACAAGCC_1,0.0001708134517754758
P1TLH_CCCATACCACTTGGAT_1,0.00017074586309782566
P4TLH_CGGACGTCACTTAAGC_1,0.00017067403956321154
P3TLH_AGTTGGTCAGCCAATT_1,0.00017062157115792798
P2TLH_TCGTACCCAGCTGTGC_1,0.00017062104477884082
P3TLH_ACATGGTAGTTGCAGG_1,0.00017050072801172702
P4TLH_AGAGCGAGTAAGAGAG_1,0.0001704780276356286
P3TLH_TTGCGTCAGTAGGTGC_1,0.00017033277025435442
P4TLH_TTTGCGCAGACTGGGT_1,0.00017028494166002286
P3TLH_TGAGGGACAATGTAAG_1,0.00017024296143626329
P4TLH_CGATGGCTCAAACAAG_1,0.000170205964173488
P3TLH_GTGTTAGCATGGAATA_1,0.00017013623032164054
P3TLH_TGGGAAGTCTATCCCG_1,0.0001701081463253629
P3TLH_GTCAAGTGTGAACCTT_1,0.00016996295189696727
P3TLH_CAAGGCCTCCCATTTA_1,0.0001698160245690922
P1TLH_ACATGGTCATCCTTGC_1,0.00016979713057515785
P4TLH_GTCATTTGTACAGCAG_1,0.00016976369492295075
P4TLH_GACAGAGAGAGGTTAT_1,0.00016968822864889044
P3TLH_AGAGCTTGTTACGCGC_1,0.00016964070152521166
P3TLH_GCGCAGTAGGAGTACC_1,0.0001695784709717397
P5TLH_GCGCCAATCGTAGATC_1,0.00016957731144810016
P3TLH_CATGCCTTCCTAGTGA_1,0.00016951432461756585
P3TLH_CGTTAGATCGCGCCAA_1,0.00016942452640556456
P5TLH_TACGGGCTCTAACGGT_1,0.00016941731358326937
P1TLH_GTCACGGTCACCATAG_1,0.0001692964289884445
P4TLH_AGATTGCGTCAAGCGA_1,0.0001691864918148653
P5TLH_GACAGAGTCCCAACGG_1,0.00016916583344761036
P1TLH_GACTAACAGAAACGCC_1,0.00016913919179239708
P2TLH_TCGCGAGAGCTGTTCA_1,0.00016894954247249458
P3TLH_GACTAACTCACCCTCA_1,0.00016884864430628018
P5TLH_CATGGCGAGGTCATCT_1,0.00016878345872116006
P3TLH_CAAGAAATCCAGTAGT_1,0.00016868897035108806
P3TLH_TGCGCAGCATGAAGTA_1,0.00016866503482666556
P3TLH_ACTGATGCACGGCTAC_1,0.00016863590737944563
P1TLH_GTGCGGTAGCCACGTC_1,0.0001686167495160371
P1TLH_CAACCTCCAGCTTCGG_1,0.00016857060648383713
P2TLH_CAAGGCCTCAAGAAGT_1,0.0001685376873610123
P3TLH_GTCAAGTCACATGGGA_1,0.0001685318773568656
P4TLH_GACTAACCACTACAGT_1,0.0001685309992255134
P1TLH_CTGTTTAAGGAATGGA_1,0.00016852876411684292
P5TLH_CTTAACTGTATGAATG_1,0.0001684796354241706
P3TLH_GTTACAGAGACTACAA_1,0.00016844406810946483
P4TLH_GATGCTAGTGGGTATG_1,0.00016836834737157355
P2TLH_CAAGGCCAGTCGATAA_1,0.0001682861396615153
P2TLH_CATTCGCCAAGTAGTA_1,0.00016822412781462783
P5TLH_TACCTTAAGTACGTAA_1,0.00016816674811592373
P3TLH_AGGCCACGTTAGAACA_1,0.00016811780024687987
P2TLH_AAGTCTGGTTCCCTTG_1,0.00016809434783969786
P3TLH_CACTCCAAGATGTTAG_1,0.00016807401700490474
P5TLH_GATCAGTGTAAAGGAG_1,0.00016802984750963472
P4TLH_AACTCTTCACCGTTGG_1,0.00016783992664789798
P3TLH_TAAGAGAGTTAGGGTG_1,0.00016782062184218967
P5TLH_CGTCCATGTCTGGAGA_1,0.00016779062230558547
P4TLH_AGGTCCGAGATAGTCA_1,0.00016767240143520512
P3TLH_TCAGGATCAAGGTTTC_1,0.0001676043836429201
P3TLH_AAGGCAGAGAAGGTGA_1,0.00016753722512388217
P2TLH_TGGGCGTTCTCATTCA_1,0.0001674924693240942
P3TLH_TAAACCGGTCTGCGGT_1,0.0001674522461244985
P1TLH_CAGCTAATCTATCGCC_1,0.0001673438265339491
P1TLH_GACACGCCAGCGATCC_1,0.00016728874875908986
P3TLH_CTACCCACACTCAGGC_1,0.00016722057454066397
P3TLH_GGCGTGTCAATGGTCT_1,0.00016717973074686327
P1TLH_TCCACACAGAATGTGT_1,0.00016715169424711857
P2TLH_TAAACCGTCCTTGCCA_1,0.00016711865315063233
P3TLH_CGAGCCAAGTACCGGA_1,0.0001670334718655976
P3TLH_ATGGGAGAGGAATTAC_1,0.00016689269671512017
P1TLH_CATCGGGAGTAAGTAC_1,0.00016685254257524316
P3TLH_GTAACTGCATGCTAGT_1,0.00016683288937587924
P5TLH_TGATTTCCACACATGT_1,0.00016673344549937398
P1TLH_ATCCGAAGTGAAATCA_1,0.0001667321044161042
P4TLH_CAGCCGACAAATTGCC_1,0.00016668868022785127
P3TLH_CGACCTTAGTCTCCTC_1,0.0001666857061721566
P3TLH_GAAGCAGAGGCTCAGA_1,0.00016657963708130365
P1TLH_TACAGTGGTCTGCCAG_1,0.00016655976155391494
P4TLH_ACGGGTCCATCTGGTA_1,0.00016651447802149927
P3TLH_TTTCCTCAGTGGTCCC_1,0.00016635779767837575
P3TLH_TACAGTGGTACCGTAT_1,0.0001663340745124909
P3TLH_AAGGCAGAGCCCGAAA_1,0.00016627160084559787
P2TLH_CCTAGCTTCGTATCAG_1,0.00016625165292350817
P5TLH_GCGCAGTTCAACGCTA_1,0.00016620407122135096
P3TLH_TTTACTGGTAGTACCT_1,0.00016620101298517223
P3TLH_TTCTCCTCATGAACCT_1,0.00016604958146434893
P3TLH_CAAGATCAGAATAGGG_1,0.00016592796764426307
P3TLH_GCAGCCACACGACGAA_1,0.00016590548841664254
P4TLH_AAAGATGAGGACGAAA_1,0.00016585975183587364
P3TLH_GTAGTCAGTTATTCTC_1,0.0001657909988535572
P3TLH_CAAGAAATCGTGGTCG_1,0.00016576882486051274
P3TLH_GAAGCAGCATCCAACA_1,0.00016575507653626695
P1TLH_GTTTCTATCAGCGACC_1,0.00016574721481193178
P3TLH_ACTGAGTTCGATGAGG_1,0.0001657444468401864
P1TLH_AACCATGCAGCGAACA_1,0.00016564681584304176
P1TLH_TGCGCAGCATCACAAC_1,0.0001656290923003118
P2TLH_CGTTCTGGTTTGACTG_1,0.00016560970571097804
P5TLH_CGGCTAGAGAGCCCAA_1,0.00016552282990210863
P3TLH_TGCCCATAGCGTTTAC_1,0.00016547813206545283
P1TLH_TTGGAACAGCAGATCG_1,0.00016545264964487957
P4TLH_AGCATACAGACCGGAT_1,0.0001653614221275467
P4TLH_CTAGAGTCACATGACT_1,0.0001653431071355695
P3TLH_ATCCACCTCTTACCTA_1,0.00016530433676028737
P3TLH_CCATGTCGTCCGAATT_1,0.00016518619390065153
P3TLH_AGCAGCCGTTCCGGCA_1,0.0001651006940718798
P5TLH_TTCTCCTGTTAGGGTG_1,0.00016507002285518415
P5TLH_TTAGTTCTCAATCTCT_1,0.00016504278999552644
P3TLH_CGGACACCAGCTGCAC_1,0.00016487374634773414
P3TLH_CATATGGGTCTTCGTC_1,0.00016471768941609804
P3TLH_TAAACCGAGTTTGCGT_1,0.00016466528409403653
P2TLH_CTCTACGAGCAACGGT_1,0.00016444444481844523
P3TLH_CGTCTACTCGCATGAT_1,0.0001644210561466237
P3TLH_GATTCAGGTCCGTTAA_1,0.00016436306620971165
P3TLH_ACGGGCTTCAGGTTCA_1,0.00016421192009432957
P4TLH_GGAACTTTCCCTCAGT_1,0.00016419093999549506
P4TLH_TTAACTCGTAAATACG_1,0.00016413296896481674
P4TLH_GTCTCGTAGTGCTGCC_1,0.00016391362020704557
P2TLH_GAGGTGAAGAAGGTGA_1,0.00016390140407969832
P5TLH_TCGGTAAAGTGGGCTA_1,0.0001638652576449728
P4TLH_CAGTAACGTCTAGCGC_1,0.00016383619777973486
P5TLH_CACCAGGTCCTTTCTC_1,0.00016383517582476448
P2TLH_GTACTTTAGTAGTGCG_1,0.00016377972527365932
P3TLH_CACATTTCAAGGTGTG_1,0.0001637711117583835
P2TLH_CATATTCCACATCCAA_1,0.00016367005379637985
P5TLH_CTAAGACCACAGACAG_1,0.00016358661509283974
P2TLH_AAAGTAGAGCTAACAA_1,0.00016358467793655898
P1TLH_GTTCATTAGTTCGATC_1,0.000163526229683871
P3TLH_GTTAAGCAGTTACGGG_1,0.0001635063486548041
P1TLH_CAGCAGCGTAGCACGA_1,0.00016348746730880214
P1TLH_GTGTGCGTCTATGTGG_1,0.0001632416065691788
P3TLH_TCACAAGGTATATGGA_1,0.00016320140048630994
P3TLH_CTACGTCGTGTGGTTT_1,0.00016298337445281975
P4TLH_AGTAGTCAGAAACCTA_1,0.00016284852115137666
P3TLH_CCTAAAGGTACGAAAT_1,0.000162834465713213
P3TLH_CAGCCGATCCAGATCA_1,0.0001627945189000997
P3TLH_ACGCAGCAGACTGGGT_1,0.00016278684553089633
P2TLH_ACGGAGAGTGACGGTA_1,0.00016264457779270527
P4TLH_ACCCACTCAATGGAGC_1,0.00016257843139611723
P1TLH_TACCTATAGGACAGCT_1,0.00016257652069143324
P3TLH_AAGTCTGGTTGCGTTA_1,0.00016247495869981904
P3TLH_CAAGAAAAGACCACGA_1,0.00016233742830987552
P3TLH_ACGAGCCTCGGACAAG_1,0.00016219007234782095
P4TLH_TGGTTCCTCAGCGATT_1,0.0001621825821031156
P3TLH_GCAAACTCATGTCTCC_1,0.00016206913048363405
P1TLH_ACCAGTAAGCCTCGTG_1,0.00016201162665309619
P1TLH_AAGTCTGGTCTGGAGA_1,0.0001619921952746623
P1TLH_GTATCTTGTTTACTCT_1,0.00016199076394378013
P2TLH_GTAGGCCCAGTAGAGC_1,0.0001619870081811485
P1TLH_CGATGTATCAAACCGT_1,0.00016198639797763907
P3TLH_CATCCACAGCGATAGC_1,0.00016198140575165117
P3TLH_TTAACTCTCCAGGGCT_1,0.00016195778378422574
P3TLH_TACGGTAAGGTACTCT_1,0.00016195103992255785
P2TLH_CATTATCGTACAGACG_1,0.00016186566139911714
P3TLH_GTATTCTAGGTGATTA_1,0.00016164927413551364
P2TLH_GGACATTGTATGAATG_1,0.00016161273993226932
P5TLH_TGCACCTAGTGGTAAT_1,0.0001615591488462382
P1TLH_GCTCCTACAACACCCG_1,0.00016155833762015673
P2TLH_TACCTATAGCTAGGCA_1,0.00016153871925185404
P3TLH_TCGCGAGGTCGCATAT_1,0.00016139048287540505
P4TLH_ACGGCCAAGGGAACGG_1,0.00016138036749561006
P5TLH_CTAGAGTCAGATCTGT_1,0.00016125247942664134
P3TLH_TCAACGATCTCTGTCG_1,0.0001611943322511028
P3TLH_TGACAACCAGGCTCAC_1,0.0001610378469291591
P3TLH_GCTCCTAAGAATCTCC_1,0.00016100967482822112
P3TLH_CAGATCAGTGCGCTTG_1,0.00016093235081178752
P3TLH_CACTCCACAACAACCT_1,0.00016081944683332206
P1TLH_CACCAGGCAGACAAAT_1,0.00016066265012811223
P4TLH_TACCTATTCACGAAGG_1,0.00016066246773278385
P2TLH_CGCGGTAGTCTCCATC_1,0.00016064557009030822
P3TLH_CAGCATAGTCCAGTAT_1,0.0001606064257794516
P2TLH_TTAGTTCCACCGATAT_1,0.00016050312910893458
P3TLH_GAAGCAGTCTGCTGTC_1,0.0001605024958455895
P3TLH_GTCGTAAGTTGTACAC_1,0.0001603477010551869
P3TLH_CTACATTTCTGAGTGT_1,0.0001602637473567451
P3TLH_GGGACCTCACAACGCC_1,0.0001602473625191424
P3TLH_TCGTACCGTTGGACCC_1,0.00016024606147725193
P4TLH_GACTGCGTCTACTCAT_1,0.0001602097588924748
P4TLH_TCGGTAATCAGTTGAC_1,0.00016020792451664588
P5TLH_AAAGCAAGTTTACTCT_1,0.00015992271189800474
P4TLH_TTCGGTCGTCTAGCCG_1,0.00015990138030098477
P3TLH_GATCTAGGTTTGTTGG_1,0.00015973362727976902
P1TLH_GTCATTTTCGGAAACG_1,0.00015954030352184127
P3TLH_TTCGAAGGTGAGCGAT_1,0.00015945169896113587
P3TLH_TAGGCATGTACCAGTT_1,0.00015912770907486229
P4TLH_CTTCTCTAGGCCATAG_1,0.00015904120511819176
P3TLH_AACTCCCTCACATAGC_1,0.00015898668166382913
P3TLH_GGACATTTCGGCTTGG_1,0.0001589575335974785
P4TLH_GCGCGATTCGGACAAG_1,0.00015887303684188875
P3TLH_TGCCCATTCCACGTTC_1,0.00015885699539639007
P3TLH_AGTGTCATCCTTGGTC_1,0.00015885066423643762
P3TLH_TGATTTCTCTGCTGTC_1,0.0001588453231939228
P1TLH_GTCAAGTAGCAGGTCA_1,0.0001586841903625383
P3TLH_TTCGGTCGTCCTCTTG_1,0.00015863717522770365
P4TLH_GTTCGGGGTCTAGAGG_1,0.00015860233954122785
P3TLH_GGACGTCGTTTAGCTG_1,0.00015853537513004995
P2TLH_ACTATCTCAGCATGAG_1,0.00015851622907302906
P3TLH_GTTAAGCAGACACGAC_1,0.0001584947189133378
P4TLH_TTTGTCACACCAGCAC_1,0.00015846705642139086
P5TLH_GCGCCAATCGTAGGAG_1,0.00015845864378534352
P3TLH_CATCAAGAGCTAGTTC_1,0.0001583942860000565
P5TLH_CTAGAGTGTCCTCTTG_1,0.00015838198048745544
P5TLH_TCTTCGGCAGTTCATG_1,0.0001583559937816823
P2TLH_ATTACTCTCCGTTGCT_1,0.00015817756119607525
P1TLH_GGACATTAGGTGATAT_1,0.00015813883238946649
P5TLH_CCGGTAGTCGGCGGTT_1,0.00015805372697764593
P2TLH_GGACGTCTCTGCTGCT_1,0.0001580423052551309
P3TLH_CAACCAAAGATCCCGC_1,0.0001579238899544698
P3TLH_TTGTAGGTCCTTGCCA_1,0.00015788034412082304
P3TLH_AACTTTCTCAACTCTT_1,0.0001578544675962912
P4TLH_CGTAGGCTCTATCCCG_1,0.0001578323777041985
P2TLH_GACGCGTGTGTGACGA_1,0.0001577668774994282
P1TLH_AACTCAGTCGGAGCAA_1,0.0001574685093242626
P5TLH_GGCTCGACATCGATGT_1,0.0001573819352596489
P1TLH_ACGGGTCGTGCCTGCA_1,0.0001573745910903955
P5TLH_CCGGTAGAGGAACTGC_1,0.0001573476598884476
P3TLH_TGGGCGTCATGTTCCC_1,0.00015715856843472959
P1TLH_TGTGGTATCACGAAGG_1,0.000157146476804652
P1TLH_CAGTAACTCGGAGGTA_1,0.00015713606766194736
P3TLH_ATTGGTGCACAAGTAA_1,0.00015712352392765506
P4TLH_CGTGTAATCATGGTCA_1,0.00015711868529548462
P3TLH_CTACGTCAGCCAGTTT_1,0.00015698541720079963
P1TLH_CAAGATCCAACACGCC_1,0.00015693251634360587
P3TLH_CGAGAAGAGAGGGATA_1,0.00015689888500782198
P3TLH_GGGTCTGCAAGTCTGT_1,0.0001568613581884466
P3TLH_AAAGTAGTCGGAAACG_1,0.0001568392505486071
P3TLH_ACGCCAGCAAGACACG_1,0.00015672139583050763
P1TLH_TGACAACTCCTCATTA_1,0.00015639124523348434
P3TLH_CCATGTCCAATAGAGT_1,0.0001563641716202855
P4TLH_CCTCTGACATCACGAT_1,0.00015623818610654332
P1TLH_CTAGTGAAGACATAAC_1,0.00015617389910666213
P2TLH_AGCGTCGTCAAACCAC_1,0.00015612311475688513
P5TLH_CTAAGACCATTAGGCT_1,0.0001560773126915856
P2TLH_TCGTACCAGATGTAAC_1,0.00015594137225582566
P3TLH_AGCTCTCGTAGCACGA_1,0.00015593940956915608
P4TLH_TGAGGGAGTATCAGTC_1,0.0001558460898946132
P3TLH_TGCGGGTAGGTGATTA_1,0.00015573031064166585
P5TLH_TCGGTAAGTGTATGGG_1,0.00015572379258844792
P2TLH_TTTGTCACACATGTGT_1,0.00015565704857010957
P3TLH_CGTAGCGTCAGTACGT_1,0.00015562398443686164
P3TLH_CGTAGGCTCAACACTG_1,0.0001555946082797776
P4TLH_TACTCGCCAAGTAATG_1,0.00015552878147582084
P3TLH_CGAATGTTCCGTTGTC_1,0.0001555099227520859
P2TLH_TAAGAGAAGGCACATG_1,0.00015549792817606044
P4TLH_GGACGTCAGTGTGAAT_1,0.0001554221215202893
P3TLH_CCACTACAGAGAACAG_1,0.0001554059554402803
P5TLH_CCTCTGATCAAGGTAA_1,0.00015538892549801794
P3TLH_ATCTGCCCAGATCGGA_1,0.00015528454900529684
P3TLH_CGATTGATCGCAAACT_1,0.0001552303618279341
P4TLH_CAGCGACGTATGAATG_1,0.00015517900706835244
P3TLH_GATCGATGTCAAAGCG_1,0.00015512366072545402
P3TLH_GTAACTGGTGTTTGGT_1,0.00015510898522857683
P5TLH_CGATGTAAGTGGGCTA_1,0.0001550535163538385
P5TLH_GTGCAGCGTCACCTAA_1,0.00015500343171663642
P5TLH_GTACTCCAGACTGGGT_1,0.00015488380871303312
P1TLH_ACTTTCACATGCAACT_1,0.0001548603994251334
P3TLH_GAATAAGAGTTACGGG_1,0.00015482478151786244
P4TLH_GGAATAACAAGTAATG_1,0.00015477250931694914
P5TLH_CCTAAAGAGCCGATTT_1,0.00015473070773985333
P5TLH_TCTTCGGGTCCGAAGA_1,0.0001546509781515121
P2TLH_GGCAATTTCAGTGTTG_1,0.00015452858303359647
P3TLH_ACGGAGATCGAACTGT_1,0.00015442812470067719
P1TLH_CTCTACGCAAGCCGCT_1,0.00015435478887379712
P2TLH_GTTTCTAGTAGCGTCC_1,0.000154341923216723
P3TLH_TTTGGTTGTACCGGCT_1,0.00015420237188650064
P3TLH_TGCTACCAGTCCCACG_1,0.0001541481768653225
P3TLH_GGGAATGAGATGGGTC_1,0.0001541309260227938
P5TLH_TCTCTAAAGAAGGACA_1,0.0001540289479853219
P3TLH_GGCGACTAGCCCAGCT_1,0.0001540049890789751
P4TLH_TTCGAAGAGGCATGGT_1,0.0001539688209596504
P4TLH_GTGCTTCAGATGTAAC_1,0.00015378268742165238
P3TLH_ATGGGAGGTACCGAGA_1,0.00015372868170157377
P3TLH_CGCCAAGGTGGTCCGT_1,0.00015369125909741143
P4TLH_ATTATCCCACCTCGGA_1,0.00015366828374289155
P3TLH_CCACCTATCATTCACT_1,0.00015364559728416453
P5TLH_GCTGCAGCATAGGATA_1,0.00015363015268400788
P3TLH_AAACCTGGTTCTGTTT_1,0.00015362408369718215
P3TLH_GATCGATTCAAGGTAA_1,0.00015354263001092668
P3TLH_GCGACCATCCTGCCAT_1,0.00015350325783887437
P4TLH_TATCAGGTCTTGTATC_1,0.00015337561189325682
P5TLH_CCTTACGGTTCAGACT_1,0.00015334034990401542
P5TLH_ACCGTAATCATAGCAC_1,0.00015333270193633558
P5TLH_TATGCCCTCACTCTTA_1,0.00015331086398003737
P2TLH_GTATCTTGTAGGAGTC_1,0.00015328686213553463
P3TLH_CACACTCCATAGTAAG_1,0.00015324049444312798
P4TLH_AGGCCACTCCCAGGTG_1,0.00015321650859559933
P5TLH_ACGATACGTGATAAAC_1,0.00015317951986101294
P5TLH_TACGGGCGTATCGCAT_1,0.00015308721664758444
P2TLH_CACCTTGCACCCATGG_1,0.0001530780370685708
P3TLH_TTCTCAAAGGCTAGGT_1,0.00015295624423723131
P4TLH_AAACGGGCAGGCTGAA_1,0.00015279888465368456
P3TLH_AAGGCAGGTGTTGGGA_1,0.00015278161359600373
P3TLH_AACACGTGTTCAGTAC_1,0.0001526956867722148
P3TLH_CTAATGGCACCAGGTC_1,0.0001526699570687264
P5TLH_AAAGCAAGTTATCACG_1,0.00015259290089850372
P3TLH_TCGAGGCCAGTCAGAG_1,0.00015256956447466216
P3TLH_GCATGATTCCTGTACC_1,0.00015253780676194784
P3TLH_CGTTCTGCATTATCTC_1,0.0001524168147435562
P1TLH_CCTAAAGGTCGAGATG_1,0.000152383978514587
P4TLH_CACACTCTCGGCATCG_1,0.00015238055232986539
P4TLH_CACCTTGAGAGCTGGT_1,0.0001523776401270552
P5TLH_TCTCATAAGGCAATTA_1,0.00015224066994473675
P4TLH_AGAATAGCAGACTCGC_1,0.00015208535308856405
P3TLH_AGGGAGTCAGTGGGAT_1,0.0001520788474287986
P3TLH_GACGTGCTCCGCATCT_1,0.00015207624281919358
P1TLH_CCGTACTCAGGAATGC_1,0.0001520710773082784
P3TLH_ACGGGTCAGGATATAC_1,0.00015206531564177642
P3TLH_TCCACACCAACGATCT_1,0.00015195145570886826
P3TLH_CAGGTGCGTCTAGTGT_1,0.00015188611927162136
P2TLH_CTTAACTTCAGTTCGA_1,0.00015188029773648633
P3TLH_CGCTTCAAGCGTTGCC_1,0.000151876819627683
P5TLH_GCTGCTTTCTGTTTGT_1,0.0001518300656801048
P4TLH_TACCTTAAGGAACTGC_1,0.000151665895381913
P1TLH_CGTTCTGTCAAACAAG_1,0.00015160659386184635
P3TLH_CCTAGCTTCAGTTGAC_1,0.0001515499069241003
P1TLH_CTCTACGAGGATATAC_1,0.0001515410364208592
P3TLH_TGACTAGGTGTAAGTA_1,0.00015145953250990824
P2TLH_TTCGAAGTCTCGCTTG_1,0.00015144581945864384
P4TLH_GACACGCGTAGTGAAT_1,0.00015131057985582672
P4TLH_TGACAACAGTGCGTGA_1,0.00015130655473644442
P3TLH_TGGGCGTTCTAAGCCA_1,0.0001512599257527362
P3TLH_TGTATTCGTTACGACT_1,0.00015115661321515032
P1TLH_GTTTCTAAGGGTTCCC_1,0.0001511528652953056
P3TLH_GTTCTCGAGAATCTCC_1,0.00015113588655796096
P3TLH_CGGACTGTCAGGTAAA_1,0.00015108876633978862
P3TLH_AATCCAGCATGCGCAC_1,0.00015099557512299078
P4TLH_TTCCCAGTCTTACCGC_1,0.00015091348668789292
P3TLH_CGCTGGAAGTCCGTAT_1,0.00015084729596719535
P1TLH_CTGAAACGTTTCGCTC_1,0.0001507360236978079
P1TLH_GATCTAGCATGACGGA_1,0.00015072767651493323
P2TLH_GACTGCGCAATCCAAC_1,0.00015060026011773914
P3TLH_GTTCGGGTCTGTACGA_1,0.0001505273114318701
P1TLH_ACTGCTCGTACTCAAC_1,0.00015052192739674046
P1TLH_TCATTTGCATGCCCGA_1,0.0001505034225179956
P1TLH_CTGCGGACAAGTCATC_1,0.00015047983687911022
P3TLH_GGACAAGTCAACGCTA_1,0.00015038599844949347
P1TLH_CTCGGAGAGCTAGTGG_1,0.0001503596193770413
P1TLH_CAAGATCAGAGTGACC_1,0.00015029039518431103
P1TLH_CGATGTAGTTGCTCCT_1,0.00015024513370410876
P3TLH_TCAGGTAAGGGTTCCC_1,0.00015016732839905322
P5TLH_GGACGTCGTACCGAGA_1,0.00014990275586482937
P3TLH_CAGCAGCCAGTGACAG_1,0.00014983539900960408
P1TLH_TCTTCGGGTGCGAAAC_1,0.0001498031038833405
P3TLH_ACGGAGAAGATGCGAC_1,0.00014972891965478666
P3TLH_CCTTACGGTGACGCCT_1,0.00014970030293088167
P1TLH_GAAATGAGTCAGAAGC_1,0.00014969953086973727
P5TLH_CGTAGGCGTGTAAGTA_1,0.00014963094981655789
P3TLH_TCACAAGCACGGTGTC_1,0.00014945434898903123
P5TLH_TGACTTTAGAGAACAG_1,0.000149158079701948
P3TLH_TGTCCCAGTGTGACGA_1,0.00014910103633935468
P3TLH_GCCAAATGTCCTCCAT_1,0.0001489208953003091
P5TLH_GAATAAGTCTCCCTGA_1,0.0001487754581527989
P4TLH_CTAGCCTGTCACTGGC_1,0.0001487308874831022
P3TLH_TTGAACGTCACTATTC_1,0.00014871346562208822
P5TLH_ACGAGGATCGTCTGCT_1,0.0001486921710951357
P1TLH_GACACGCTCGGTGTTA_1,0.0001485779545361741
P3TLH_TTTGCGCGTCCAACTA_1,0.00014855814055890566
P4TLH_CGTTCTGAGATCTGCT_1,0.00014854616042322326
P1TLH_GATGAAAGTCGCATAT_1,0.00014843886981149015
P4TLH_ACTGATGTCGCCTGTT_1,0.00014840520030382274
P5TLH_TCTCTAACACGCGAAA_1,0.00014840063854462912
P1TLH_GCTCCTAGTTAGTGGG_1,0.00014839694287151778
P1TLH_AGCTCTCCAGGGCATA_1,0.0001483181829169255
P3TLH_TAGTTGGTCAGTACGT_1,0.00014826431163071912
P5TLH_GATGAAAGTACAGTGG_1,0.00014824364793288394
P3TLH_GGAGCAAAGTAAGTAC_1,0.00014820146590532814
P1TLH_CAACCAACAATCCGAT_1,0.0001481491686202537
P2TLH_CGGCTAGTCACGCATA_1,0.00014812719533948798
P4TLH_GATGCTATCCTAGGGC_1,0.0001481096181026152
P3TLH_TAGACCAGTTAAAGAC_1,0.00014810823931932828
P3TLH_ACATCAGCAAGTCATC_1,0.00014790755096073653
P3TLH_GTCATTTGTGGTGTAG_1,0.0001478902641869589
P3TLH_GAAACTCCACAGGCCT_1,0.0001478594362602627
P5TLH_TCAGATGCATAACCTG_1,0.00014784429577666255
P3TLH_GCTGCAGAGCTAGTCT_1,0.00014783746890939197
P5TLH_AGCGGTCTCCTTTACA_1,0.00014781444788001757
P2TLH_AGAATAGGTCTTGCGG_1,0.00014780075810000924
P2TLH_TACAGTGAGGCGCTCT_1,0.0001476986792988692
P3TLH_TTTGCGCTCTGCTTGC_1,0.00014769222177595727
P4TLH_AACTCAGGTGGGTCAA_1,0.0001476668891552794
P5TLH_CACTCCACAATAACGA_1,0.00014765227522880108
P1TLH_GTCTCGTAGAGGTACC_1,0.00014763656620522654
P3TLH_GCAAACTCAGCTGCAC_1,0.00014760880091463764
P3TLH_AACGTTGAGCTGATAA_1,0.00014751867053838642
P2TLH_CGCGTTTTCCAGTATG_1,0.00014746064344015332
P3TLH_ACAGCTAGTACGCACC_1,0.00014736561566485527
P3TLH_CGAGCACAGAAACCAT_1,0.00014735463556045554
P5TLH_TTTCCTCAGTGGTAAT_1,0.0001473439094584079
P5TLH_GATGCTAGTCTCTTTA_1,0.00014707964389022374
P1TLH_CAGAGAGCAGCTCGCA_1,0.00014706493998550117
P1TLH_CTCATTAAGCCCTAAT_1,0.00014699735764776248
P4TLH_GCATGTAGTACGAAAT_1,0.00014698299119417812
P4TLH_TGTGTTTAGTTCCACA_1,0.0001469327386652945
P1TLH_ACGGGCTGTGACTCAT_1,0.0001469273554060973
P5TLH_TCGAGGCGTTATGTGC_1,0.0001468532134402493
P3TLH_TAGCCGGGTATCAGTC_1,0.0001465939868313013
P4TLH_CTCTAATCATCGGAAG_1,0.00014658545312558362
P1TLH_TCAGATGGTCTAACGT_1,0.00014642444310653771
P2TLH_ATGGGAGAGCACGCCT_1,0.00014638863592136495
P3TLH_CGTCAGGCATCGGACC_1,0.00014625539692569834
P5TLH_CGTCTACGTTAAGAAC_1,0.0001461796502982707
P4TLH_AAGGCAGAGACAGGCT_1,0.00014609197148678245
P2TLH_GATCAGTAGGCATTGG_1,0.00014604038226897855
P3TLH_AACTGGTCAGAGCCAA_1,0.00014603288880677613
P3TLH_GGGATGAAGCGTTTAC_1,0.00014597420361350645
P1TLH_ATGAGGGGTCACCCAG_1,0.00014582882468152533
P5TLH_TATTACCTCTGTCCGT_1,0.00014582263948686506
P4TLH_TTGACTTCACGGTGTC_1,0.0001458165125574615
P3TLH_ACCCACTGTACCGTAT_1,0.00014573931175895725
P5TLH_GGGTTGCCATGTCGAT_1,0.00014572836546272066
P4TLH_GAAGCAGGTGCCTTGG_1,0.00014570643786889997
P2TLH_TGCACCTAGTACGATA_1,0.0001456799471762182
P5TLH_TGTATTCAGCAAATCA_1,0.0001456471053205595
P4TLH_GAGCAGACACCATGTA_1,0.00014564202132484423
P3TLH_TACCTATCAACGCACC_1,0.0001456317231152036
P2TLH_AGAGCGAAGCCCAATT_1,0.00014559458246644994
P3TLH_ACCTTTATCCGTAGTA_1,0.00014559087534318075
P4TLH_GAACATCTCCGAACGC_1,0.0001455463361633534
P2TLH_CTGAAGTTCGCGGATC_1,0.00014543199960307535
P3TLH_CTAACTTAGGATTCGG_1,0.00014539268087979256
P3TLH_AGCTCTCGTTCTCATT_1,0.0001453569560941547
P3TLH_CGGACACGTGGGTCAA_1,0.00014534244670080343
P3TLH_TAAGTGCAGTAACCCT_1,0.00014522960045425799
P3TLH_CGTCACTTCGGCTACG_1,0.00014492938061048304
P2TLH_GAATGAATCCGTCATC_1,0.00014484851196244658
P4TLH_ATCCACCGTTTGACAC_1,0.0001446806145527612
P3TLH_CATATGGGTCAACATC_1,0.00014465313148764118
P3TLH_TATTACCTCTGCGACG_1,0.00014462950224228074
P3TLH_GAAACTCGTTCGAATC_1,0.00014450725606237336
P5TLH_GGAGCAATCGAATGCT_1,0.00014437895113840875
P3TLH_CAAGATCCACATTTCT_1,0.0001442450080552115
P1TLH_CAGTAACAGCTACCGC_1,0.00014424443918994263
P3TLH_GATGAGGCACCATGTA_1,0.0001442079448210717
P2TLH_GCATGCGCACATAACC_1,0.0001441516148252838
P1TLH_GTTAAGCGTAGCACGA_1,0.00014415045222453335
P5TLH_CTGGTCTTCCTTGGTC_1,0.00014412049120483735
P1TLH_ATCACGACACGGTAGA_1,0.000144111459595911
P5TLH_GACAGAGCAGATGGCA_1,0.0001441017010110934
P2TLH_AGACGTTCAGCTCGAC_1,0.00014408391273801249
P3TLH_GCGCGATCATGTTGAC_1,0.00014396394658072875
P3TLH_CATCGGGTCACTCTTA_1,0.00014384230766486332
P1TLH_AGTGTCAGTAGCAAAT_1,0.00014382822750617127
P1TLH_CACATAGGTCTAGTGT_1,0.00014380985974595615
P2TLH_CGAATGTAGGCAGTCA_1,0.00014380192958023336
P1TLH_CTAATGGTCTAGCACA_1,0.00014379611421712736
P3TLH_GGAACTTAGCTTATCG_1,0.00014372441625649972
P3TLH_GGACGTCAGCAAATCA_1,0.0001436942903904278
P1TLH_ATAACGCGTCACTGGC_1,0.00014360800216813214
P3TLH_CCATGTCCATGTAAGA_1,0.0001435415828947577
P1TLH_AAGGAGCGTCTTGATG_1,0.00014347336336368728
P5TLH_GTCGGGTCATACGCTA_1,0.00014345415567429472
P1TLH_CTCAGAAAGAAGCCCA_1,0.00014343051775637556
P3TLH_GTACGTAGTCCTAGCG_1,0.00014336829141789372
P4TLH_AGCGTATGTGCACGAA_1,0.00014333395301577019
P2TLH_ATGGGAGTCACGCGGT_1,0.00014328985880812035
P4TLH_TACTTGTCACAAGTAA_1,0.00014319525298976514
P3TLH_GCTTGAACAATGTTGC_1,0.00014307426094904021
P3TLH_TTGGAACGTCTCTTAT_1,0.00014300277853414938
P3TLH_TGACAACCACGGCTAC_1,0.0001430013579105719
P3TLH_GTTCATTAGAGCTGCA_1,0.00014299417291846882
P1TLH_GGCGTGTTCACCCGAG_1,0.00014296727138788116
P3TLH_CCACGGACAGTACACT_1,0.00014292528024146414
P2TLH_TGCGGGTGTAAGTGGC_1,0.00014288763922127773
P4TLH_GCGGGTTCATCCCATC_1,0.0001428741157689278
P3TLH_CGGCTAGGTGACAAAT_1,0.00014279614946329568
P5TLH_CGCGTTTGTACGACCC_1,0.00014270295450954137
P5TLH_CAGCCGATCTTACCTA_1,0.00014268537598183487
P3TLH_GAAATGAAGTATTGGA_1,0.00014259656532236963
P3TLH_ACACCCTCAGCCTGTG_1,0.0001425772063931879
P2TLH_TACACGAAGAGCTTCT_1,0.00014254442562057403
P1TLH_CAGTAACCAGATGAGC_1,0.00014244925834231776
P4TLH_GTACGTAGTAGCGCTC_1,0.00014244438801751632
P5TLH_ACGGGTCAGTGTACTC_1,0.00014242604789318724
P4TLH_CTGAAGTCAGGTGCCT_1,0.00014238066183945038
P3TLH_CACACCTTCGCTAGCG_1,0.00014228825672887006
P3TLH_CTTTGCGCAAACGTGG_1,0.00014224932635832952
P4TLH_TCTGAGAGTATGCTTG_1,0.00014214758551581847
P3TLH_CATCCACAGATACACA_1,0.00014206318900189413
P3TLH_GCAAACTAGTCGCCGT_1,0.00014195926202012596
P5TLH_ATCCGAACAGATAATG_1,0.0001419557598153247
P5TLH_CACAGTAAGCGGCTTC_1,0.00014194091072775006
P3TLH_AAGCCGCTCAGAGGTG_1,0.0001419223164253672
P5TLH_CTCGGAGTCTTAGCCC_1,0.00014183707592828896
P3TLH_TCGTAGACAGCTGTGC_1,0.00014182409546458375
P1TLH_CACATTTGTCGCGGTT_1,0.0001417801768343391
P3TLH_GACGTTAGTAGAGTGC_1,0.00014173248678507543
P3TLH_GGGATGAGTCCGAACC_1,0.00014171384990284213
P3TLH_TGAGCCGGTACCGCTG_1,0.00014166471086960467
P1TLH_TAGAGCTTCGTCCAGG_1,0.00014157027259821919
P3TLH_CATGACATCACCATAG_1,0.00014148991405393921
P4TLH_AACTCTTCATTTGCCC_1,0.00014143441844191983
P3TLH_CAAGTTGGTTGAGGTG_1,0.00014142798363555732
P3TLH_GTAACGTTCTGCAAGT_1,0.00014140655735405801
P3TLH_AGGTCATCAGGTCGTC_1,0.00014137235514249044
P2TLH_CTGCGGACAAGGTTCT_1,0.00014129693256308116
P4TLH_TCACGAAGTTGAGGTG_1,0.00014118315012476393
P3TLH_GCATACAAGGACGAAA_1,0.00014104889510327713
P3TLH_GCCTCTACAAGCCATT_1,0.00014099007253324893
P5TLH_ACTGCTCGTTGGTAAA_1,0.00014098068026368354
P3TLH_GTGTTAGCACCGATAT_1,0.00014092942181527187
P3TLH_CAAGAAAAGGCAGTCA_1,0.0001409198120911678
P2TLH_AGCTTGAAGGAGCGTT_1,0.0001409073812860832
P2TLH_CCTACACCATCACGTA_1,0.00014090147317189823
P4TLH_CCACCTAAGGAGTTTA_1,0.0001407648795601898
P4TLH_CTGCTGTCAACTGCTA_1,0.00014063737602340053
P4TLH_ATCATGGGTCTCTTTA_1,0.0001405190068811206
P4TLH_GAATGAATCCTTGCCA_1,0.0001405032687223467
P1TLH_AGAGTGGGTCCCTACT_1,0.00014047512795546327
P3TLH_TCATTACAGTACACCT_1,0.00014046902142394327
P1TLH_AAAGCAAGTGTTTGTG_1,0.00014035109673468497
P5TLH_TCGAGGCTCCATGAGT_1,0.0001402196498979327
P1TLH_GTGCTTCGTGCACCAC_1,0.0001402041078199889
P5TLH_CGAGCACAGACAGAGA_1,0.00014019346163464505
P3TLH_TTTGTCAAGCACCGCT_1,0.00014019145888232755
P2TLH_GGTGCGTGTCCAAGTT_1,0.00014011915764380656
P2TLH_CTCGTCAGTGAGGGAG_1,0.00013985276175084804
P3TLH_GCGGGTTGTGATAAGT_1,0.0001398202347533366
P3TLH_TGGCGCAAGCATGGCA_1,0.00013979992713130472
P3TLH_GATTCAGTCAGAAATG_1,0.00013979589751642488
P4TLH_TACTTACAGAGCTGGT_1,0.0001397829166186472
P4TLH_GTTACAGTCATGTAGC_1,0.00013970084814822234
P3TLH_ACAGCTAGTTCAGACT_1,0.0001395510054978941
P3TLH_GACGTTAAGATAGCAT_1,0.00013942305432422877
P2TLH_CGTTCTGCATGCTAGT_1,0.00013941627424921577
P3TLH_ACAGCCGGTGAGCGAT_1,0.00013940407538122165
P3TLH_GTTAAGCAGTACGCGA_1,0.00013923469226111206
P4TLH_AACTTTCAGCTAACAA_1,0.00013917084805946546
P5TLH_GAATAAGAGATCCTGT_1,0.00013912107984613375
P4TLH_CTGAAGTGTAGGCATG_1,0.000139119277728334
P3TLH_TTCTCAAAGTTCGCAT_1,0.0001390492336674646
P3TLH_GAACATCGTCATCCCT_1,0.00013896936955791548
P3TLH_TATCAGGCATATGCTG_1,0.00013892663513801026
P5TLH_CCACCTATCCCTGACT_1,0.00013892144735375467
P3TLH_CAAGTTGAGTTTGCGT_1,0.00013889373831233338
P2TLH_AACTCTTGTGTTTGTG_1,0.00013884092818131733
P3TLH_TGACTAGCATACGCTA_1,0.00013883997139666127
P3TLH_GTCACGGCAAGCCATT_1,0.00013847912010054808
P3TLH_ACGATACTCCTACAGA_1,0.0001384283018954048
P4TLH_GAACGGATCTCGTTTA_1,0.0001384277592033206
P1TLH_AGAGCTTAGCCACGCT_1,0.00013829037593367984
P4TLH_TCTGAGACATACCATG_1,0.0001381188986580168
P1TLH_TAGGCATAGATATGGT_1,0.00013805919946208346
P3TLH_AAGGAGCCAATGGAAT_1,0.00013799322679416905
P5TLH_TGTGTTTTCTGCAGTA_1,0.00013777197371015373
P3TLH_GACGTTATCGTGTAGT_1,0.00013770569391933365
P3TLH_GATCGTATCCCGACTT_1,0.0001376999075718381
P3TLH_GGAACTTGTCGCATAT_1,0.0001376843359176041
P3TLH_GGCCGATAGGCAAAGA_1,0.00013749770141833085
P4TLH_AAGGTTCAGTACACCT_1,0.00013744756323790755
P3TLH_CAGCTAAAGGAGTACC_1,0.0001373895942736542
P3TLH_GCAGTTATCGTGTAGT_1,0.00013732834295048164
P4TLH_GCTTGAACATTTGCCC_1,0.00013729619542617597
P4TLH_AAATGCCAGGCTAGAC_1,0.00013716876971762564
P5TLH_CAGTCCTTCCTCAACC_1,0.0001369995819616934
P3TLH_CCCTCCTAGGCATGGT_1,0.00013699372442391562
P5TLH_CGCTTCACATGAGCGA_1,0.00013698538767959123
P3TLH_AACTCCCAGTATTGGA_1,0.00013694951899410933
P3TLH_TAAGTGCCATTCCTGC_1,0.00013688132019003924
P3TLH_GACCAATGTCTTGATG_1,0.00013687900227496436
P5TLH_CCCTCCTCAGCCAGAA_1,0.0001368714964074867
P5TLH_ACGATGTTCAAGGTAA_1,0.00013680749510364053
P3TLH_CGACCTTGTACATCCA_1,0.00013680552954417028
P4TLH_ACTGTCCTCTGGTTCC_1,0.00013673435896572768
P3TLH_TTGGAACAGGGAGTAA_1,0.00013669191150705997
P1TLH_TTCGAAGGTTCGGGCT_1,0.00013666738276226485
P1TLH_AAGGTTCAGTGGACGT_1,0.00013665044730973408
P1TLH_GGGACCTGTGGTCTCG_1,0.0001366213724412762
P4TLH_TCTGAGATCTGGCGTG_1,0.00013658087839474368
P3TLH_GCGCCAATCAAACCGT_1,0.0001365644608867805
P4TLH_ACGGGTCCAACACCTA_1,0.0001365547635623523
P5TLH_GGTGAAGGTTATCACG_1,0.00013652602549584297
P3TLH_CAAGTTGAGTCTCAAC_1,0.0001364137091852687
P3TLH_AACTGGTGTCTCTCGT_1,0.00013639902289957294
P3TLH_ATCATCTTCGGTGTTA_1,0.00013633516659503452
P3TLH_TGACGGCCAGTCACTA_1,0.00013629903714659506
P2TLH_TGCGCAGGTACCTACA_1,0.00013627124546415235
P4TLH_TAAACCGGTGCCTGTG_1,0.00013621511319621498
P3TLH_CGTTCTGTCTGATACG_1,0.00013617300422507852
P3TLH_AAGGAGCTCGGAAACG_1,0.00013615512382637648
P2TLH_GTTCATTTCAAGGCTT_1,0.00013613408797402094
P4TLH_CGGTTAATCGCTTAGA_1,0.00013607100689647819
P5TLH_TAGCCGGCAGTATAAG_1,0.00013604669928306116
P5TLH_GTGCTTCCACCATGTA_1,0.00013602300417437556
P4TLH_CACACTCTCGCACTCT_1,0.0001359967126762949
P3TLH_ATCTACTGTCTAAACC_1,0.00013597387974760078
P3TLH_ATCACGAAGGCTAGAC_1,0.00013595991155088616
P5TLH_CGTGTAAGTGTGAAAT_1,0.00013592559455014
P4TLH_TGAGGGAAGCAGACTG_1,0.0001359191859813281
P4TLH_ATTGGTGCAGCTATTG_1,0.00013591551801285954
P4TLH_AAGCCGCCAACTGCTA_1,0.00013590927630409302
P3TLH_GCACATAAGGCCCTCA_1,0.0001358994638464169
P5TLH_ACACCGGGTTTGTTTC_1,0.0001358900175834179
P3TLH_CCTACCACAAGCGAGT_1,0.000135886961698375
P4TLH_ATCATGGAGACTTGAA_1,0.0001358793478806147
P3TLH_TATCAGGTCGATAGAA_1,0.00013587005940608716
P3TLH_TGCTGCTCAAGCGAGT_1,0.00013579555793156442
P3TLH_TTTGTCAAGCCGATTT_1,0.0001357949252313922
P5TLH_CATGCCTGTACGCACC_1,0.0001357931502700921
P3TLH_ACGATACTCAGAGGTG_1,0.00013579067003427847
P3TLH_GTATCTTAGGTGATTA_1,0.00013562849204692477
P2TLH_GACAGAGGTTGAACTC_1,0.00013559397468745812
P3TLH_TGTGTTTAGAGGTTGC_1,0.00013555600913812507
P4TLH_GCTGCGATCTGATACG_1,0.00013549727652433183
P4TLH_GGGTTGCTCGCCATAA_1,0.00013544416938525577
P3TLH_CGTGTAACAACAACCT_1,0.00013541861438967932
P3TLH_ACGAGCCGTCTCCATC_1,0.00013541625025586005
P2TLH_GGACGTCGTTTGGCGC_1,0.00013536243568891586
P1TLH_ACACCCTCACGGCCAT_1,0.00013535869964660644
P4TLH_GCAGCCACATACCATG_1,0.00013531212098022376
P1TLH_CGTCACTAGTACATGA_1,0.0001350227816056397
P5TLH_ATCTACTTCTTTACGT_1,0.00013496153468166977
P1TLH_GGGACCTTCCCGACTT_1,0.00013491170128010144
P5TLH_TATCTCACACATCCGG_1,0.00013482360793609925
P1TLH_TCTCTAAGTCAGAAGC_1,0.00013476037058953418
P5TLH_GATTCAGAGAGCTGGT_1,0.0001347160003720128
P4TLH_CACATTTGTGTGACCC_1,0.00013471323207244103
P4TLH_ACGATACAGGTGTGGT_1,0.00013470776694337423
P2TLH_CGCTGGACATCACAAC_1,0.00013467546771661932
P2TLH_TCACAAGGTGCAGTAG_1,0.0001346501313936994
P3TLH_CAGCTAAAGGGTCGAT_1,0.0001345814833620188
P3TLH_AACTCCCAGACCTTTG_1,0.00013457735169821605
P2TLH_ATTCTACGTCGAATCT_1,0.000134516646308212
P3TLH_ACTATCTTCCAGAGGA_1,0.00013446387847149425
P3TLH_CACCAGGTCCTCTAGC_1,0.000134434364008193
P4TLH_GTCGTAAGTTACTGAC_1,0.00013435614451401927
P3TLH_GCGCAACAGGTACTCT_1,0.0001343548791808863
P4TLH_GGGCACTCAAATTGCC_1,0.0001343232079014514
P3TLH_CTTACCGAGTTGTAGA_1,0.0001342486179626737
P3TLH_GAGCAGACAGTCAGCC_1,0.00013418911558299025
P3TLH_CGAGAAGGTCCGTCAG_1,0.00013403519761238586
P5TLH_CGTAGCGGTGTGACCC_1,0.00013399746916358806
P4TLH_CTCGTCACATATACGC_1,0.0001335241251783843
P2TLH_GCGCAACGTCGGCATC_1,0.00013352069611175297
P5TLH_GTTCGGGCACGACGAA_1,0.0001334931525791694
P2TLH_TTAACTCTCCAGTAGT_1,0.00013349186001216826
P5TLH_TACTTACTCTTCGAGA_1,0.0001333188289285908
P5TLH_TTGCGTCGTCATGCCG_1,0.0001333059302869927
P3TLH_TGATTTCGTCCGACGT_1,0.00013330463382943669
P4TLH_ACATACGGTGGTCCGT_1,0.00013327769504761728
P3TLH_AAACGGGAGGGTCGAT_1,0.00013315121256985866
P3TLH_CCGTTCAAGATGTGGC_1,0.00013312070251081954
P2TLH_TCACGAAGTAAGAGAG_1,0.00013307437663698574
P3TLH_CCCAATCAGTACGTTC_1,0.00013297546475983475
P1TLH_GTGCATATCTAACTTC_1,0.00013291919459608087
P4TLH_TGGCGCAGTACCGTTA_1,0.00013285828363368942
P3TLH_CGAGCCAGTCACTGGC_1,0.000132849315114074
P3TLH_TCTCATAGTATTCTCT_1,0.00013283793463216755
P1TLH_GTTCGGGGTAAATGAC_1,0.0001327676151573033
P5TLH_ATCACGATCTAAGCCA_1,0.00013274444968525804
P2TLH_GACGCGTTCGCACTCT_1,0.0001327345674517349
P2TLH_GAAACTCGTGCACCAC_1,0.00013272799383615586
P5TLH_GTGCAGCTCTAGAGTC_1,0.00013268791332766815
P3TLH_CCATTCGGTAGGAGTC_1,0.00013260413993577627
P3TLH_AGCTCTCAGGCCCTTG_1,0.000132603475619237
P4TLH_AACTCCCTCCTCGCAT_1,0.00013258837520085698
P4TLH_GCATGTAGTGATAAGT_1,0.00013256303924160187
P2TLH_TCGCGAGGTAGATTAG_1,0.00013243915148774215
P3TLH_ACGGGTCAGAGAACAG_1,0.0001324245363520099
P1TLH_TACGGTAAGTGTGGCA_1,0.0001323585172868837
P2TLH_CCGTTCAGTGTCTGAT_1,0.00013232063726410453
P1TLH_GTTCTCGGTACCAGTT_1,0.00013228736971404492
P3TLH_CGGAGCTGTTCCACTC_1,0.00013226143191944932
P5TLH_GGGATGATCCCATTAT_1,0.00013218227843371727
P3TLH_TAAACCGGTCCCTTGT_1,0.000132138299895379
P5TLH_GCGCAGTGTGTAATGA_1,0.00013212778568629492
P4TLH_GTGTTAGAGGAGTTGC_1,0.0001320918588667675
P4TLH_TCATTTGAGTCAAGCG_1,0.00013205313022113024
P1TLH_ACGATACTCAGGATCT_1,0.0001320274703147281
P3TLH_CGATGTAGTGAAATCA_1,0.00013198602800315444
P3TLH_CTCCTAGCAATGCCAT_1,0.00013196011035433337
P2TLH_CGGAGTCAGAACAATC_1,0.00013191018785813516
P4TLH_AACTCTTGTGCTAGCC_1,0.00013190790888462214
P3TLH_CCACGGATCCCTTGCA_1,0.00013175254957133195
P4TLH_ATTTCTGCATTGCGGC_1,0.00013169910902784157
P4TLH_TCGGGACCAGCGATCC_1,0.00013166862283258928
P3TLH_CGTGTAAAGGACCACA_1,0.00013163779812939955
P5TLH_CTGCTGTAGTCCGGTC_1,0.00013163726975181741
P3TLH_ACCGTAAAGCAGATCG_1,0.0001316058928491869
P4TLH_TGACTAGAGACATAAC_1,0.00013160399043611894
P3TLH_GTGAAGGAGCGTGAGT_1,0.0001313773709352651
P5TLH_GCAAACTGTCTTGATG_1,0.00013134945169276019
P2TLH_GACTACATCTCATTCA_1,0.0001311679507052505
P2TLH_CGTTAGATCTCCCTGA_1,0.0001311627938798771
P3TLH_GTCTCGTGTACTTAGC_1,0.00013109828335114773
P4TLH_CTTAACTTCGCTAGCG_1,0.00013106487555187028
P4TLH_CAACCAACAACTGCTA_1,0.0001310010654562707
P5TLH_CAGCAGCCATAGGATA_1,0.00013093870961014109
P4TLH_GTGTGCGCACAAGTAA_1,0.00013087647219675987
P3TLH_TGGCCAGTCCTCATTA_1,0.00013087236329270395
P3TLH_AAGGCAGCACTGTCGG_1,0.00013086670264109655
P3TLH_GTTTCTAAGTACGTTC_1,0.00013084444632291856
P4TLH_ACAGCTATCAGGTTCA_1,0.00013084225509659336
P3TLH_CGACCTTAGCCCAATT_1,0.00013082799128936356
P1TLH_GCATGCGTCACCACCT_1,0.00013080212605025925
P3TLH_GACTAACTCTTGCAAG_1,0.00013057999370510713
P1TLH_TAGAGCTGTTCGTTGA_1,0.00013033635947134776
P5TLH_TACCTATCAACTGCGC_1,0.0001303107825230678
P3TLH_GTGGGTCTCGGTCCGA_1,0.00013030501956651035
P5TLH_ATGGGAGGTACGACCC_1,0.00013030034684606803
P4TLH_AACACGTCAATGAAAC_1,0.00013029477784141743
P2TLH_CACAGGCAGCCCAACC_1,0.00013029070171531666
P4TLH_CTCGTCAGTCTCCATC_1,0.0001302674790264692
P1TLH_ACACCAATCCTCAATT_1,0.00013024322486031106
P3TLH_ATCCACCAGTAGCGGT_1,0.00013024222345210093
P5TLH_GCCAAATAGAGACGAA_1,0.00013020152429390748
P4TLH_GGACATTCACATTCGA_1,0.00013008902921405737
P3TLH_CTAGCCTTCGGCCGAT_1,0.0001300531226079027
P1TLH_CGATGGCTCAGTGCAT_1,0.0001299572168585385
P5TLH_AGTCTTTTCCGCGCAA_1,0.0001298925966158973
P3TLH_GAGGTGATCATGCAAC_1,0.0001298675807511326
P3TLH_ACCCACTGTCGCGAAA_1,0.0001298128638128273
P3TLH_TCAGGATAGGCAATTA_1,0.0001297914178839977
P3TLH_CAGCTGGGTCCAACTA_1,0.00012977504110047906
P3TLH_CGATGGCCAAGTAATG_1,0.00012976995294651216
P5TLH_TCTATTGGTGTGAAAT_1,0.00012970265842339354
P4TLH_TTGCCGTTCGTACGGC_1,0.0001296976072072772
P1TLH_CAGAGAGCAATCACAC_1,0.00012966156151656235
P3TLH_TTCGGTCGTCATTAGC_1,0.00012963590777769404
P1TLH_CATGCCTAGCTTATCG_1,0.00012962178461704103
P4TLH_AGATTGCCATACTCTT_1,0.00012955475884924984
P3TLH_GCTGCGACACACCGCA_1,0.0001294407298353745
P3TLH_AAAGCAATCGCATGAT_1,0.00012941399662704607
P5TLH_ATGTGTGAGAGCAATT_1,0.0001293933288716077
P2TLH_CTACCCACACTTACGA_1,0.00012937695914376474
P5TLH_ATTGGTGTCCCTAACC_1,0.00012920030002996807
P5TLH_TACTTACTCCTTAATC_1,0.00012917262396411683
P3TLH_CTTGGCTTCTTGAGGT_1,0.00012913608178150555
P3TLH_GCGAGAATCCGTACAA_1,0.0001291267304408259
P4TLH_ACACTGATCTTGCCGT_1,0.00012904246913853708
P3TLH_CACAAACTCAACGGCC_1,0.00012900223297442886
P1TLH_GTCTTCGCATTTGCCC_1,0.00012891460649589736
P4TLH_ACTTACTCAACACGCC_1,0.00012891133220529886
P5TLH_AACTCTTAGTCCTCCT_1,0.00012882750144589265
P3TLH_CTACACCGTACACCGC_1,0.0001288267405802235
P3TLH_CCTTCCCGTGCTCTTC_1,0.00012879710732281724
P4TLH_AAATGCCTCGTAGGTT_1,0.0001285300763604664
P5TLH_CATGACATCCTGCTTG_1,0.0001283812930265752
P3TLH_CGCTATCAGACTGTAA_1,0.0001283520484691744
P4TLH_GGAATAACATCACGTA_1,0.00012833038374169737
P1TLH_TTCTTAGCACCCAGTG_1,0.00012826064559598517
P3TLH_ATCTACTGTATAAACG_1,0.00012824483997508814
P3TLH_GTATCTTTCTGTCCGT_1,0.00012814095810097416
P1TLH_TCAACGAAGGCGTACA_1,0.00012802677135294132
P2TLH_TACACGAGTTGTACAC_1,0.00012802359150134574
P4TLH_CGTCCATCATTTGCTT_1,0.00012800801759563386
P3TLH_TACAGTGGTCTCCATC_1,0.0001279420611399882
P5TLH_CTTACCGGTCCCTTGT_1,0.00012792023626179434
P3TLH_GACGGCTGTGGTACAG_1,0.00012786078319245326
P2TLH_GTACGTAGTCCGAAGA_1,0.0001278594894992867
P3TLH_AGAATAGGTGTTTGGT_1,0.00012774810194430313
P2TLH_TGGGAAGAGAATCTCC_1,0.00012759038674953698
P3TLH_GGCGTGTCACCAGGTC_1,0.0001275642142540285
P2TLH_TTGACTTGTTCGGGCT_1,0.00012756170515357623
P1TLH_CCCAGTTGTTTGTGTG_1,0.00012752036042325426
P2TLH_GTCCTCATCGGTCCGA_1,0.00012747928579994488
P5TLH_CAGCAGCTCCATTCTA_1,0.00012743141676088083
P2TLH_ATCATGGAGCTAAACA_1,0.00012737409318497398
P4TLH_TACTTGTAGCACAGGT_1,0.00012734919575372122
P3TLH_CTGCGGACAGCTCGCA_1,0.00012734376859748167
P4TLH_TTTACTGAGGAATTAC_1,0.00012731646618195533
P4TLH_GGTGCGTAGATCCCAT_1,0.0001272898835805715
P3TLH_TGAAAGAGTCATGCCG_1,0.00012727262931287546
P5TLH_CATCAAGCAATGGTCT_1,0.0001272697170346664
P1TLH_GCAGCCACAAGGTTCT_1,0.00012713441547804457
P3TLH_CCGTTCATCTGCTGTC_1,0.00012706266466178204
P5TLH_GGGACCTGTTCAGACT_1,0.00012704873499364103
P3TLH_AGTGGGAAGACTAGGC_1,0.00012699807311203804
P5TLH_GAAGCAGGTGGCAAAC_1,0.00012698779269804296
P2TLH_ATTTCTGAGGAGTTGC_1,0.0001269616181062521
P3TLH_TGCCCTATCGATCCCT_1,0.0001269587263132728
P3TLH_CGAGCCACATGTAAGA_1,0.00012689219571869443
P5TLH_GGCGTGTTCTGCCCTA_1,0.00012685694426995905
P1TLH_GAAATGAAGTCCGTAT_1,0.00012680886206919425
P1TLH_GTCGGGTAGCTGAAAT_1,0.00012679966509057783
P5TLH_GTTTCTAAGTGTGAAT_1,0.0001267966384720042
P1TLH_GTTAAGCGTGGAAAGA_1,0.00012674741208819766
P1TLH_ACGGCCAGTACAGTTC_1,0.00012673047505047994
P2TLH_CTCCTAGAGGCGATAC_1,0.00012669908813160794
P1TLH_GACCAATCAAGTAGTA_1,0.0001266879642445427
P4TLH_CGACCTTAGCCACTAT_1,0.0001266791230345721
P5TLH_CTCCTAGTCAGTACGT_1,0.00012655737363891754
P1TLH_ATTGGACAGCCTCGTG_1,0.0001265487536994452
P5TLH_GAACCTAAGACTGGGT_1,0.00012653552576666883
P2TLH_TACTCATCATTCTCAT_1,0.0001265001670875856
P2TLH_CTACCCACACATTCGA_1,0.00012643110640783885
P5TLH_GGGATGACAAGCCCAC_1,0.00012635227926343972
P5TLH_CACAAACAGTATGACA_1,0.00012619792241116043
P3TLH_GTTCGGGAGGACACCA_1,0.00012616811632436425
P3TLH_CAACCAACATGAACCT_1,0.00012610710284275404
P5TLH_ATCTACTTCTGCGTAA_1,0.00012607410698608988
P1TLH_TACTCATAGTAGCGGT_1,0.0001260307916709596
P1TLH_CGTCTACGTCGCTTTC_1,0.0001260186311613251
P3TLH_TTAGGCAAGCCTATGT_1,0.00012601761894799496
P3TLH_GCAATCACATACCATG_1,0.00012600682113895635
P3TLH_GTTTCTAAGATCCTGT_1,0.00012594222925385536
P3TLH_GGCTGGTGTGCTTCTC_1,0.0001259318371189946
P1TLH_AGCTTGAGTCAGAGGT_1,0.00012592223992666525
P3TLH_CAAGAAAAGCGATAGC_1,0.00012589423849546024
P3TLH_CGGCTAGTCTCTGCTG_1,0.0001258890418774004
P3TLH_AGATCTGGTTCGGCAC_1,0.00012582827038691054
P3TLH_CGATCGGTCATAAAGG_1,0.00012577562040819794
P3TLH_GGAACTTGTGAACCTT_1,0.00012577513840150427
P3TLH_GGAATAAGTCCGTCAG_1,0.00012576780940037405
P3TLH_GTGCTTCTCCTAGGGC_1,0.00012573141997981302
P4TLH_GATCAGTTCGCGCCAA_1,0.00012568451530948542
P2TLH_CGGACTGAGTTCCACA_1,0.00012562362312596638
P3TLH_GTGAAGGGTTACCAGT_1,0.00012562246533195435
P1TLH_TGGCTGGTCCGTAGTA_1,0.00012556634891764973
P2TLH_GTCCTCAAGTGAACGC_1,0.00012554107092178988
P1TLH_TAGGCATTCTTCGAGA_1,0.00012551632843438317
P1TLH_AACTCAGCATCGTCGG_1,0.0001255124686008328
P2TLH_GTGTTAGAGGGCTCTC_1,0.00012542803324960475
P2TLH_TTCCCAGTCCAGTAGT_1,0.00012536731137278623
P3TLH_AACACGTGTAAACGCG_1,0.0001253641741750663
P5TLH_TACCTATAGCACACAG_1,0.00012523341241995253
P3TLH_GCTTCCAGTGCACCAC_1,0.0001252095380380379
P3TLH_CCTAGCTGTTGCCTCT_1,0.0001251657688670307
P5TLH_TCTGAGATCCTGTAGA_1,0.00012515296842280835
P3TLH_ACTGAGTAGGCTCTTA_1,0.00012514824538357436
P5TLH_AAATGCCAGTGTCTCA_1,0.00012512902832196045
P3TLH_CTCGTACGTGCAGACA_1,0.00012509281501893744
P3TLH_TCTCTAATCTTTAGGG_1,0.00012502936438228931
P3TLH_CAGTAACGTGTGAAAT_1,0.00012499537777720988
P3TLH_TGTGTTTGTGATAAGT_1,0.00012497013276294202
P5TLH_CTCTGGTTCCCTGACT_1,0.00012491495583276545
P3TLH_CTAAGACAGGATGTAT_1,0.000124800640471344
P1TLH_AACTCTTTCAACGAAA_1,0.0001247752661189252
P3TLH_GAAGCAGAGTGTACGG_1,0.00012474795352889674
P2TLH_ACTTGTTTCCGCAAGC_1,0.00012473235180987104
P3TLH_CAGCCGATCCTACAGA_1,0.00012469366514317968
P1TLH_CCATTCGAGTTACGGG_1,0.0001246600020506312
P5TLH_AACTGGTTCCCATTAT_1,0.00012459914657159715
P1TLH_GACGTTAAGATGTCGG_1,0.00012459783490275004
P2TLH_TGCTACCGTTGATTGC_1,0.0001245518392901399
P5TLH_ATTTCTGGTTCCTCCA_1,0.00012454989052360964
P4TLH_TGGTTCCTCGGCCGAT_1,0.00012452869464568852
P3TLH_AAAGATGAGTGGTAGC_1,0.0001244784021049684
P4TLH_CTCTACGAGACGCTTT_1,0.00012444374959047564
P3TLH_CTTGGCTAGGGAACGG_1,0.00012441318746278827
P3TLH_CTCGTCAGTCCGAATT_1,0.0001244129747456172
P1TLH_CACAAACAGTCGTACT_1,0.00012429282407936036
P3TLH_AGGCCACAGACGACGT_1,0.00012411847315747248
P4TLH_CATATGGTCATGCAAC_1,0.0001240984446083246
P3TLH_CGTTCTGCAGCTGTGC_1,0.00012408567455504972
P4TLH_ACTGAACTCGCCAGCA_1,0.0001240426807636619
P5TLH_TCGTACCCAAAGTGCG_1,0.00012402317513277505
P1TLH_CGTCCATTCACATACG_1,0.00012382104494013208
P5TLH_CATCCACAGGCGATAC_1,0.00012380331648584095
P4TLH_GGGTCTGTCATGTCCC_1,0.00012375003395064264
P1TLH_AACGTTGCAGCCACCA_1,0.00012367500048952206
P4TLH_CTAAGACAGGTGTGGT_1,0.00012359386461426134
P1TLH_AAGGAGCCATACAGCT_1,0.00012355907586127882
P2TLH_TACTTACTCAATCTCT_1,0.00012350593654847732
P4TLH_TCAGCAACAAACAACA_1,0.00012348220291921952
P3TLH_GCATGATAGGGATACC_1,0.00012347540604357396
P1TLH_ACAGCCGAGGTCATCT_1,0.000123444358244896
P4TLH_CAGCAGCAGACCCACC_1,0.0001234346943537807
P3TLH_TCCACACCAGTATAAG_1,0.0001234260287121208
P3TLH_AGGGTGACAGACACTT_1,0.00012338582797538194
P1TLH_CCCAATCGTGGTCTCG_1,0.00012331089716259116
P5TLH_CGTCTACCAGTATCTG_1,0.00012326166733772037
P4TLH_GCGAGAAGTCATCCCT_1,0.00012325624949076862
P5TLH_GATCGCGCAATGTTGC_1,0.00012324307868883565
P3TLH_ACACCGGGTGAGGGTT_1,0.00012323630852381612
P4TLH_GCTTCCACACGAGAGT_1,0.00012319048569730458
P4TLH_TAGCCGGAGTCCGGTC_1,0.00012301308311738762
P1TLH_GCAGTTACAAGTTCTG_1,0.0001229687950435516
P5TLH_CAGCCGACATAGAAAC_1,0.00012287341493216845
P4TLH_ACATACGCAGTATCTG_1,0.00012285421779138618
P3TLH_ATTCTACTCCTATGTT_1,0.00012284840957439531
P3TLH_CAGTCCTTCCTTAATC_1,0.00012281881756585496
P1TLH_GTGCTTCCAGAAGCAC_1,0.000122801350660376
P3TLH_GAGTCCGGTTTACTCT_1,0.00012277349870498227
P1TLH_TAAGCGTAGATAGCAT_1,0.00012274060531232628
P3TLH_ACGGAGATCGCAGGCT_1,0.00012270543119614818
P5TLH_CTACGTCGTGACGGTA_1,0.00012269725404539584
P3TLH_TCTTTCCTCCTAGGGC_1,0.00012266671156528977
P1TLH_GCTTCCATCGGAGCAA_1,0.00012265982157515828
P2TLH_GCAGCCATCAGTTCGA_1,0.00012257313275381744
P1TLH_GCATGATTCGTGGTCG_1,0.00012250128944735143
P3TLH_TCAGCAAAGTCAAGCG_1,0.00012249346238292963
P5TLH_TGAGAGGGTTCCACAA_1,0.0001224847846552146
P1TLH_CACAGGCGTTAAGAAC_1,0.0001224648780314213
P3TLH_TCATTACTCAAACGGG_1,0.00012245422448015392
P1TLH_ACTGCTCGTGAGGGAG_1,0.00012243959454820013
P3TLH_TGCACCTCACTGAAGG_1,0.00012236922890930207
P2TLH_AACTCAGGTCACAAGG_1,0.00012234901171745305
P3TLH_TTAGTTCGTAGCGTCC_1,0.00012227744154602978
P5TLH_CAGCCGATCCGCGTTT_1,0.00012224615632544413
P5TLH_GCTGCGAGTTGGACCC_1,0.00012224068963834802
P3TLH_CAGTAACCAGTACACT_1,0.00012223955196329883
P1TLH_TCTTTCCCATGTTCCC_1,0.00012223456128967206
P3TLH_ATTTCTGGTCGAACAG_1,0.000122189966628076
P5TLH_CCATGTCTCTGGTGTA_1,0.00012218182234189007
P5TLH_TGTCCCACAAACTGCT_1,0.00012212050769578833
P4TLH_CTCAGAACAGTAGAGC_1,0.00012211159630052715
P5TLH_GGTATTGTCCCAAGAT_1,0.00012208753273173692
P2TLH_AGGTCATAGTTGCAGG_1,0.00012208437771209937
P5TLH_AGACGTTCAGACGCAA_1,0.00012205304490190966
P3TLH_GCGGGTTTCTCGTATT_1,0.00012204908796856514
P3TLH_TCGTACCAGGCACATG_1,0.00012197384883651356
P5TLH_GGTGTTACAGCTGTTA_1,0.00012195211068375543
P3TLH_GCGAGAACACGTCTCT_1,0.00012190929987095626
P4TLH_GAACCTATCGTACGGC_1,0.00012188439291025407
P2TLH_GTATTCTTCCAGGGCT_1,0.00012183402543353505
P5TLH_TCTATTGAGGCGCTCT_1,0.00012183028115670511
P3TLH_TATCAGGCACCACCAG_1,0.00012179305614349182
P3TLH_TGCCCATTCACTGGGC_1,0.00012178850985119251
P3TLH_TGACTTTTCCTCAACC_1,0.00012177961960662999
P3TLH_TGCCCTATCAGCCTAA_1,0.00012176301357435446
P3TLH_TGTCCCATCATGTGGT_1,0.00012168977007112492
P4TLH_CTCTGGTAGAAGCCCA_1,0.00012167245314690327
P5TLH_CTGCGGAAGTGGTAAT_1,0.00012163917881629133
P2TLH_TTTGGTTGTAAGCACG_1,0.00012161400695208728
P3TLH_AGTGGGACATGACGGA_1,0.00012161101584672058
P5TLH_ACACCCTAGCCGGTAA_1,0.00012158570087405311
P3TLH_CAGCTGGGTCGTGGCT_1,0.00012155454900146081
P2TLH_TGAGGGAGTAAGGGCT_1,0.00012152663623637192
P5TLH_TTGGAACCACAACTGT_1,0.00012151741479797419
P5TLH_ACGATACGTCCTAGCG_1,0.00012148690014051656
P4TLH_AGGTCATAGAGATGAG_1,0.00012148593427136895
P1TLH_GTGCAGCCATATGGTC_1,0.0001214260068592267
P1TLH_GTTCGGGGTGAGTATA_1,0.0001213738746514834
P5TLH_TAGCCGGGTTCGTGAT_1,0.00012131420904773599
P3TLH_ACGCCGACACGAAAGC_1,0.00012130542867303976
P3TLH_TCTCATACACAGCCCA_1,0.00012121228608867076
P3TLH_CTACGTCTCCTCAATT_1,0.00012118322315119496
P5TLH_GCGCCAATCCGGGTGT_1,0.00012108223862473705
P4TLH_TTCCCAGTCAACACCA_1,0.00012103657210304889
P4TLH_CTCGTCAAGTATGACA_1,0.00012103295305659448
P4TLH_CACACCTGTGTCGCTG_1,0.00012102858254016681
P1TLH_ATTCTACTCCGTTGTC_1,0.00012100658677255643
P3TLH_GCGCCAAAGTAGCGGT_1,0.00012096718557383787
P5TLH_GAATGAACACAGAGGT_1,0.00012094777943157619
P3TLH_AGTCTTTGTTACGTCA_1,0.00012094374620402739
P1TLH_TTAGGACAGTGCCATT_1,0.00012084420322037814
P5TLH_GGGAGATCACAGTCGC_1,0.0001207911236329125
P3TLH_ACTTACTGTGCACTTA_1,0.00012078021096636649
P5TLH_GACCAATGTGGTACAG_1,0.0001207668177798274
P1TLH_AGGCCACGTCCAGTTA_1,0.00012071785423871938
P1TLH_CCAATCCTCGATAGAA_1,0.00012067493427145994
P4TLH_CGCTTCACAGTGGAGT_1,0.00012063188405591534
P4TLH_GAGTCCGTCGAGGTAG_1,0.00012057880165917152
P5TLH_TGCGGGTGTGCCTTGG_1,0.00012055171805517839
P3TLH_GACACGCTCCAGTAGT_1,0.00012051578840159408
P3TLH_GAGCAGAAGGGTATCG_1,0.00012047056176974658
P1TLH_AACGTTGAGGCTCAGA_1,0.00012045732396866405
P5TLH_GCCAAATGTAGCCTAT_1,0.00012045677033379141
P4TLH_TCAGCAAAGTGTCCCG_1,0.00012040472275857182
P3TLH_GTCACGGCATCTATGG_1,0.00012039216516494903
P1TLH_TATCTCACACGGCTAC_1,0.00012038486038930663
P2TLH_ACGAGCCCAGCCTTGG_1,0.00012026621737561826
P4TLH_AGCGTCGTCGGATGGA_1,0.00012021692893494359
P3TLH_TTAGTTCTCTCTTGAT_1,0.00012018389049537217
P1TLH_GTTAAGCTCTCAACTT_1,0.0001201739717335418
P5TLH_CTCTAATAGGGTGTTG_1,0.00012016122247402975
P2TLH_ACGTCAAGTAGAAGGA_1,0.0001201588654176529
P1TLH_ACAGCTATCGGTGTCG_1,0.00012015673200958425
P4TLH_CATTCGCCAGCCAGAA_1,0.00012014814887975775
P1TLH_ATTACTCAGACAGACC_1,0.00012012969382016696
P3TLH_GTAGGCCTCAAACCGT_1,0.00012008338004951335
P4TLH_ATTGGTGCACCATCCT_1,0.000120060570250838
P2TLH_AGCGGTCCAAGACGTG_1,0.00012004125287877612
P2TLH_CGGACACCAGATCTGT_1,0.00011997030048479418
P3TLH_TGATTTCCACGAAACG_1,0.00011989392587765312
P5TLH_GAAATGAAGTGTACGG_1,0.00011987164753204811
P5TLH_CACAGGCTCCCAACGG_1,0.0001198681572203743
P4TLH_TAAGAGATCAGCAACT_1,0.00011978954721635688
P5TLH_TCTGGAACATCTGGTA_1,0.0001197887226410364
P4TLH_CATCGAATCTTGTATC_1,0.00011978337834764037
P4TLH_CCGTGGATCACGGTTA_1,0.00011974860405320326
P3TLH_TAAGAGATCGAATGGG_1,0.0001197327317941702
P4TLH_AGCGTCGTCTCCGGTT_1,0.00011973019638930633
P3TLH_ATTATCCTCTGTCTAT_1,0.00011968820685352676
P2TLH_ACTGAGTTCAGGCCCA_1,0.00011966376565322444
P3TLH_GTGCAGCTCCGTACAA_1,0.00011960821807384914
P3TLH_TTCGAAGAGCTCCTTC_1,0.00011959924877407628
P2TLH_TTCGAAGGTAGCTAAA_1,0.00011954633988499081
P4TLH_TTCTCCTAGCTGAAAT_1,0.00011948529278939043
P3TLH_CACCTTGAGCTAAACA_1,0.00011940003589014913
P3TLH_TTTCCTCAGATGTAAC_1,0.00011936122930895374
P2TLH_AGGCCACTCAGTTGAC_1,0.00011935837705576762
P2TLH_GGTGAAGGTTCCAACA_1,0.00011935077007970846
P3TLH_CGGTTAAAGATGGCGT_1,0.00011932925220179766
P5TLH_CAGCTAAAGTCGAGTG_1,0.00011929738308180744
P4TLH_CGCGGTATCATTTGGG_1,0.00011924802661146624
P3TLH_GATCTAGGTCAGATAA_1,0.0001192230047878333
P3TLH_CACACAATCAACGGGA_1,0.00011921549799134867
P3TLH_TGATTTCAGTACGTTC_1,0.00011921324506821831
P4TLH_GGACAAGGTGCTCTTC_1,0.00011921306497679123
P5TLH_AGGGATGGTCTGCGGT_1,0.00011915073183117573
P5TLH_TCGGTAAAGCACCGTC_1,0.00011913793470323459
P2TLH_CGCTTCATCCTAAGTG_1,0.00011911122784391259
P4TLH_ATCTGCCGTAAACACA_1,0.00011906438522728483
P3TLH_CGGACTGGTTTAGCTG_1,0.00011905576622860515
P4TLH_GCGCAACAGCCAGGAT_1,0.00011896136486401162
P3TLH_AGCTTGATCCTCATTA_1,0.00011893222694665925
P4TLH_ATAGACCTCGGAGCAA_1,0.00011891730355581717
P5TLH_ATCATCTGTACGCACC_1,0.00011881760253900405
P4TLH_TACTTGTAGAGACTAT_1,0.00011881536273866141
P3TLH_CGTAGCGCACTGTCGG_1,0.00011876771669010228
P5TLH_CGACCTTCACGCTTTC_1,0.00011865777305511942
P5TLH_AGAATAGTCCTGCCAT_1,0.00011853615207786658
P3TLH_CCGTTCAAGCGAAGGG_1,0.00011852470680076737
P3TLH_GAACATCAGGTGATAT_1,0.000118496635860188
P3TLH_CATATTCGTTCCACTC_1,0.00011848308397821895
P2TLH_CGGAGTCAGGGAACGG_1,0.0001184117069768109
P2TLH_TGCGTGGGTCGCATAT_1,0.00011834734952973217
P3TLH_CATTATCCAAGTAGTA_1,0.00011830214854424024
P4TLH_CTGATCCTCTGCGGCA_1,0.00011828476059088339
P3TLH_TTTGGTTAGATGGCGT_1,0.00011827494833846952
P3TLH_AGGGTGACAGGACCCT_1,0.00011822452627381351
P5TLH_TCACGAAAGGTGATTA_1,0.0001182022202966576
P4TLH_CAGAGAGCAATTGCTG_1,0.0001181800537448333
P2TLH_TCTGAGAGTCGCGGTT_1,0.00011814624261553491
P3TLH_TTGTAGGTCTCTTATG_1,0.00011813194308752918
P2TLH_CTAAGACGTCTCATCC_1,0.00011810353882684242
P3TLH_GACCAATGTGTAACGG_1,0.000118084949534766
P1TLH_TGACTTTTCATACGGT_1,0.00011806211252637406
P2TLH_CGTAGCGAGTTGCAGG_1,0.0001180372011420625
P3TLH_TAGTTGGCAATAGCGG_1,0.00011801617182947907
P1TLH_ACTTGTTGTAGCAAAT_1,0.00011801462951943197
P3TLH_GTGGGTCGTTACAGAA_1,0.0001179915223647406
P3TLH_GAGTCCGAGAATGTGT_1,0.00011797310473850482
P3TLH_TTTATGCTCAACTCTT_1,0.00011792869719255853
P5TLH_ACGCAGCAGCTGCGAA_1,0.00011788389112992842
P1TLH_GTCACGGAGCGACGTA_1,0.00011783974725688828
P3TLH_TCTTCGGCAAGGTGTG_1,0.00011783037109409714
P4TLH_TGACAACGTTTGGGCC_1,0.00011780293906257818
P3TLH_CCTAGCTGTTCAGTAC_1,0.00011776951910461513
P3TLH_CAACCTCCAAGGACAC_1,0.00011775074165533136
P3TLH_CATCCACAGTTGTAGA_1,0.00011755177938058761
P2TLH_GATCGATGTCTAGCCG_1,0.00011752622746200965
P3TLH_CCCATACCACGTGAGA_1,0.00011752411276924175
P3TLH_GCACATACAAGTTCTG_1,0.00011744099442028041
P2TLH_GCAGCCACACTTGGAT_1,0.00011743958220996172
P5TLH_ATCGAGTAGCTCCTTC_1,0.00011739354708351001
P1TLH_CGAACATTCTACTCAT_1,0.00011732585568711431
P5TLH_CCCTCCTTCAAGAAGT_1,0.00011729053462602986
P3TLH_CTCATTAAGTGTACCT_1,0.0001172627635749134
P3TLH_CGCGGTAGTAGCGTAG_1,0.00011725201190394076
P1TLH_AGAATAGCATCTCCCA_1,0.00011725049668141277
P3TLH_AAAGCAACACGAAAGC_1,0.00011720605268710093
P3TLH_AGCGTCGAGCGCTTAT_1,0.00011715558590849667
P3TLH_CGCCAAGTCCTTAATC_1,0.00011715378673270609
P5TLH_CCTATTAGTTCCCTTG_1,0.00011711718360697854
P4TLH_GGCGACTAGGACATTA_1,0.00011710939071562405
P3TLH_CCTCAGTGTGGCTCCA_1,0.00011710712750650231
P1TLH_GACGTGCGTCCCTACT_1,0.00011704873657690318
P4TLH_TGACGGCTCGTCTGCT_1,0.00011694137491057111
P4TLH_TAAACCGGTCTGCAAT_1,0.00011692385625162908
P4TLH_GCAAACTTCTGTGCAA_1,0.00011691811467197941
P5TLH_GGGCACTCAGTATGCT_1,0.0001168759116583017
P3TLH_AAACCTGGTACAAGTA_1,0.00011682463690499629
P1TLH_CCAATCCTCACGAAGG_1,0.00011674348796311602
P1TLH_CCGTGGAAGTCGTACT_1,0.00011668135087947447
P3TLH_TCAATCTTCGTTGCCT_1,0.00011665087265209039
P3TLH_CAGCTGGAGTGTGGCA_1,0.00011660925014815337
P3TLH_CGAACATCATGCCTTC_1,0.00011659759995186688
P5TLH_CATTATCTCTCGCTTG_1,0.00011650598896998533
P2TLH_CTGAAACAGCACCGTC_1,0.00011642257232272665
P3TLH_CGCTATCAGCCACGCT_1,0.00011638840490504151
P3TLH_CGAATGTCAAACTGCT_1,0.00011632714385882631
P3TLH_AAATGCCTCAAGAAGT_1,0.00011629590572055256
P4TLH_TCTTCGGTCGGCATCG_1,0.00011626351705114565
P3TLH_CTGCCTACAAAGCAAT_1,0.00011626182037329323
P3TLH_TAAACCGTCGGAGCAA_1,0.00011615709157192037
P3TLH_AACTGGTTCCTGCCAT_1,0.0001161156561948681
P2TLH_TACTCGCCAACGATCT_1,0.00011607211528031848
P1TLH_TTATGCTTCCAAGCCG_1,0.00011601995441299124
P5TLH_TACTCATAGCGTTTAC_1,0.0001159855681444796
P5TLH_GTCATTTCACATTTCT_1,0.0001159635097489982
P5TLH_CGGGTCATCAGGATCT_1,0.0001158382386473886
P3TLH_AACCGCGCACGAAGCA_1,0.00011576044232526533
P2TLH_GTCGTAACACCCATGG_1,0.00011570786980302924
P2TLH_TCGAGGCAGTTCCACA_1,0.00011563541380648933
P2TLH_AGCTCCTAGCTGCGAA_1,0.00011552870899229458
P3TLH_GTATCTTTCTAACGGT_1,0.00011552187333339831
P3TLH_AAGGCAGTCGGTGTCG_1,0.00011549514284995478
P3TLH_CTCCTAGCAGCCTTGG_1,0.00011546101214555019
P3TLH_CTCTACGGTCAGATAA_1,0.00011545781358969029
P5TLH_GCATGTATCTCGTATT_1,0.00011544138406155824
P5TLH_GGGAATGTCGATCCCT_1,0.00011540422019496485
P2TLH_TACGGTATCGTCGTTC_1,0.0001153998043280104
P1TLH_CCGTACTGTGTTCGAT_1,0.00011538654880670678
P5TLH_GTAGGCCAGTGCGTGA_1,0.0001153559974683571
P3TLH_TCGCGAGGTATTACCG_1,0.00011533667917696147
P3TLH_TGCTGCTAGCCAGTAG_1,0.00011531922750917151
P3TLH_CAAGAAAAGTACGCGA_1,0.00011526277054635111
P5TLH_CGTAGCGCATGCGCAC_1,0.00011524429267234256
P2TLH_GGCTGGTTCTAACTTC_1,0.00011515145032242183
P3TLH_CATGACACATGACATC_1,0.00011505587410531751
P5TLH_GGAATAAAGCAATATG_1,0.00011504907787994058
P2TLH_GGGTTGCGTAGCGTGA_1,0.0001150328801926799
P3TLH_AGTAGTCCAACGATCT_1,0.00011499312506403453
P3TLH_ATCTACTAGATGCGAC_1,0.00011493369429574952
P4TLH_CTCTGGTTCAACGGCC_1,0.00011492293902107499
P3TLH_ACTGAACGTTGATTGC_1,0.00011490389514873281
P5TLH_CTAGTGAAGACAGAGA_1,0.00011484785969246757
P3TLH_CTAAGACGTTGAGGTG_1,0.00011464571832329775
P3TLH_TCCCGATCATGAGCGA_1,0.00011463373616707089
P2TLH_TGAGCATCACCAGGTC_1,0.00011461859086388563
P3TLH_ATGTGTGTCACGCGGT_1,0.00011456029372068607
P4TLH_CACATAGCACTTAAGC_1,0.00011450678823605041
P3TLH_TATCTCAAGTGGACGT_1,0.00011448639211999347
P4TLH_ACACCAAGTCGAGTTT_1,0.00011441333216526483
P1TLH_CGTCAGGAGGCCCTCA_1,0.00011441251333780719
P3TLH_CATTATCTCGGCCGAT_1,0.00011438619540434719
P1TLH_CCACTACCATCCCACT_1,0.00011432730016940006
P3TLH_AAACGGGTCGGAGGTA_1,0.00011429669084320911
P4TLH_CAGAATCGTACACCGC_1,0.00011412942218527227
P3TLH_TACACGAAGCCTATGT_1,0.0001141203844098916
P3TLH_TCGTAGAGTTCATGGT_1,0.00011409284237907859
P5TLH_GGAGCAACATTAACCG_1,0.0001139784016648408
P2TLH_TCAGCAAAGCTGCAAG_1,0.00011392218262636974
P5TLH_AGCTCCTTCAAGGCTT_1,0.00011391753299607523
P5TLH_GGCTGGTAGAAGGGTA_1,0.00011387663728851041
P5TLH_GAATAAGCACCCTATC_1,0.00011386975236007477
P2TLH_GAAGCAGCAGGTCCAC_1,0.00011386708629043099
P3TLH_TACGGATGTGTTTGTG_1,0.00011383080912170368
P3TLH_CTACACCTCAGCACAT_1,0.00011382343649550279
P1TLH_CGTAGGCGTCTAAACC_1,0.00011380823798813065
P3TLH_GAGGTGAAGCCCAATT_1,0.00011375230284007274
P2TLH_CCTTCGATCAAGCCTA_1,0.00011373467317018445
P3TLH_CGAGCACCAAAGAATC_1,0.00011372187823790557
P3TLH_CGAGCACAGTCGATAA_1,0.00011365010285937388
P1TLH_TGCGCAGGTCAGAAGC_1,0.00011360830854921038
P3TLH_CAGCAGCCAGATCTGT_1,0.00011354232786831985
P4TLH_TTATGCTTCAGCGACC_1,0.00011353223724856897
P1TLH_AGGGAGTTCTCAAACG_1,0.00011346265404980125
P1TLH_CTACGTCGTAGCGTCC_1,0.00011343057234304323
P3TLH_CAGCTAACAAAGCAAT_1,0.00011341820517862977
P5TLH_CGATCGGAGCTCAACT_1,0.0001134152145784081
P3TLH_TACACGAGTACAGTTC_1,0.0001134078312999887
P1TLH_ATGTGTGAGAGTAAGG_1,0.00011336462565259554
P2TLH_CTACGTCAGTTAGCGG_1,0.00011334952066172088
P1TLH_ACCAGTAAGCGCCTCA_1,0.00011333258916552346
P5TLH_CACCAGGAGGTGTTAA_1,0.00011332037676357617
P5TLH_CTGATCCCAAGCTGTT_1,0.00011331586304638914
P3TLH_TACTCGCCATGTAAGA_1,0.00011329981947488975
P4TLH_CGAATGTGTGTGGCTC_1,0.00011329625090234898
P3TLH_GCGCAGTTCTAACTCT_1,0.00011329026802804767
P3TLH_CTGAAGTAGGGCTTGA_1,0.00011324601413219943
P3TLH_AACTCCCTCTATCCTA_1,0.00011323941359514836
P3TLH_ACCGTAACATATGAGA_1,0.00011320143800798591
P4TLH_CGTGTAAGTGTTCGAT_1,0.0001131743469953445
P3TLH_CGCCAAGGTGATGATA_1,0.00011316871049617448
P5TLH_CCGGTAGGTATCGCAT_1,0.00011313572206852878
P3TLH_GCGCCAAAGCCAACAG_1,0.00011310654729883764
P3TLH_TCTATTGTCCTATTCA_1,0.00011308648409054507
P5TLH_TACCTTATCTGTTGAG_1,0.00011303348551960289
P2TLH_TATGCCCAGAGTCTGG_1,0.00011302112243438186
P4TLH_CGATGTAAGTACGACG_1,0.00011287929918866329
P2TLH_CTACACCTCTATCGCC_1,0.0001128645439431787
P4TLH_CGACCTTAGATAGCAT_1,0.00011278924061427408
P3TLH_GGTGCGTTCTATCCTA_1,0.00011278583852775182
P2TLH_TATCAGGCATGCTGGC_1,0.0001126746303348441
P1TLH_CGCGTTTGTTGAACTC_1,0.00011263340123808851
P5TLH_CAACCAACAGACAAGC_1,0.00011261331305587194
P3TLH_AAAGTAGAGATGCGAC_1,0.00011260954587580534
P3TLH_CAGGTGCAGATCTGAA_1,0.0001125284808181517
P1TLH_CTGATAGTCGGTCCGA_1,0.00011252400836933387
P4TLH_TCGCGAGGTACTTAGC_1,0.00011243691622432332
P3TLH_GCTTCCACAATCGAAA_1,0.00011243043936116115
P5TLH_TCGAGGCAGAATTGTG_1,0.00011236526555652486
P3TLH_CCTTCGATCACGACTA_1,0.00011236392271406173
P4TLH_CGCTATCGTCGAACAG_1,0.00011233128404811567
P4TLH_ATTGGTGTCCGCAGTG_1,0.00011232235703581744
P3TLH_ACCGTAACACAGACTT_1,0.00011232176359144531
P1TLH_TACTTACCAATCTACG_1,0.00011223266737016781
P1TLH_CTGCCTAGTTCAGGCC_1,0.00011222976865459249
P3TLH_ACACCGGTCCCGGATG_1,0.00011218600009514271
P1TLH_TTATGCTGTAGCTGCC_1,0.0001121467410436249
P4TLH_TCGGGACAGGCGTACA_1,0.00011212504762828913
P5TLH_CACAGTAAGTAGGCCA_1,0.00011202751170810333
P3TLH_GCATACAAGTGATCGG_1,0.00011201554420953664
P4TLH_ATCATGGAGTCCAGGA_1,0.00011193626512176088
P5TLH_GATCGCGCAGCTGTTA_1,0.0001119324333707798
P3TLH_CTCATTATCTTATCTG_1,0.0001118571207217476
P1TLH_ATTTCTGGTACGCTGC_1,0.00011181299360491904
P2TLH_TCTGAGAAGTACGTTC_1,0.00011170503499398647
P3TLH_GCACATAAGACGCAAC_1,0.00011167777641916938
P3TLH_GCTGGGTCAGACGCTC_1,0.00011164459213222082
P5TLH_TTGCCGTTCACGACTA_1,0.00011162937611699472
P3TLH_AAACGGGGTGAGTGAC_1,0.00011161613992671964
P3TLH_CTGTGCTTCTACCAGA_1,0.00011157840588669404
P3TLH_CAGCCGACACCTCGGA_1,0.00011157730589769256
P3TLH_CCAGCGATCACCTCGT_1,0.00011156798599642148
P5TLH_CTGTGCTGTAAACCTC_1,0.0001115544086853447
P4TLH_TGCTGCTGTTCCAACA_1,0.00011142663060905117
P3TLH_GTATTCTTCCTATTCA_1,0.00011141267419433341
P3TLH_GAAGCAGCAACCGCCA_1,0.00011136335340034115
P3TLH_GTTCATTAGGGATCTG_1,0.00011129196972655599
P3TLH_CACAGTAAGGTAGCCA_1,0.00011121640995532353
P4TLH_GTATCTTGTTATGCGT_1,0.00011120633292297809
P4TLH_GCATGATCAGTATCTG_1,0.00011119799523607663
P3TLH_TATGCCCGTCTTCTCG_1,0.00011118468000984242
P3TLH_TTTGCGCCAACCGCCA_1,0.00011117329187360114
P2TLH_ACACCGGGTACTTGAC_1,0.00011112446776518465
P5TLH_CGGAGTCCACCTGGTG_1,0.00011110668811757281
P3TLH_TTAGTTCGTAATAGCA_1,0.00011108974529661913
P3TLH_GATCGCGGTACAGCAG_1,0.00011108329085253144
P4TLH_TGCGGGTGTGCGAAAC_1,0.00011107020215391865
P3TLH_ATGCGATTCCTTTCTC_1,0.00011101816997710002
P5TLH_ACGCCAGGTACGACCC_1,0.00011101661434345008
P3TLH_ATCTGCCCATTTCAGG_1,0.00011096550156516614
P3TLH_GCATGATGTGGTCCGT_1,0.00011090377577751206
P3TLH_GAATGAAAGGGCTTCC_1,0.00011086844868188725
P5TLH_GACGCGTGTACGCTGC_1,0.00011082073418369893
P3TLH_CTGCCTAGTTTGACAC_1,0.00011075953429491398
P3TLH_GGGAGATCACGCTTTC_1,0.00011075878419503526
P1TLH_CACAAACGTAAGAGAG_1,0.00011072608038667774
P2TLH_AACTGGTCAAACTGTC_1,0.00011070157943231727
P2TLH_TCTGAGAGTCAAGCGA_1,0.00011063121019977626
P2TLH_ACGAGCCCACCACGTG_1,0.00011059753404538402
P2TLH_ACAGCCGCATGATCCA_1,0.0001105913398110325
P1TLH_AAGGTTCAGCGAAGGG_1,0.00011058151156363366
P5TLH_ACACCCTCAGGTTTCA_1,0.00011057618727710255
P2TLH_ATCATGGGTACTTCTT_1,0.00011055383525116425
P5TLH_CAACTAGTCCGCAGTG_1,0.00011050227046710843
P3TLH_CGTGAGCTCTACTTAC_1,0.00011048885084250567
P3TLH_ACCAGTACATTTGCCC_1,0.00011047329922070594
P3TLH_TCTCATAAGACGCACA_1,0.00011042613555885904
P5TLH_CCTTTCTCAACACGCC_1,0.00011041739317694365
P3TLH_TCGGTAAGTCGGCATC_1,0.00011041684640598754
P4TLH_GCTCCTAAGCCTCGTG_1,0.00011040693424437204
P3TLH_CGACTTCAGGCATGTG_1,0.0001103995499175054
P2TLH_GATTCAGTCGTCTGCT_1,0.00011035545307538183
P4TLH_AAAGATGTCTACCTGC_1,0.0001103254300461912
P4TLH_TAAGAGACAGCATGAG_1,0.00011027240114587784
P1TLH_AACTCAGAGGCGTACA_1,0.00011023162019975675
P3TLH_GTGTTAGGTCCGCTGA_1,0.00011019708013920051
P4TLH_TCTATTGAGAAGATTC_1,0.00011017989242999784
P2TLH_TCATTTGCAACTGCGC_1,0.00011017537760356152
P1TLH_CGGACACAGGCAGGTT_1,0.00011012992133859843
P3TLH_GACGTGCGTCGACTGC_1,0.00011003989703792725
P4TLH_TCGGGACTCAGTCCCT_1,0.00011003359336476662
P1TLH_CCCTCCTTCGAGAGCA_1,0.00011000257374916569
P3TLH_GCTTCCATCAGCTCGG_1,0.00010995083185035501
P4TLH_GTGGGTCTCGGTGTTA_1,0.0001099234816130313
P3TLH_GCATGATAGTTCCACA_1,0.00010990468775875065
P4TLH_GCATGCGGTGTTGGGA_1,0.00010989790007409778
P1TLH_AGGTCCGAGTTCCACA_1,0.00010984445410665266
P3TLH_CGGAGTCGTAAACACA_1,0.0001098388217834558
P3TLH_TTTGCGCAGAGATGAG_1,0.00010978667874267461
P5TLH_CGGTTAAGTTCAGCGC_1,0.00010978609167786714
P3TLH_CAGCTAATCGCCTGAG_1,0.00010975111098848248
P5TLH_CGTGAGCGTATAGGTA_1,0.00010973757875375092
P1TLH_ACGAGCCTCATAACCG_1,0.00010973338779689227
P4TLH_GCTGCGACAATCAGAA_1,0.00010972398530289707
P5TLH_CATGCCTGTACAGTGG_1,0.00010972368382079294
P3TLH_TCATTACGTCTCTCGT_1,0.00010969378087173859
P3TLH_TGACAACTCTCGCTTG_1,0.00010963544023471655
P3TLH_CTTGGCTGTGTAACGG_1,0.00010957316026365268
P3TLH_CAGCATATCCAGATCA_1,0.00010950062770152224
P1TLH_TTGACTTGTCAGAGGT_1,0.00010948056524141519
P3TLH_CTCTACGAGCTGATAA_1,0.00010947359828644892
P3TLH_CCTTCCCAGCTAAACA_1,0.00010946339257567952
P3TLH_TTGGAACAGTTCGCGC_1,0.00010944258853799048
P1TLH_CACAAACCAAAGCAAT_1,0.00010943959817287702
P1TLH_TGAGCCGTCTCTGAGA_1,0.00010941468885953791
P5TLH_GCTTCCATCTACCAGA_1,0.0001094079797499006
P4TLH_AGTGGGACATGCAACT_1,0.00010935163852985645
P2TLH_TACGGATCAATGAAAC_1,0.00010934357597793665
P4TLH_GAACGGAGTCCGCTGA_1,0.00010932376400744094
P1TLH_ACGCAGCTCTCGCATC_1,0.00010931084054672574
P1TLH_CGCTGGACAAGTAATG_1,0.00010927665845637817
P1TLH_CCGGTAGCAAGGCTCC_1,0.00010924053135319575
P3TLH_GATCTAGCATCTCGCT_1,0.00010919632300946331
P5TLH_AAGACCTTCTGCAGTA_1,0.00010918688316105096
P3TLH_GCATGCGTCATGCTCC_1,0.0001091611872051476
P5TLH_TACAGTGGTGGGTCAA_1,0.0001091557477912463
P2TLH_GTCAAGTCACCAGATT_1,0.000109148197486286
P1TLH_TTTGGTTAGCAGCGTA_1,0.00010913680852323669
P2TLH_AGACGTTAGAAACCTA_1,0.00010911330848382449
P3TLH_CTTCTCTCAGGTCGTC_1,0.00010906531776434256
P2TLH_TAAGAGAAGTACTTGC_1,0.0001089809334514102
P5TLH_ACTGATGAGGGCACTA_1,0.00010897923661430318
P3TLH_ACGGGTCTCGAGCCCA_1,0.00010897850899279389
P5TLH_CGCGGTATCTAACCGA_1,0.00010897474541589411
P4TLH_CGAGAAGCACTGTTAG_1,0.00010892495060404553
P3TLH_TCTCTAAGTGGCGAAT_1,0.00010891393162529635
P1TLH_TTAACTCAGATATGCA_1,0.00010886699382236836
P1TLH_GTGTTAGTCGATCCCT_1,0.00010885603395437728
P3TLH_CGTAGCGCAGCCTGTG_1,0.00010877259638010533
P3TLH_ACGAGCCGTAGCTTGT_1,0.00010876657859022798
P1TLH_AGATTGCTCAAAGTAG_1,0.00010871518722722905
P2TLH_TGGCTGGTCGGCCGAT_1,0.00010863368841598859
P3TLH_GTTCGGGAGATATACG_1,0.00010862711713907367
P3TLH_GCAAACTAGAGTACAT_1,0.00010859946781197582
P3TLH_AAACGGGAGACCGGAT_1,0.00010859093095442943
P1TLH_CCTTACGCATGCATGT_1,0.00010855622772835697
P4TLH_TAAGCGTTCTCGTATT_1,0.00010853692093506222
P4TLH_TTGTAGGCAGATGAGC_1,0.00010847959274811728
P4TLH_TGTGGTAGTCGGCACT_1,0.00010841503275335126
P4TLH_GACTGCGTCTGGTGTA_1,0.00010835291653422928
P1TLH_GGAGCAAGTAGAAGGA_1,0.0001083178745305875
P4TLH_TGACTTTAGGATGTAT_1,0.00010830749894402514
P4TLH_AAGGAGCAGCGTAATA_1,0.00010820612904994784
P3TLH_TAGACCAAGGGAACGG_1,0.00010820571382974343
P3TLH_TTAGGACGTCTACCTC_1,0.00010816625097471412
P5TLH_GGACGTCTCTTGTACT_1,0.00010811807971911496
P4TLH_ACGCAGCGTACCGCTG_1,0.00010804913005537369
P3TLH_CTTAACTTCGTCTGAA_1,0.00010798779245816092
P2TLH_GTCGTAAGTCGCCATG_1,0.00010797119868447135
P3TLH_GGGAATGTCCTAAGTG_1,0.00010795944567066754
P3TLH_TTCGAAGAGAGACTAT_1,0.00010795942973448799
P3TLH_CTCGGGATCCCTTGTG_1,0.0001079463452047515
P4TLH_ATGGGAGTCGCCGTGA_1,0.00010790053209764747
P4TLH_ATCTGCCAGTGGTCCC_1,0.00010788252000537794
P3TLH_CTTGGCTTCATCGCTC_1,0.00010782921114673635
P3TLH_TTTGGTTCAGGGATTG_1,0.0001077803176788176
P3TLH_GGACAAGGTTGGTAAA_1,0.00010777569500321626
P3TLH_TGGACGCGTCCGAAGA_1,0.00010777163867575858
P4TLH_ACGGGCTAGCGTGAAC_1,0.00010775526872928142
P3TLH_TGAAAGACAGCCTGTG_1,0.00010775102449855502
P2TLH_ACTGTCCTCTGTCCGT_1,0.00010773076316531682
P2TLH_CTCACACTCGTCTGCT_1,0.00010772515746543269
P3TLH_TACCTTATCCTTGGTC_1,0.00010772377664617077
P4TLH_CAAGAAATCCGTCAAA_1,0.00010771286187566509
P3TLH_TGCCCATAGGCTAGAC_1,0.0001076935657038532
P3TLH_TAGGCATGTTAAGTAG_1,0.00010762320255690123
P3TLH_ACGGGCTTCAGCTCGG_1,0.0001075835751849957
P3TLH_ACACCCTGTTACTGAC_1,0.00010755525575927591
P4TLH_CCTACCATCTGTTGAG_1,0.00010755521621207508
P4TLH_CGCTGGATCTGTCCGT_1,0.00010753092678105994
P5TLH_GTAACTGTCACAACGT_1,0.0001075181692234075
P5TLH_CATCGGGCAAATACAG_1,0.0001074985544267573
P3TLH_CTTTGCGTCCTAGAAC_1,0.0001074550053695399
P2TLH_CAACCTCTCACGCATA_1,0.00010743202253945755
P2TLH_TTTGTCAGTCATGCAT_1,0.0001074144703452676
P3TLH_CGTGTAAAGTGGGATC_1,0.00010739722884270817
P3TLH_CAACCTCAGGCCCTTG_1,0.00010739521956833739
P5TLH_CACACAATCGTCACGG_1,0.00010738094732533999
P2TLH_AACTTTCTCCCTTGCA_1,0.00010732677425984226
P4TLH_CCATTCGTCGTTTGCC_1,0.00010728791038147743
P5TLH_TGGCCAGAGGGTGTTG_1,0.00010724851368629694
P4TLH_TGTGTTTAGATTACCC_1,0.00010720315299255143
P4TLH_ATCGAGTTCCAATGGT_1,0.00010716670471681661
P5TLH_CGGACTGTCTAACTGG_1,0.00010716189684390746
P3TLH_ACTATCTCATGACATC_1,0.00010715144385688746
P2TLH_GACCTGGTCAAACAAG_1,0.00010713790573585864
P5TLH_GTCTCGTCAGTATAAG_1,0.00010709058885150828
P3TLH_TTTACTGTCACGCGGT_1,0.00010701717542259619
P2TLH_CAGCAGCTCCCTTGTG_1,0.0001070087590999373
P5TLH_TCAGCAATCCGTTGCT_1,0.00010698302159631126
P1TLH_AAATGCCAGAGATGAG_1,0.0001069808281705905
P3TLH_GTACTTTCACAAGACG_1,0.00010696757269399654
P1TLH_ACGGCCAAGGCTACGA_1,0.00010694664453279698
P1TLH_TGACTTTAGCGTGAGT_1,0.00010682380903018555
P3TLH_CACAAACCAATTCCTT_1,0.00010681859541820772
P3TLH_GCTCTGTGTTAGAACA_1,0.00010679716837478861
P3TLH_CCTACCATCCCAACGG_1,0.00010675985825526938
P3TLH_TTTGTCAAGGTCATCT_1,0.00010670624224560233
P4TLH_AATCCAGTCAGCTTAG_1,0.00010655893932251505
P1TLH_AAAGCAACAGTAAGAT_1,0.00010636036453790699
P5TLH_CGAATGTAGGGAGTAA_1,0.00010632814771748003
P3TLH_CAGTCCTGTACCGGCT_1,0.0001063137310247714
P1TLH_ACTGATGCATAAGACA_1,0.00010628997487388755
P3TLH_AGCTCTCAGAGCTTCT_1,0.00010628466938223566
P3TLH_GTTCATTGTACTCGCG_1,0.000106193686473463
P3TLH_ACTATCTTCCAAAGTC_1,0.00010615319212623082
P3TLH_GCATACATCATCGGAT_1,0.00010613428978031327
P5TLH_TTTGCGCCATCCTAGA_1,0.00010606177779106254
P3TLH_CTACACCTCTTGTTTG_1,0.00010604871702001298
P3TLH_CACCACTGTCGAATCT_1,0.0001060396501274843
P5TLH_AAGTCTGCACCTCGGA_1,0.00010602360058739158
P1TLH_CCTATTAAGTCCGTAT_1,0.0001060097100065107
P5TLH_AAGTCTGGTGTTCTTT_1,0.00010599914233157276
P3TLH_CGTCACTCATTGCGGC_1,0.00010598237085795208
P5TLH_ATTTCTGAGAGCTGGT_1,0.00010592282917422298
P5TLH_TAAACCGTCTGCGTAA_1,0.00010584293382525155
P1TLH_AGGGATGTCTCCTATA_1,0.0001057592945648013
P1TLH_TCGGTAACACACCGCA_1,0.00010573921815334515
P3TLH_GTCTTCGGTGGCAAAC_1,0.00010571427801094132
P3TLH_ACTATCTCACACCGCA_1,0.00010570403141911119
P3TLH_AGGCCACGTCAGGACA_1,0.00010568272150998248
P4TLH_CACAAACAGTACGACG_1,0.00010564334398895503
P2TLH_TAAGAGATCGTGACAT_1,0.0001056422099343655
P5TLH_ACTGTCCGTTACCGAT_1,0.00010554974847967116
P3TLH_CTGCGGAGTTCCACGG_1,0.0001054969842688448
P3TLH_GTCACAATCAATCACG_1,0.00010548493979376278
P3TLH_ACGCCGATCGATCCCT_1,0.00010546864725668033
P4TLH_GACCTGGTCGAACGGA_1,0.00010545453793220012
P3TLH_AAGACCTTCCACGTTC_1,0.00010544563893361675
P1TLH_TCTGGAACACCACGTG_1,0.00010543848047679033
P3TLH_CTCTGGTCATGATCCA_1,0.00010537945167810079
P3TLH_TGAGAGGGTGAAATCA_1,0.0001053690302629746
P4TLH_AGGCCGTGTGTGACCC_1,0.00010530311861252153
P3TLH_TGTCCCAGTATATGGA_1,0.00010530066902528332
P1TLH_CCATGTCGTGGTAACG_1,0.00010528361462115868
P3TLH_ATTGGACTCAGAGCTT_1,0.0001052752335414839
P3TLH_CTTCTCTAGATGTGTA_1,0.00010526042974302841
P5TLH_TGAGCCGCACTTAACG_1,0.00010525901900526145
P3TLH_GGGACCTGTCACAAGG_1,0.00010525585732745068
P3TLH_CATTATCCACAAGCCC_1,0.0001052009682565838
P3TLH_TGCCAAAAGTGGTAAT_1,0.00010518973395333725
P2TLH_CGTCTACCACAGATTC_1,0.00010515994612059231
P5TLH_GACAGAGAGTGTACTC_1,0.0001051585856768374
P5TLH_CCGTTCACAGTAAGAT_1,0.00010514806358513606
P4TLH_ATGTGTGAGCTGATAA_1,0.00010491424074285496
P4TLH_TGCTGCTAGCTCAACT_1,0.00010490830742204014
P3TLH_CGCTGGACAAGTCTGT_1,0.00010490462647493306
P3TLH_TGGGCGTTCACGAAGG_1,0.00010490296542611011
P3TLH_AGTGTCAAGTACTTGC_1,0.00010480273231341481
P3TLH_GTCTTCGAGATGCCTT_1,0.00010475525957856995
P2TLH_CCTCTGATCCGTAGTA_1,0.00010466275714657654
P2TLH_CACACAAGTCAATGTC_1,0.00010462312546667502
P3TLH_CAGCTGGGTACAGTGG_1,0.00010458224979106165
P2TLH_AGAATAGAGGGAAACA_1,0.00010457565624151643
P5TLH_CGTAGCGAGTGCTGCC_1,0.00010452099750127617
P3TLH_ATGCGATCATAAGACA_1,0.00010451884543330223
P3TLH_TCTTTCCCATTCTCAT_1,0.00010443393962476005
P3TLH_CTTCTCTCACAACGTT_1,0.00010442866761096218
P4TLH_CTCGGAGGTATCAGTC_1,0.00010440088747090252
P4TLH_ATGCGATAGCTGCCCA_1,0.0001043997922115169
P2TLH_ATTCTACTCTGCAGTA_1,0.0001043755677129041
P5TLH_AGTCTTTTCGCAGGCT_1,0.00010436413306678367
P2TLH_TGCGTGGCAGCTCGAC_1,0.00010432229290015963
P5TLH_TTAGGACGTACAAGTA_1,0.00010431656210177762
P4TLH_TTCGGTCTCCACGACG_1,0.00010431396515046766
P1TLH_CACACCTAGGAGCGAG_1,0.00010423623007662935
P3TLH_TTCCCAGCATCCGTGG_1,0.00010416963282038504
P3TLH_AAAGTAGAGACAAAGG_1,0.00010413723798272029
P1TLH_TGGCCAGCATCGGACC_1,0.00010410407130811839
P2TLH_CAGCAGCCATAAAGGT_1,0.00010404260496159557
P1TLH_AGAGTGGTCTCCCTGA_1,0.00010402594585862637
P5TLH_CATCGGGCACTGTTAG_1,0.00010395651677550342
P3TLH_AAGCCGCAGGCATGTG_1,0.00010394421695170864
P5TLH_GACAGAGGTACTTCTT_1,0.00010388878568035616
P4TLH_CAGCATAGTTGCTCCT_1,0.00010388677476515946
P1TLH_GATGAAATCGGCCGAT_1,0.00010388162351161334
P3TLH_TAGCCGGGTTGGTGGA_1,0.00010385243577867658
P4TLH_TTAACTCTCCGTACAA_1,0.0001038116687302344
P3TLH_CTACGTCCAGTATAAG_1,0.00010379058384701053
P5TLH_TATCTCAAGAGATGAG_1,0.00010376339442808327
P3TLH_AACCATGAGCTAGTCT_1,0.00010362200767365524
P5TLH_TGTATTCGTAGGAGTC_1,0.00010362134182212601
P3TLH_GGACAGAAGGTTACCT_1,0.000103596843474168
P4TLH_GCGAGAATCTTGCATT_1,0.00010356642688909965
P5TLH_CCTAAAGCATCGGACC_1,0.00010353193605389135
P2TLH_GAAATGACAAGGACAC_1,0.00010352106946828037
P5TLH_AACCGCGTCGTCCGTT_1,0.00010347769306334398
P2TLH_CCAGCGATCAGCTGGC_1,0.00010345680837753049
P3TLH_ACGCCGACAACTGCTA_1,0.00010339778881316938
P2TLH_AGAATAGTCCACGTGG_1,0.00010339122524326557
P5TLH_TGGTTCCGTGTGGTTT_1,0.00010331603999776721
P3TLH_GAAACTCGTTACGACT_1,0.00010330120950851283
P3TLH_ACGGAGAAGATAGGAG_1,0.00010327156874207688
P3TLH_TGGCTGGTCCTCATTA_1,0.00010319444609856365
P3TLH_GATCAGTAGTTGAGAT_1,0.00010319414351019178
P4TLH_GCGAGAAAGGGTCTCC_1,0.00010319038409982866
P1TLH_GCACATAGTTCGTTGA_1,0.00010309584341305557
P5TLH_GATGAAAGTCTTCTCG_1,0.00010309290851057021
P2TLH_CGTGTCTGTTAAGATG_1,0.00010306168069920411
P4TLH_CTCTAATCATCTATGG_1,0.0001030175318739322
P1TLH_GGCTCGAAGAAGCCCA_1,0.00010300691967987731
P5TLH_TGGCGCAGTAGCTCCG_1,0.0001029972757839408
P3TLH_CTAACTTCAGTACACT_1,0.00010292073268253468
P5TLH_CTCCTAGAGCGCCTCA_1,0.00010291770264468501
P3TLH_CTGCTGTAGGTACTCT_1,0.00010288965185987834
P5TLH_CTAGAGTGTGAGCGAT_1,0.00010288564222774225
P5TLH_ACACTGAGTCGCATAT_1,0.00010283403384692035
P1TLH_GATGAGGGTTGCCTCT_1,0.0001028144561159175
P2TLH_AGGTCATCAAACGCGA_1,0.00010280670612732375
P5TLH_CACAAACGTTTGCATG_1,0.00010277655813413198
P5TLH_CAGAATCCAGACAAAT_1,0.00010269153562731248
P3TLH_GATCGCGCATAACCTG_1,0.0001026606265381869
P3TLH_CTAGCCTAGTCTCGGC_1,0.00010263785016522563
P3TLH_TTTGTCAGTACCCAAT_1,0.00010262178869348895
P3TLH_GGAAAGCAGCCTATGT_1,0.00010253202497047522
P3TLH_ATCGAGTGTGCATCTA_1,0.0001025130288377215
P1TLH_GGTATTGAGTTATCGC_1,0.00010251055204216604
P3TLH_CAACCTCAGCTAGGCA_1,0.00010247563648908016
P5TLH_CTGCGGACAATGTAAG_1,0.00010243917712623882
P3TLH_AAGGTTCAGGCAGTCA_1,0.00010243066479113529
P1TLH_CACAAACAGGCAAAGA_1,0.00010242030337363856
P2TLH_CCTTCCCCACGTAAGG_1,0.0001023747857256046
P1TLH_TACGGTAAGGCGATAC_1,0.00010233302643522388
P3TLH_GGGCATCTCTAACGGT_1,0.00010232146119844639
P3TLH_CTGAAGTTCTGAGTGT_1,0.00010226369885668963
P4TLH_GACAGAGAGACGCACA_1,0.00010224263427848148
P3TLH_ATAAGAGCACATCTTT_1,0.00010223060464222956
P4TLH_GTAGTCACATTTGCTT_1,0.00010215421118193972
P3TLH_TCTGAGAAGATGGGTC_1,0.00010208555357451762
P2TLH_CACCTTGGTAGCCTCG_1,0.00010208413618538956
P2TLH_GATGCTAAGAAAGTGG_1,0.00010205159980825481
P5TLH_CAAGAAATCCTTGGTC_1,0.0001020369072410985
P5TLH_GTCGTAATCACTTATC_1,0.00010202709167327766
P1TLH_ACAGCTATCAGTGCAT_1,0.00010196390765450687
P4TLH_GCTTCCAAGCGGCTTC_1,0.00010196230246324625
P4TLH_TACTCATCAGCGTCCA_1,0.0001019263414291213
P5TLH_AACTCAGCACAGCGTC_1,0.00010183937069687791
P4TLH_TCATTTGGTTCCGGCA_1,0.00010177799765981175
P3TLH_CCTACACAGTATGACA_1,0.00010177227068003215
P1TLH_TGACTAGTCCTTAATC_1,0.00010174999863777313
P1TLH_GTGCATACATACGCTA_1,0.00010172438882099357
P5TLH_CAGTAACGTCAGAAGC_1,0.00010170614504749533
P2TLH_GCATGCGTCGTCTGAA_1,0.00010169368217422363
P2TLH_GCTGGGTTCGGCGGTT_1,0.00010162231864109886
P2TLH_TGACAACGTCCGACGT_1,0.00010157056002506879
P5TLH_TGACTAGGTTTGTTGG_1,0.0001014492388500777
P3TLH_CTGAAACGTAGCCTAT_1,0.00010120486282442686
P3TLH_CGCTATCAGGCGCTCT_1,0.00010118601681574756
P3TLH_CACAGGCTCTTGAGAC_1,0.00010114311598014928
P5TLH_CAGTCCTTCTTAGAGC_1,0.00010102095452928964
P3TLH_TGTGTTTAGATCCCGC_1,0.00010101989832959888
P4TLH_CAGAGAGTCAACCATG_1,0.00010091916835619998
P3TLH_GCAGTTATCTCTTATG_1,0.00010083433036346223
P3TLH_CAGCGACGTCGTGGCT_1,0.00010079202389677397
P1TLH_AGGGATGGTCAGAAGC_1,0.00010079164102450315
P5TLH_CCAGCGAAGTGAAGAG_1,0.0001007132292898429
P4TLH_CCCATACCACTCGACG_1,0.00010062347629501664
P5TLH_ATCATGGCATATGGTC_1,0.00010060156968496708
P2TLH_CTCTAATTCTGCCCTA_1,0.00010057610634938396
P3TLH_TTGAACGTCACCACCT_1,0.00010055853474140674
P5TLH_GCAAACTAGGCATGTG_1,0.00010049849489590073
P5TLH_CCTTTCTAGCGATAGC_1,0.00010044647795696336
P1TLH_AAACCTGTCTAAGCCA_1,0.00010039470757139983
P5TLH_ACTGCTCAGGTGCTAG_1,0.00010039127925655059
P3TLH_GTGCATAAGGAATCGC_1,0.00010036477551182968
P5TLH_CTCGGGACACCAGTTA_1,0.00010028943529958758
P2TLH_CCTTCCCCAGTCGTGC_1,0.00010026033737296322
P3TLH_CGAGAAGGTGGTAACG_1,0.0001002395301147513
P3TLH_TATCAGGTCCACGTTC_1,0.00010023496157074428
P5TLH_TGACGGCAGTACGTTC_1,0.00010022877659149253
P3TLH_TGTATTCCACCCATTC_1,0.00010013980553171753
P3TLH_AGAGCGAGTCGGCTCA_1,0.00010013035803055309
P1TLH_TCGCGTTTCGTGACAT_1,0.0001000089737088209
P3TLH_GGGATGACACGGTAGA_1,0.00010000198940681903
P3TLH_GGCGACTTCAGTACGT_1,9.990179058230817e-05
P1TLH_ACGCCGACACAAGTAA_1,9.985650287715187e-05
P3TLH_AGACGTTAGAAGAAGC_1,9.982974899566473e-05
P4TLH_CCGGGATCAAATTGCC_1,9.966949019942112e-05
P3TLH_ATAGACCAGTGCGATG_1,9.965305653323061e-05
P3TLH_TAGGCATCAAGCCGCT_1,9.960730287579677e-05
P5TLH_ATTGGTGTCTGTCCGT_1,9.96052867267663e-05
P1TLH_ATGGGAGCAGATCCAT_1,9.95596556980287e-05
P2TLH_ACGCCAGTCGAATGCT_1,9.942753895431e-05
P3TLH_TGGGCGTTCGAACGGA_1,9.938208137295742e-05
P3TLH_TAAACCGGTTACGCGC_1,9.936439236948164e-05
P4TLH_CCTAGCTGTCAACATC_1,9.93603120880373e-05
P1TLH_CAAGGCCAGAGACTTA_1,9.930446759577621e-05
P3TLH_TCTATTGCAACAACCT_1,9.922593184456882e-05
P3TLH_ACGGCCAGTTCAGTAC_1,9.921697168640509e-05
P3TLH_CCTCAGTTCTGTTGAG_1,9.92130303228176e-05
P2TLH_CTCGTCACAGCCTTTC_1,9.918599933924938e-05
P1TLH_TTTCCTCGTAATTGGA_1,9.916963442633239e-05
P5TLH_GTTACAGGTGTGGCTC_1,9.912930293205626e-05
P1TLH_AGTAGTCAGAGCTATA_1,9.911295529155583e-05
P5TLH_CCTATTAAGACAAGCC_1,9.907884417761409e-05
P3TLH_AGTGAGGGTCATGCCG_1,9.907678638467088e-05
P3TLH_CATGACAGTAAGGGCT_1,9.898366371477011e-05
P2TLH_TCACAAGGTAGGACAC_1,9.897653517237406e-05
P4TLH_TCATTACCAGGTTTCA_1,9.887782339109703e-05
P3TLH_CCGTACTCATGAGCGA_1,9.884850706469716e-05
P3TLH_CTCGGAGAGGACAGCT_1,9.882066722628207e-05
P3TLH_AAGGAGCTCTTGTCAT_1,9.877220349550073e-05
P3TLH_TGAAAGAAGGAATCGC_1,9.876374190804212e-05
P3TLH_CCCATACCAGGTCCAC_1,9.871438628197122e-05
P3TLH_CTTAGGACACCGATAT_1,9.870141101380357e-05
P5TLH_TGAGAGGTCCGTCATC_1,9.86928679741957e-05
P1TLH_CTCGTACAGGAGTCTG_1,9.868400383739731e-05
P5TLH_TCATTACAGTTAGCGG_1,9.866348252940599e-05
P2TLH_GCGGGTTAGCTCCCAG_1,9.860216647980142e-05
P5TLH_CCATTCGTCAACCATG_1,9.858307596518122e-05
P4TLH_TACCTATCATGGGAAC_1,9.857642855668932e-05
P3TLH_CACCACTAGAAACGCC_1,9.857138323497236e-05
P4TLH_GAAATGAAGGACACCA_1,9.854586501100346e-05
P3TLH_GTAACTGTCTCTTATG_1,9.85118911909432e-05
P4TLH_AATCGGTCACCATCCT_1,9.846967480142698e-05
P5TLH_AGGCCACCAGAGCCAA_1,9.844407286400294e-05
P4TLH_CCCATACTCGACGGAA_1,9.842214014389452e-05
P1TLH_GCGCAGTCATCGGACC_1,9.840404512993336e-05
P1TLH_GGGTTGCCAAGTCATC_1,9.835863445111123e-05
P5TLH_CATGCCTGTGTAAGTA_1,9.83430685252949e-05
P5TLH_CAGAGAGCAGGAACGT_1,9.832884635990867e-05
P3TLH_GATCGATCAAGTAATG_1,9.829697749490519e-05
P5TLH_ACCGTAATCTGCCCTA_1,9.827590015635605e-05
P3TLH_GTATCTTAGTAGCGGT_1,9.819957009044e-05
P2TLH_ATCTGCCGTCCAGTAT_1,9.819504772725668e-05
P1TLH_TCAACGAGTAATAGCA_1,9.819245695296718e-05
P5TLH_AGTAGTCTCGGCTACG_1,9.81603199306467e-05
P3TLH_GGGAGATTCGGACAAG_1,9.814841280086757e-05
P5TLH_CACACAAGTGTATGGG_1,9.814611647341982e-05
P2TLH_CACAAACCAAGTCTAC_1,9.814526031216412e-05
P3TLH_ATCATGGAGCATCATC_1,9.814222537792972e-05
P5TLH_AGTGTCACAGGTGGAT_1,9.812426208923782e-05
P3TLH_GGAATAAAGCGAAGGG_1,9.81093188887891e-05
P3TLH_CTCGAGGGTCCTCCAT_1,9.804713298443971e-05
P3TLH_GACTGCGTCACAACGT_1,9.800785633980556e-05
P3TLH_ACGATACAGTTAAGTG_1,9.800606901482185e-05
P2TLH_AACTCTTAGCCCTAAT_1,9.791131281996746e-05
P5TLH_CTCGTACCAAGACGTG_1,9.787641243120506e-05
P3TLH_GTCACAATCGTTTGCC_1,9.784313657450965e-05
P5TLH_GAGGTGACACGCCAGT_1,9.783981571414603e-05
P3TLH_CCGGTAGGTTCGTTGA_1,9.781298387306088e-05
P5TLH_GTTAAGCCAGATCCAT_1,9.780107301247005e-05
P5TLH_CTAGTGAGTCAATACC_1,9.777710870568818e-05
P4TLH_CCTCTGAGTTACGCGC_1,9.776336167033452e-05
P3TLH_TCACAAGCAAATTGCC_1,9.775088519614757e-05
P4TLH_GTTCATTAGGGCTCTC_1,9.773277292812375e-05
P3TLH_CAGAATCTCTGTCCGT_1,9.77286926131903e-05
P5TLH_CTCGTACAGATATGGT_1,9.772204506655555e-05
P4TLH_TGAGCCGCATATACCG_1,9.769066796168032e-05
P1TLH_CGTCACTTCCGCGGTA_1,9.765593828078793e-05
P5TLH_TGAGAGGGTCTAGCGC_1,9.763584203693112e-05
P2TLH_TTTCCTCGTACGACCC_1,9.762467346455321e-05
P2TLH_TCAGGATCAGAAGCAC_1,9.76217180725346e-05
P4TLH_TCCCGATGTCAGGACA_1,9.748073239513587e-05
P3TLH_CCTTTCTAGATCTGAA_1,9.739320927213176e-05
P3TLH_AGATCTGCACCAACCG_1,9.73720886846996e-05
P3TLH_GCAGCCAGTGACCAAG_1,9.731935947598986e-05
P3TLH_GATCGATCAGTCAGCC_1,9.727809029118142e-05
P3TLH_CTTCTCTTCTTGAGAC_1,9.72527163947289e-05
P1TLH_GCTGCTTAGAAACGAG_1,9.723058832539823e-05
P3TLH_GTAGTCAGTCTCTCTG_1,9.721737031911339e-05
P5TLH_GATCGCGAGACTGGGT_1,9.721341950644605e-05
P3TLH_AGTTGGTCAGTGAGTG_1,9.721136106587712e-05
P3TLH_CCGGGATTCTCGGACG_1,9.718674104435771e-05
P2TLH_CCTCAGTGTTATGCGT_1,9.716169326777728e-05
P4TLH_ATCCACCTCTTTAGGG_1,9.70811595027101e-05
P3TLH_ACGGGCTCAGGAACGT_1,9.705582415070222e-05
P1TLH_GCCAAATTCCCTTGCA_1,9.699642856794447e-05
P4TLH_AGCAGCCAGTGTCCCG_1,9.696186765222235e-05
P3TLH_CTGCCTAGTATTCTCT_1,9.694688355262327e-05
P2TLH_AACCATGAGCATCATC_1,9.693250741029632e-05
P3TLH_CCCAGTTCACGAAATA_1,9.686011281837555e-05
P4TLH_GTATTCTGTTGACGTT_1,9.683710812724141e-05
P5TLH_ACTATCTAGCCGTCGT_1,9.680054507894866e-05
P3TLH_AGGTCATAGCATCATC_1,9.679188381006513e-05
P3TLH_CGGAGCTTCTAACTGG_1,9.672478981722335e-05
P5TLH_CATATTCGTCATTAGC_1,9.661805705836575e-05
P1TLH_CACATAGCACTGAAGG_1,9.660882439646748e-05
P4TLH_GGATGTTAGTTACGGG_1,9.656544056799262e-05
P3TLH_GCAGCCACAAGGACAC_1,9.651566347629781e-05
P3TLH_CCCATACCACGAAAGC_1,9.650649356639746e-05
P2TLH_AGCTTGAAGCCACTAT_1,9.64404367235025e-05
P3TLH_CCGGTAGCAGCATACT_1,9.643638580431774e-05
P4TLH_CACAGTAAGAGGGCTT_1,9.63833862136156e-05
P5TLH_CGGACTGCACGCTTTC_1,9.634696698085071e-05
P3TLH_AAAGTAGTCTTGTCAT_1,9.633954847463068e-05
P5TLH_ATCATGGAGGCATGTG_1,9.616749918873496e-05
P3TLH_CGAGCCACATGGTCAT_1,9.615961260492187e-05
P4TLH_CGGACACTCCTTTCGG_1,9.615921993598606e-05
P3TLH_GTCCTCACATGCATGT_1,9.615116393878862e-05
P3TLH_CGTAGGCCAAGGTGTG_1,9.610904670666552e-05
P2TLH_GACGGCTCACACGCTG_1,9.609265073971849e-05
P3TLH_ATTGGACGTACATCCA_1,9.60300551015212e-05
P3TLH_GGTGCGTGTGCATCTA_1,9.601714235001787e-05
P2TLH_CGCTTCAAGAAGAAGC_1,9.59916890046184e-05
P5TLH_TCTGGAAGTTAGAACA_1,9.597578384621706e-05
P4TLH_AAATGCCGTGTGACGA_1,9.595318161542532e-05
P4TLH_TACGGTAGTATCACCA_1,9.591845114696154e-05
P3TLH_GGATTACAGTCTTGCA_1,9.589383851244688e-05
P5TLH_GTGCTTCTCTTGCAAG_1,9.580909081281783e-05
P3TLH_CACCTTGTCACAACGT_1,9.580169976393598e-05
P4TLH_CTCGAGGAGGGCTTGA_1,9.57769082905138e-05
P3TLH_CCGTACTTCATGCATG_1,9.576198506262834e-05
P3TLH_TTGACTTGTTCCCGAG_1,9.576085782596878e-05
P3TLH_AGCGTCGTCTCTGAGA_1,9.568211178007083e-05
P4TLH_CCTACCATCCCTAACC_1,9.567781615889632e-05
P3TLH_TTCTTAGCACAGTCGC_1,9.56424022037142e-05
P4TLH_GGCAATTTCTGCCAGG_1,9.56396018642746e-05
P1TLH_GAATAAGGTCGCGTGT_1,9.56160641121015e-05
P3TLH_GCGCAACCATACCATG_1,9.561028678755697e-05
P5TLH_TGGCTGGCAAGGTTTC_1,9.559246899599281e-05
P1TLH_GACTACATCTGAAAGA_1,9.558589330668687e-05
P3TLH_GCATGCGGTTGCCTCT_1,9.558286997409387e-05
P4TLH_AATCGGTTCTAACTCT_1,9.557338227187908e-05
P4TLH_CATATTCTCTTGTCAT_1,9.551263716549664e-05
P4TLH_AAAGTAGGTCTGGAGA_1,9.547389492460523e-05
P3TLH_CCACTACCATGACATC_1,9.546167358237125e-05
P3TLH_CTCTAATGTGCGATAG_1,9.54362236018096e-05
P2TLH_GTCACGGAGCTCAACT_1,9.541932481752788e-05
P4TLH_CGATCGGCAAGGGTCA_1,9.538246102790443e-05
P3TLH_CCACCTAGTGTTTGTG_1,9.536137112116284e-05
P2TLH_GAAGCAGCAAATACAG_1,9.535600124267529e-05
P3TLH_GTGCATAGTTCCCTTG_1,9.535570680698541e-05
P3TLH_TAGTGGTGTGATGCCC_1,9.531986622944303e-05
P4TLH_ACGAGGATCAGGCGAA_1,9.524068041527648e-05
P3TLH_TTATGCTGTAAAGGAG_1,9.519378548666372e-05
P3TLH_CTCAGAACAGCTCCGA_1,9.517642228334302e-05
P2TLH_CGAGCACGTATCTGCA_1,9.516556847563388e-05
P3TLH_CCTACACTCTTATCTG_1,9.512350455313726e-05
P5TLH_CCTACACGTGTAATGA_1,9.507205317571111e-05
P1TLH_TGTGTTTGTGAAATCA_1,9.50528804453762e-05
P5TLH_CACATTTCACAACTGT_1,9.498125409227656e-05
P4TLH_GCGAGAAGTTTAGCTG_1,9.496845380067494e-05
P5TLH_GGAATAAAGGCCGAAT_1,9.487007548790024e-05
P3TLH_TTCCCAGTCCGTAGGC_1,9.483297143307331e-05
P2TLH_AGAGCGATCAAACCAC_1,9.482203416596157e-05
P3TLH_AATCGGTAGGAGCGTT_1,9.479781276655636e-05
P3TLH_GATGCTATCTGGAGCC_1,9.477551340221579e-05
P3TLH_AGGTCATGTCGAACAG_1,9.476265799039277e-05
P2TLH_CCTAGCTAGGGATACC_1,9.474021196623535e-05
P3TLH_ACTGTCCCATCAGTCA_1,9.472712958038546e-05
P1TLH_CATCGAAGTCAGCTAT_1,9.46713316426216e-05
P2TLH_GCAGCCAAGAGTAAGG_1,9.466340525458642e-05
P4TLH_CACACCTGTCGATTGT_1,9.46289310790184e-05
P4TLH_GGACAAGTCAAACCAC_1,9.461157256744076e-05
P5TLH_CACCACTGTGTCGCTG_1,9.45328484213982e-05
P3TLH_CATGCCTCAATGTAAG_1,9.449953395963508e-05
P3TLH_GGAATAAAGATAGGAG_1,9.448403209815273e-05
P3TLH_TTCTCCTCACTACAGT_1,9.447956023288756e-05
P3TLH_CTCAGAATCGAGAACG_1,9.445577773291894e-05
P1TLH_TATCAGGTCTAACCGA_1,9.444162818926784e-05
P2TLH_CGGCTAGTCTCAAGTG_1,9.44318062893037e-05
P3TLH_CCAATCCTCCAGTATG_1,9.442258496547055e-05
P4TLH_CTACCCAGTGGTGTAG_1,9.437153745334478e-05
P3TLH_ATAAGAGAGATGCCTT_1,9.43275483946789e-05
P3TLH_TGCTGCTTCACTCCTG_1,9.432424789514805e-05
P3TLH_GTGTGCGTCAGCTTAG_1,9.42968549761369e-05
P1TLH_CACAAACCAATTGCTG_1,9.428891001233262e-05
P3TLH_AGTAGTCTCCTCAACC_1,9.426164678879728e-05
P3TLH_CGCTTCAAGTGTTTGC_1,9.422277464921334e-05
P1TLH_TTGCGTCCATTAGGCT_1,9.41824505379015e-05
P2TLH_ACGAGGAAGCGGCTTC_1,9.416702015669713e-05
P1TLH_CTCGTACCAGCCACCA_1,9.413385853834396e-05
P4TLH_ACCTTTATCACAGGCC_1,9.411887692326542e-05
P5TLH_GGTGAAGTCTAAGCCA_1,9.410873163226364e-05
P3TLH_TGGCCAGAGATAGGAG_1,9.40357360996983e-05
P5TLH_CACTCCATCCCTAATT_1,9.402389903326498e-05
P3TLH_CGATGGCCAGTTTACG_1,9.401029019201204e-05
P5TLH_GCATGTATCCAGGGCT_1,9.393967892987164e-05
P3TLH_TTCGAAGCACTAAGTC_1,9.393631487254848e-05
P2TLH_AAAGCAACACAGCGTC_1,9.372676203961758e-05
P5TLH_GGAATAAGTCTAGAGG_1,9.369083796187458e-05
P3TLH_CATCAAGAGGATGGTC_1,9.368962712661559e-05
P3TLH_ACCGTAATCCTGCTTG_1,9.359577880936475e-05
P3TLH_CGATGGCTCCTCAACC_1,9.358705844943638e-05
P3TLH_TACACGAAGGCTAGAC_1,9.352732425405667e-05
P1TLH_GCTTGAAGTGCAACTT_1,9.351798290459038e-05
P4TLH_GGTATTGCAATGGAGC_1,9.342548402325765e-05
P3TLH_CACATAGAGATGCCAG_1,9.341544201611657e-05
P3TLH_CTGCTGTCAGTCTTCC_1,9.335006730113265e-05
P3TLH_ATTTCTGAGCTCCTTC_1,9.333883511797356e-05
P1TLH_TTGGCAAGTACTTAGC_1,9.329352675809736e-05
P3TLH_TGACTTTTCTTATCTG_1,9.328544428778316e-05
P2TLH_TAAACCGTCTAACGGT_1,9.325684641500535e-05
P3TLH_GATCGTATCGAGAACG_1,9.324436637241838e-05
P3TLH_CGAATGTCAGTCAGAG_1,9.318598177784814e-05
P3TLH_CTCGAGGGTCATACTG_1,9.317789443871105e-05
P5TLH_CGCGTTTGTGATAAAC_1,9.311431883137028e-05
P3TLH_TCTCATAGTCCGCTGA_1,9.310139969170858e-05
P5TLH_TGTATTCAGTGACATA_1,9.306730335382521e-05
P3TLH_CGGCTAGAGTGAAGTT_1,9.305878127534111e-05
P5TLH_GTGTTAGTCTCGTATT_1,9.302278331691318e-05
P3TLH_CTGCCTATCAAAGACA_1,9.298220734974675e-05
P1TLH_AGGGATGAGCGATAGC_1,9.295000356704775e-05
P3TLH_CGAATGTCATCAGTCA_1,9.29251754119611e-05
P3TLH_GACCTGGTCTCTTGAT_1,9.290430038045676e-05
P3TLH_GTGCGGTGTTCGTGAT_1,9.289234114099012e-05
P3TLH_GACGTTATCCCACTTG_1,9.287445859718696e-05
P4TLH_GCTTGAAAGTGTCTCA_1,9.2867696154744e-05
P5TLH_AGCATACCAGTCGTGC_1,9.286238407334209e-05
P3TLH_CGTGTAAAGACCGGAT_1,9.282365445285512e-05
P2TLH_CGCGGTAAGCGCTCCA_1,9.281257257308059e-05
P3TLH_CTTTGCGCACCGGAAA_1,9.277140535389778e-05
P2TLH_TGGTTAGTCACATGCA_1,9.27694705518179e-05
P1TLH_CCCAGTTAGACGCAAC_1,9.276112954775114e-05
P3TLH_CAGAGAGTCGAACGGA_1,9.274116091140792e-05
P1TLH_ACGTCAACACAGAGGT_1,9.273603249098088e-05
P2TLH_AGCAGCCCAGTATAAG_1,9.266748591670612e-05
P5TLH_TTCTTAGGTGCGAAAC_1,9.263315141307528e-05
P1TLH_GGCAATTTCGATCCCT_1,9.255371890338153e-05
P2TLH_GGCGACTTCCGTCATC_1,9.255136002587919e-05
P5TLH_AGCAGCCTCGCAGGCT_1,9.25467502288036e-05
P5TLH_CTCGGGATCTACTCAT_1,9.254421822025685e-05
P5TLH_GCGACCAGTCGTGGCT_1,9.25304453398495e-05
P5TLH_GTCTTCGGTAATAGCA_1,9.243469453079456e-05
P3TLH_AACCGCGGTACCGCTG_1,9.240822408266822e-05
P3TLH_AGCAGCCTCGGTGTCG_1,9.239261918553353e-05
P4TLH_AATCCAGAGCTGTTCA_1,9.238583640927258e-05
P4TLH_GGGCATCTCGCCAGCA_1,9.23366543403389e-05
P2TLH_GGTGAAGAGTTGAGAT_1,9.229799319233836e-05
P5TLH_ACCCACTAGTCAATAG_1,9.22768503430246e-05
P1TLH_TTGGAACAGTACGCCC_1,9.221507927826654e-05
P3TLH_AGAGCGAAGAGTAAGG_1,9.220844291655175e-05
P1TLH_GTATCTTGTTCGTGAT_1,9.22025774326608e-05
P3TLH_CTAACTTGTTCGTTGA_1,9.220072737746413e-05
P5TLH_ATTACTCAGAGGTTGC_1,9.218083039209545e-05
P3TLH_AGATCTGTCCTGTACC_1,9.206540761526112e-05
P3TLH_ACATACGTCTGCAAGT_1,9.20126107796163e-05
P3TLH_GTCACAAAGACATAAC_1,9.199265785766774e-05
P1TLH_CTGAAACCAGACGCCT_1,9.191653719872452e-05
P5TLH_AGAATAGAGACTAAGT_1,9.189232538388213e-05
P4TLH_GCGCCAAGTCGTTGTA_1,9.180873468259125e-05
P4TLH_GAAATGAGTTGGGACA_1,9.179325982245583e-05
P2TLH_ATAAGAGCAACGCACC_1,9.17928657318309e-05
P3TLH_CAAGGCCGTAAACCTC_1,9.179195022253323e-05
P5TLH_TGCGGGTTCACCCGAG_1,9.177660192921988e-05
P4TLH_GATCGTAGTCTTTCAT_1,9.177660008885646e-05
P3TLH_GACTGCGGTACTCGCG_1,9.176975051791149e-05
P3TLH_GCTGCGATCAACACAC_1,9.175292531165229e-05
P3TLH_TTGAACGCAGACGCTC_1,9.175271786163294e-05
P3TLH_TGGCCAGAGGAGTTTA_1,9.166302823471885e-05
P3TLH_CGCGTTTCAAACTGTC_1,9.159620865905208e-05
P2TLH_ACGCCAGCATGGTCTA_1,9.152103686934318e-05
P1TLH_TAAGAGACACGGTAAG_1,9.144949699410384e-05
P4TLH_TCGTAGACACTAGTAC_1,9.125501963295945e-05
P3TLH_CAGCATAAGAGCAATT_1,9.125105577925914e-05
P5TLH_GGACGTCTCGATCCCT_1,9.123926765253624e-05
P3TLH_CTCACACAGGGTATCG_1,9.114117802564114e-05
P5TLH_CACACTCCAGCCTGTG_1,9.113199512577369e-05
P5TLH_CTGTGCTCACATCTTT_1,9.112892187346623e-05
P3TLH_ACAGCTAAGATGAGAG_1,9.112366828430642e-05
P2TLH_TACGGATCATATGGTC_1,9.110827998272954e-05
P3TLH_ACCAGTATCTCGTTTA_1,9.109839394267495e-05
P3TLH_CGGACTGAGCACCGCT_1,9.104366836985847e-05
P4TLH_TCGGGACTCGAGAACG_1,9.102215751291818e-05
P1TLH_TGTGTTTTCTGAGTGT_1,9.099380924608894e-05
P4TLH_CTACACCGTCGCGAAA_1,9.092891517344051e-05
P5TLH_ATGTGTGGTAGCCTAT_1,9.08194805493737e-05
P4TLH_CTAACTTAGAGTGACC_1,9.075826780413174e-05
P4TLH_TATCAGGGTCCGAGTC_1,9.075597708337933e-05
P3TLH_AAATGCCTCCCTTGTG_1,9.075255751862742e-05
P4TLH_CATCGGGAGGCTATCT_1,9.069633621455183e-05
P4TLH_CATCGGGGTCATCCCT_1,9.069183006546698e-05
P2TLH_AGATTGCAGAAGGACA_1,9.068916664640114e-05
P4TLH_CTAGTGATCGTCTGAA_1,9.066858065895281e-05
P3TLH_ATGTGTGCAGGTCGTC_1,9.063670977167914e-05
P3TLH_CTGTTTACAAAGGAAG_1,9.063252055073721e-05
P3TLH_TGGCTGGTCCTTAATC_1,9.059899910042505e-05
P3TLH_CATGACATCTCACATT_1,9.05900879190592e-05
P3TLH_TTGGCAATCCTTTCGG_1,9.055146164957493e-05
P5TLH_CGCTATCAGTGAAGTT_1,9.049963084180302e-05
P2TLH_CAGAATCAGACAATAC_1,9.048148484853554e-05
P3TLH_GTGCATATCACCTTAT_1,9.044465362685716e-05
P2TLH_CTGCTGTCATCCTAGA_1,9.040452826762728e-05
P4TLH_GTGTTAGCATGGGAAC_1,9.037962036442745e-05
P3TLH_TAGACCACAAGTAATG_1,9.036670715106104e-05
P3TLH_ATCCGAAAGAGGGCTT_1,9.034124642613387e-05
P5TLH_TTCTCCTGTGCTCTTC_1,9.027171951066412e-05
P3TLH_GAACATCCAGAAGCAC_1,9.02310743490309e-05
P3TLH_AAACCTGAGTGGAGTC_1,9.020822899115337e-05
P3TLH_GTCACGGCACCCTATC_1,9.020381216164815e-05
P5TLH_CTAATGGAGGCCCTTG_1,9.020278593674769e-05
P5TLH_TGCTACCAGTCCCACG_1,9.020208528221573e-05
P1TLH_GAACGGAAGTCTCAAC_1,9.01279278643057e-05
P4TLH_ACTTGTTTCAATCTCT_1,9.012609047755104e-05
P3TLH_CTGAAGTGTTCGTCTC_1,9.010483714069791e-05
P3TLH_TTGAACGGTCAACATC_1,9.005810330764258e-05
P4TLH_TTAGTTCGTCTTTCAT_1,9.002416260728777e-05
P3TLH_TTGCCGTTCGCCAAAT_1,8.994688415441663e-05
P2TLH_CCTCTGAAGCTCCTCT_1,8.99447827512249e-05
P5TLH_GGCCGATTCTACGAGT_1,8.987750757675944e-05
P1TLH_CTACATTTCCTTTACA_1,8.987419756048312e-05
P4TLH_TCTCATAGTTAAAGTG_1,8.985669279690597e-05
P5TLH_AACTTTCAGATGCCAG_1,8.985077155475326e-05
P5TLH_CAACCTCAGTATGACA_1,8.984993111503169e-05
P5TLH_GACTAACGTGACAAAT_1,8.981275297701758e-05
P4TLH_GAAACTCTCAAGATCC_1,8.972405703983992e-05
P1TLH_AAGCCGCAGGGCACTA_1,8.971189559225808e-05
P3TLH_CAACCTCTCGCGTAGC_1,8.970692222148026e-05
P5TLH_AGGTCATAGTGTCCAT_1,8.964886388767076e-05
P1TLH_GAACGGATCATCGATG_1,8.96112836900313e-05
P3TLH_GGATGTTGTGACGGTA_1,8.960726660980675e-05
P3TLH_AGGGATGTCCTCTAGC_1,8.96044128616842e-05
P2TLH_GATGCTAGTCATTAGC_1,8.958529496828389e-05
P5TLH_ATCTGCCGTCAGAATA_1,8.953810540200284e-05
P3TLH_CGAGCACAGACGACGT_1,8.953247499152029e-05
P2TLH_CGGTTAAGTCGAACAG_1,8.953069677256975e-05
P3TLH_ACATACGTCACATACG_1,8.951796970619649e-05
P5TLH_TTTGTCATCCACGCAG_1,8.948482358014364e-05
P4TLH_GTATCTTTCGTATCAG_1,8.947620194100185e-05
P3TLH_TTAGGCAAGAGGTACC_1,8.946824906246669e-05
P4TLH_TGAGCATTCGTTGCCT_1,8.944997974501818e-05
P2TLH_TTGGCAACAGTCTTCC_1,8.942575478256549e-05
P3TLH_TACTTACTCTTCGAGA_1,8.941016948519752e-05
P5TLH_TTCTCAATCACTGGGC_1,8.940458797328211e-05
P3TLH_ACGAGGACACAGAGGT_1,8.939537037876819e-05
P1TLH_CCGGGATCACATTAGC_1,8.9388341624127e-05
P5TLH_TGACTTTAGCTGTCTA_1,8.938152216297629e-05
P1TLH_TACCTTATCCCGACTT_1,8.937574208665827e-05
P3TLH_CTTACCGCACACTGCG_1,8.933696656891315e-05
P3TLH_CCTACACAGGGTCTCC_1,8.932612894357388e-05
P3TLH_GAGGTGATCTTTACGT_1,8.930064632173985e-05
P2TLH_GCTCCTAAGCGTTTAC_1,8.926472327888765e-05
P3TLH_CTCCTAGCAGATTGCT_1,8.925916250359319e-05
P3TLH_AAAGTAGTCCTTTACA_1,8.92373895196439e-05
P2TLH_CCCTCCTTCTTCCTTC_1,8.919132584729227e-05
P4TLH_GGGAATGAGACAGACC_1,8.918518159899087e-05
P1TLH_CTAACTTCATGACGGA_1,8.91830813661011e-05
P2TLH_ACAGCTAAGCGTGAGT_1,8.915688554694067e-05
P5TLH_TGTATTCTCTCGTTTA_1,8.913712903778829e-05
P4TLH_AGGTCATTCCGTCATC_1,8.904738179947534e-05
P4TLH_CCTTACGCAGGCTCAC_1,8.903156293169873e-05
P1TLH_CGATCGGTCACAATGC_1,8.901517079086827e-05
P4TLH_TCGGTAACACCGAATT_1,8.894974119749865e-05
P3TLH_CCCAGTTTCAGCTGGC_1,8.892519820338661e-05
P3TLH_CACAGTAAGGCGCTCT_1,8.883008321258183e-05
P4TLH_GAGGTGAGTCACCTAA_1,8.875706100280389e-05
P3TLH_AGTGTCAGTATTACCG_1,8.874678046933137e-05
P3TLH_AACCGCGCACACATGT_1,8.87382228197178e-05
P1TLH_CAAGTTGTCACCCGAG_1,8.872042001959154e-05
P4TLH_CCTACCATCCAAACAC_1,8.870768215234042e-05
P5TLH_TGCACCTTCCTAAGTG_1,8.868731761199381e-05
P5TLH_GGGCACTGTCGATTGT_1,8.867307585314806e-05
P4TLH_CGGCTAGAGCGATTCT_1,8.860639198501858e-05
P5TLH_CGAATGTAGAGGTAGA_1,8.85862161245664e-05
P3TLH_GCCAAATGTAGGCATG_1,8.856536924489504e-05
P4TLH_TCACGAAGTGTGAAAT_1,8.856321739330458e-05
P1TLH_TGACTTTGTGAAAGAG_1,8.85597771481455e-05
P3TLH_TTGGAACGTTCCACTC_1,8.854958625212905e-05
P4TLH_TGGACGCTCTTGGGTA_1,8.850748850520363e-05
P3TLH_TACACGAAGAGGTTGC_1,8.840054079100808e-05
P3TLH_TCATTACTCCTCTAGC_1,8.833971229900447e-05
P5TLH_GCTCCTAAGTCTCGGC_1,8.827832264775141e-05
P3TLH_TGGCCAGAGCAGATCG_1,8.825313800047476e-05
P3TLH_CGGGTCACAAGCCGCT_1,8.8182184791654e-05
P3TLH_ACCAGTAGTGCTAGCC_1,8.816210283019788e-05
P3TLH_ATTCTACCAGTCAGCC_1,8.809897062575652e-05
P3TLH_TACGGATCATTTGCCC_1,8.808728258928124e-05
P3TLH_TCGTAGACACAGCCCA_1,8.808189561292245e-05
P4TLH_TCGCGTTTCGGCGGTT_1,8.804092948112613e-05
P5TLH_GCTGGGTAGTGCTGCC_1,8.798460332049624e-05
P4TLH_GGCGACTCAGAAGCAC_1,8.794376238202294e-05
P5TLH_GTGCAGCAGGAATGGA_1,8.793880248061775e-05
P2TLH_GCATGATTCACCCTCA_1,8.79053357382994e-05
P3TLH_TGAAAGAAGGGTCTCC_1,8.788703189913917e-05
P3TLH_CTCGAGGCAGCTATTG_1,8.78708951435776e-05
P2TLH_GACAGAGTCCAATGGT_1,8.787083081730427e-05
P1TLH_TAGTGGTCAGCCTGTG_1,8.786248901487927e-05
P4TLH_CACAAACGTACCGTTA_1,8.785550267320046e-05
P4TLH_TACACGAAGGCGACAT_1,8.778577133020737e-05
P3TLH_TTCTTAGTCTATCGCC_1,8.770660719778081e-05
P4TLH_AGATCTGCATGTTGAC_1,8.769063430872579e-05
P3TLH_AACGTTGTCACAAACC_1,8.768587603599804e-05
P3TLH_TTTACTGCACCTTGTC_1,8.767887168883209e-05
P4TLH_TGCGCAGAGATCCTGT_1,8.764965718638687e-05
P2TLH_TATCTCAGTCTGCAAT_1,8.762910503728891e-05
P5TLH_CGGACTGTCAGTACGT_1,8.762887674635227e-05
P3TLH_TTCGGTCTCAGTTTGG_1,8.76019895394474e-05
P3TLH_TTGCCGTTCCGAACGC_1,8.745718124028214e-05
P1TLH_CATCAAGCATACAGCT_1,8.744092107603978e-05
P2TLH_TCCCGATGTTACCGAT_1,8.743605548480647e-05
P4TLH_CGTCACTGTTGTCGCG_1,8.74339260839653e-05
P4TLH_CTAGTGAGTAGCTGCC_1,8.740076411750303e-05
P3TLH_AAGGTTCGTAATAGCA_1,8.73708568240005e-05
P3TLH_CCAATCCCAAAGCGGT_1,8.729771047324718e-05
P3TLH_AGCTCCTGTGCAACTT_1,8.728399871378613e-05
P5TLH_CAGTCCTGTACTTCTT_1,8.72257193216117e-05
P1TLH_TGCCCTACAAGCCGCT_1,8.721037647850381e-05
P3TLH_CGCTGGAGTGTGACCC_1,8.717072274959493e-05
P3TLH_GATGAGGGTCACACGC_1,8.714055520422786e-05
P3TLH_TGCACCTAGGAATCGC_1,8.712925124303735e-05
P2TLH_ACATACGCACCGCTAG_1,8.71272979135506e-05
P3TLH_TGAGCCGCATGAAGTA_1,8.710317752888804e-05
P1TLH_ACAGCTAAGGAACTGC_1,8.709423192855061e-05
P2TLH_CCACCTAAGATATGCA_1,8.707356781061866e-05
P4TLH_CAGCATACACAGGTTT_1,8.706961782620381e-05
P5TLH_ACCTTTAGTTTAGGAA_1,8.700013052886697e-05
P5TLH_GATCTAGAGAAACGCC_1,8.69167102989294e-05
P3TLH_ACAGCTACAAACAACA_1,8.690630174238783e-05
P2TLH_TCGGTAATCGATCCCT_1,8.689424679973879e-05
P3TLH_TACTTGTAGTGAACGC_1,8.685505926450816e-05
P2TLH_ACGGCCATCCGAGCCA_1,8.682604408299498e-05
P2TLH_CGTGAGCAGGGTCTCC_1,8.682533848385294e-05
P1TLH_TATCTCAGTGCGATAG_1,8.679238075612824e-05
P4TLH_CAACCTCCAAACGCGA_1,8.677599527348649e-05
P1TLH_TCATTACTCGTAGATC_1,8.676863489292695e-05
P5TLH_GCTTGAAGTCAAAGAT_1,8.667713033621092e-05
P5TLH_CCGGGATAGAGGGCTT_1,8.659400579875208e-05
P3TLH_CCTAGCTCACGGACAA_1,8.657874038015192e-05
P3TLH_AACGTTGAGAGCTGCA_1,8.656327775098012e-05
P1TLH_ACGCCGAGTAAGTGGC_1,8.646691375879123e-05
P4TLH_TGCTACCTCAGGATCT_1,8.646573650623139e-05
P5TLH_GACGTTACATCCCACT_1,8.644212840785496e-05
P3TLH_CGGGTCATCAACGAAA_1,8.641597781948866e-05
P3TLH_TTAGGACTCGAGGTAG_1,8.634500229115438e-05
P3TLH_ACGCCGACATCACAAC_1,8.634148127426754e-05
P2TLH_TTGGCAATCTGCTGCT_1,8.632118231722921e-05
P3TLH_CTGTTTATCGGAAACG_1,8.629647609120775e-05
P3TLH_TGCGCAGCACAAGCCC_1,8.627993634931074e-05
P3TLH_GCCAAATCACACGCTG_1,8.627417043017322e-05
P5TLH_GGATTACAGCGTCAAG_1,8.626008988753747e-05
P3TLH_AGGGTGAGTATAAACG_1,8.623731338319625e-05
P1TLH_GTTCTCGAGGGCACTA_1,8.622859424636204e-05
P3TLH_GCGAGAACACGGCTAC_1,8.619474073619299e-05
P1TLH_AAGGCAGCAGCAGTTT_1,8.617665971037714e-05
P1TLH_CTTGGCTAGTAAGTAC_1,8.611706496284382e-05
P1TLH_TAGCCGGTCATGTCTT_1,8.608099808211758e-05
P3TLH_GATGAGGAGGAATTAC_1,8.60746793232901e-05
P3TLH_GACAGAGAGGACAGAA_1,8.606267455452167e-05
P4TLH_GTACGTAAGGATCGCA_1,8.60476191698693e-05
P5TLH_GCATGATGTAGGAGTC_1,8.603857493118027e-05
P3TLH_ATCTGCCGTGTCCTCT_1,8.599516664902905e-05
P1TLH_TCTGGAAGTAGTACCT_1,8.596671367600363e-05
P3TLH_AAGGCAGCAAACCCAT_1,8.592196061331676e-05
P5TLH_CCTCTGAGTTGGAGGT_1,8.589963239015971e-05
P1TLH_TTCTTAGGTTTCGCTC_1,8.58896412712934e-05
P2TLH_ATGTGTGGTTATCGGT_1,8.586681978407302e-05
P5TLH_GCCAAATGTACAGTTC_1,8.586087340546108e-05
P3TLH_CGATGGCCAACTTGAC_1,8.580376871192418e-05
P3TLH_ACGCCAGCAGACGCAA_1,8.575668733229749e-05
P1TLH_TGAAAGAAGGTCGGAT_1,8.56194372964014e-05
P3TLH_GAAATGATCAGCGATT_1,8.560762869992724e-05
P2TLH_GATCTAGCAGATAATG_1,8.560647599530478e-05
P3TLH_GTAACTGTCATCTGCC_1,8.55487925049889e-05
P3TLH_GGAACTTAGTGGTCCC_1,8.553729074859121e-05
P3TLH_ACTTACTGTCAAACTC_1,8.550092637386433e-05
P5TLH_ATCATGGCAACAACCT_1,8.549638806326987e-05
P4TLH_CTTAGGACATGAACCT_1,8.547537817456387e-05
P3TLH_ACACCAATCGGTGTTA_1,8.546281236206255e-05
P3TLH_TACCTATGTCCGTGAC_1,8.543534798261615e-05
P3TLH_ATAGACCGTAGCGTCC_1,8.541426284169656e-05
P3TLH_GCTGCTTGTAGCGCAA_1,8.53961706591011e-05
P3TLH_CCTCAGTCAATCTGCA_1,8.535182912358877e-05
P1TLH_TGACGGCGTTGGTGGA_1,8.527466926614132e-05
P3TLH_GATGCTAAGAGGGCTT_1,8.526905516230394e-05
P4TLH_ATTATCCAGCTGGAAC_1,8.52346935007847e-05
P1TLH_CAGTCCTTCTGTGCAA_1,8.514544914041756e-05
P1TLH_GACGCGTAGTCCTCCT_1,8.512319242743461e-05
P5TLH_GCCTCTAGTAATAGCA_1,8.512213496125386e-05
P3TLH_CACATAGTCGTGGTCG_1,8.511873185815708e-05
P3TLH_CGTGTAAGTCGCGGTT_1,8.511406918925776e-05
P4TLH_GACACGCAGATGCCTT_1,8.51043707275213e-05
P3TLH_GGGAGATGTCTCTCGT_1,8.508835001141918e-05
P5TLH_CTAACTTCAAACGCGA_1,8.502083527526522e-05
P3TLH_GGAGCAAGTATGAAAC_1,8.50032672788168e-05
P4TLH_GGATTACCACGGACAA_1,8.495753865342549e-05
P4TLH_TTGCGTCAGTCCGGTC_1,8.49452627214836e-05
P5TLH_AACCGCGAGCCGTCGT_1,8.494487498991797e-05
P2TLH_ACAGCTAGTTGAGTTC_1,8.493327047681134e-05
P5TLH_TTGGCAAGTTGACGTT_1,8.489009940933465e-05
P2TLH_AACTCTTAGATAGTCA_1,8.480828299489446e-05
P4TLH_TTAACTCAGCAGACTG_1,8.47225084362274e-05
P2TLH_AAGCCGCCAGGTCTCG_1,8.468690425338267e-05
P3TLH_CCTACCATCAGTACGT_1,8.464769055238141e-05
P4TLH_CGAGCACAGCTGTCTA_1,8.457935659429381e-05
P3TLH_TCTGGAACAAGAGGCT_1,8.457254490973848e-05
P2TLH_CGCTATCTCCGGGTGT_1,8.454177667438613e-05
P3TLH_GTACTCCGTAGGAGTC_1,8.452651726957625e-05
P3TLH_TGATTTCAGGCGTACA_1,8.452497707476943e-05
P3TLH_ATCACGACAATCGGTT_1,8.450196058104478e-05
P3TLH_CTCTACGAGCATGGCA_1,8.442822136450309e-05
P4TLH_AGCGTCGCACGGTTTA_1,8.438126603344326e-05
P1TLH_TTGACTTCACGTTGGC_1,8.434560419866422e-05
P3TLH_CTGCGGATCCATGCTC_1,8.434380025920581e-05
P4TLH_TAGTTGGCATCAGTAC_1,8.434148156215819e-05
P3TLH_TCATTACGTTTAAGCC_1,8.432425047724664e-05
P1TLH_GATGCTACAGTAACGG_1,8.425996107323473e-05
P4TLH_CTAGCCTGTAAGGATT_1,8.425204383458588e-05
P2TLH_AGAGTGGCATGCATGT_1,8.420485784424973e-05
P5TLH_GGTGCGTCAACTGGCC_1,8.418545658066574e-05
P2TLH_TTGGCAACAGGTGCCT_1,8.417158458076879e-05
P3TLH_TGACTTTTCTACTTAC_1,8.41105743816989e-05
P3TLH_ATTTCTGAGTAGGCCA_1,8.40461483408636e-05
P3TLH_CGAGCCACAGGCTCAC_1,8.391755145700117e-05
P3TLH_CTCCTAGCATGAGCGA_1,8.386513623030474e-05
P5TLH_TCCCGATTCACTATTC_1,8.38295794974049e-05
P1TLH_TATGCCCTCGTAGGAG_1,8.381679065217374e-05
P5TLH_CTGAAACTCTGGGCCA_1,8.3805113625587e-05
P5TLH_GCATGATGTCAGAGGT_1,8.379362151595554e-05
P4TLH_TAGGCATTCAGCATGT_1,8.377591906500672e-05
P2TLH_CCCAATCCATACTCTT_1,8.372603988534629e-05
P4TLH_TGACTTTCAGCTCCGA_1,8.370114836842523e-05
P4TLH_CGAGAAGTCTGGTTCC_1,8.365621586480403e-05
P3TLH_ATGTGTGTCATCGGAT_1,8.362520722101774e-05
P3TLH_GCTGCAGTCCGCGGTA_1,8.361772077468185e-05
P4TLH_CTCCTAGAGGACGAAA_1,8.357555378284552e-05
P5TLH_GCTCCTACATTAGCCA_1,8.356582471757569e-05
P3TLH_CCTATTACAAGTTGTC_1,8.35481614756376e-05
P4TLH_GACGTGCGTGATAAAC_1,8.353948320416567e-05
P5TLH_CGGAGTCAGGCATTGG_1,8.352412678913382e-05
P3TLH_AAGCCGCGTATCAGTC_1,8.351518929537452e-05
P3TLH_ACGATGTGTTACAGAA_1,8.350994844176878e-05
P5TLH_ACATCAGAGCCAGTTT_1,8.34824488465094e-05
P1TLH_TCGCGAGCAAAGCGGT_1,8.343616208316008e-05
P3TLH_GATCAGTGTGAGGCTA_1,8.337009238141125e-05
P3TLH_GATGCTAGTCCAGTAT_1,8.334164301985267e-05
P4TLH_GTTCGGGTCAGCTCGG_1,8.326504048994683e-05
P1TLH_CTGGTCTGTAAGTAGT_1,8.32606462159708e-05
P3TLH_GTACTTTAGTCACGCC_1,8.323627888604226e-05
P1TLH_GTTAAGCAGTACATGA_1,8.321474982487884e-05
P5TLH_AGTTGGTTCTTCCTTC_1,8.318262697466104e-05
P3TLH_ACAGCCGAGAGCTATA_1,8.317150135387319e-05
P3TLH_TGCGTGGAGGCTCAGA_1,8.311851763135412e-05
P3TLH_AGTAGTCGTACATGTC_1,8.307779665075901e-05
P5TLH_AAGGAGCCAGCATGAG_1,8.307373325522345e-05
P5TLH_ATGAGGGTCTGTGCAA_1,8.302378833091133e-05
P3TLH_ACGAGGATCACTTATC_1,8.29985344598205e-05
P3TLH_GCTGCAGTCTCGGACG_1,8.29522027106158e-05
P3TLH_ATTGGTGCAATGAATG_1,8.292036589199499e-05
P3TLH_CGCTGGATCGCACTCT_1,8.289285494478483e-05
P3TLH_TAAGCGTGTGATGCCC_1,8.279327788371698e-05
P5TLH_ACTGATGTCCACTCCA_1,8.276838088354864e-05
P5TLH_AGTTGGTTCTCTTGAT_1,8.27135525223445e-05
P1TLH_CGCGGTATCTTTAGTC_1,8.269102915868852e-05
P5TLH_AGCTTGAAGCGTTTAC_1,8.268398307940583e-05
P2TLH_TTCTACAGTTCAGACT_1,8.26783981237744e-05
P1TLH_CGAGCCATCGGTTCGG_1,8.262922368409102e-05
P3TLH_ACATGGTAGGTGACCA_1,8.258906696724793e-05
P3TLH_CTCAGAACACACCGAC_1,8.258233685836121e-05
P5TLH_CCCAATCCACGTCAGC_1,8.257131645352873e-05
P3TLH_ACGGGCTTCTGAGGGA_1,8.24787701436396e-05
P1TLH_GTGGGTCTCCTTGCCA_1,8.242380270012553e-05
P5TLH_GGGCACTCAGGGAGAG_1,8.236891941944262e-05
P5TLH_TTCGAAGGTACTTGAC_1,8.231819360691413e-05
P5TLH_GACGCGTTCAAGAAGT_1,8.231425865703508e-05
P2TLH_TAAGTGCGTTAAGGGC_1,8.229569158691307e-05
P3TLH_ATTGGTGGTGAAGGCT_1,8.226658460288357e-05
P4TLH_ACGCAGCGTAAAGTCA_1,8.223277729192104e-05
P4TLH_GGGCACTCAGTAGAGC_1,8.222466097204515e-05
P2TLH_TCTCTAAAGTGAAGTT_1,8.221497148285921e-05
P3TLH_CCTACCACACCTCGTT_1,8.211465646750562e-05
P5TLH_CTACCCAAGCAGATCG_1,8.208160010285569e-05
P3TLH_CCTTCCCGTAGGAGTC_1,8.206830895463775e-05
P5TLH_GGGCACTCACTACAGT_1,8.199595999428311e-05
P3TLH_GCTTCCACATGCTAGT_1,8.196892918227391e-05
P2TLH_AAACGGGAGGCAAAGA_1,8.188805842888995e-05
P3TLH_TACTCGCCACTTACGA_1,8.18875216201087e-05
P4TLH_GACTAACGTGTAAGTA_1,8.188316511198335e-05
P5TLH_TGGACGCCAGTAAGCG_1,8.18666195795202e-05
P3TLH_CAGCTGGAGAGTTGGC_1,8.184721058575149e-05
P5TLH_ACACCAATCTTGTATC_1,8.184037691971296e-05
P3TLH_CGAACATAGTCCTCCT_1,8.18159492890152e-05
P1TLH_GCATGCGGTAGAGTGC_1,8.178978481062911e-05
P3TLH_CTTTGCGTCTATCCTA_1,8.173856612615127e-05
P5TLH_ATCTACTTCACCTTAT_1,8.172949440002328e-05
P3TLH_ACATGGTGTTCGCTAA_1,8.16956091506329e-05
P2TLH_GGGTTGCAGCTACCGC_1,8.168670533332177e-05
P4TLH_CATCAGACATCGTCGG_1,8.164168341801852e-05
P5TLH_TGCCCATAGTGTACTC_1,8.160423804482951e-05
P3TLH_GATGAAAAGATACACA_1,8.158070143404942e-05
P5TLH_CCCAATCAGCTAAGAT_1,8.157800019587969e-05
P5TLH_TCTATTGGTTACCAGT_1,8.156904053828293e-05
P4TLH_AACTCAGTCCTACAGA_1,8.156442755536948e-05
P2TLH_GATCGCGGTCAATGTC_1,8.152810209071579e-05
P1TLH_GATGAAAAGATGCCAG_1,8.150118948022451e-05
P1TLH_AACTTTCGTTTGCATG_1,8.149858765948557e-05
P3TLH_CGAGCCAAGTGCCAGA_1,8.147694244448193e-05
P3TLH_ATCCACCGTAGGGTAC_1,8.145534085283101e-05
P3TLH_ACACCGGAGACTAGGC_1,8.14423595999292e-05
P3TLH_CCTACCATCCTAAGTG_1,8.143831387248727e-05
P2TLH_TAGGCATGTAACGCGA_1,8.134442493187651e-05
P1TLH_TAAACCGCACGACTCG_1,8.132258765322893e-05
P3TLH_GTCAAGTAGACTTGAA_1,8.132042500408554e-05
P1TLH_CGTCTACCACGAAATA_1,8.129876929834777e-05
P5TLH_AATCCAGAGTCTCAAC_1,8.128492412854482e-05
P3TLH_CATGGCGTCTGCAGTA_1,8.128032798471e-05
P3TLH_TACTTACAGAGTTGGC_1,8.123122727614783e-05
P3TLH_ACGAGCCCAGTAACGG_1,8.122214962914001e-05
P5TLH_TACAGTGAGACTAGAT_1,8.12215140064617e-05
P3TLH_GGACAGAAGTTCGCAT_1,8.120923850821054e-05
P2TLH_AGCGGTCAGTTATCGC_1,8.118247865679154e-05
P2TLH_TAAGTGCCAGCCTATA_1,8.112770909485168e-05
P3TLH_CACAGGCAGAAGAAGC_1,8.111673321610446e-05
P3TLH_CTTGGCTAGGTGCTAG_1,8.109341690752309e-05
P3TLH_GTAACTGCACTCAGGC_1,8.102981576809221e-05
P5TLH_CACACCTAGGCTCTTA_1,8.10183022532182e-05
P3TLH_GGTGCGTTCATTTGGG_1,8.10136466381022e-05
P5TLH_CATCAAGAGCGTAATA_1,8.100392225693258e-05
P3TLH_CAGAATCGTTTGGGCC_1,8.098756145443985e-05
P1TLH_TCCCGATGTTGATTCG_1,8.091238389242913e-05
P1TLH_ATTACTCCACGGACAA_1,8.090727022039736e-05
P2TLH_GCGCAACTCCGTAGTA_1,8.090665932155025e-05
P4TLH_CACATTTAGACATAAC_1,8.090339244884523e-05
P3TLH_GCAGCCAGTAAACGCG_1,8.090021770670213e-05
P5TLH_GCAGTTAGTAATTGGA_1,8.089906965672537e-05
P2TLH_CGATTGATCCATTCTA_1,8.089350791921844e-05
P3TLH_ACTGATGTCATTATCC_1,8.089153217389204e-05
P3TLH_TAGAGCTGTGGGTATG_1,8.087000361644528e-05
P4TLH_TGCCCTACATAAGACA_1,8.0847387438457e-05
P2TLH_GTTAAGCAGGCATGTG_1,8.083046731826142e-05
P5TLH_CGAGCCATCTGAAAGA_1,8.07795613619458e-05
P1TLH_ACGCCAGCACTCGACG_1,8.076199091397785e-05
P2TLH_ATAACGCGTCAGCTAT_1,8.071451353114559e-05
P5TLH_GACACGCCAAATCCGT_1,8.07094236671486e-05
P3TLH_CTCATTATCAAAGACA_1,8.070779578176989e-05
P2TLH_GAAGCAGAGCCGATTT_1,8.069297175885277e-05
P3TLH_GTGAAGGTCACGGTTA_1,8.067182385519911e-05
P3TLH_CCTTACGAGTAGATGT_1,8.065140321223138e-05
P3TLH_AGTTGGTGTTAAAGAC_1,8.058770543054362e-05
P5TLH_GGTGCGTGTACTTCTT_1,8.051660616067828e-05
P3TLH_GCATACAGTAGCACGA_1,8.049960826199922e-05
P5TLH_CAGCATAAGGCACATG_1,8.049818084858734e-05
P4TLH_AAGGTTCTCAATACCG_1,8.049317345941632e-05
P3TLH_CTAAGACAGGGCACTA_1,8.036788786838295e-05
P3TLH_TTTGGTTCACCCATGG_1,8.032159627930811e-05
P4TLH_GTGCATAAGTGCGTGA_1,8.030578665824542e-05
P3TLH_GCTGCAGTCTTTAGTC_1,8.028768242067665e-05
P4TLH_TCCCGATCAGACAGGT_1,8.028652811204518e-05
P3TLH_AGCATACAGCTCAACT_1,8.027925379523164e-05
P4TLH_CCACGGATCGCGTAGC_1,8.023583215881288e-05
P3TLH_CCGTACTAGACTGTAA_1,8.022984463380488e-05
P5TLH_TGCTGCTAGGCCCTTG_1,8.01934072424407e-05
P4TLH_CAGCGACTCGCCCTTA_1,8.019063710282188e-05
P2TLH_CAGGTGCGTACCGTTA_1,8.017712579135921e-05
P3TLH_TGAAAGATCTGCAAGT_1,8.016978894676969e-05
P1TLH_CGTAGCGTCCTTCAAT_1,8.016655601436834e-05
P2TLH_ACTGAACCAAGAGGCT_1,8.00732345063037e-05
P3TLH_GTTCGGGTCCACGACG_1,8.006757579411155e-05
P4TLH_ACGCCAGAGTCACGCC_1,8.004599922351418e-05
P3TLH_CGTCACTAGAAGGGTA_1,8.000547243540379e-05
P3TLH_TTCGAAGAGAGGTAGA_1,7.999123621190258e-05
P2TLH_TACAGTGGTGGTCCGT_1,7.9974592397254e-05
P5TLH_AAAGTAGCACACCGAC_1,7.99535100426844e-05
P3TLH_TCAGCTCTCCCTAACC_1,7.991951339631554e-05
P5TLH_ACGGGTCGTATTCGTG_1,7.984043056181539e-05
P5TLH_GCCTCTACATGCGCAC_1,7.970026562244064e-05
P3TLH_CGTAGCGAGGTGCACA_1,7.967355999758711e-05
P3TLH_TCTATTGTCAAGGCTT_1,7.963802984758267e-05
P3TLH_CACTCCAGTAGAGTGC_1,7.960256040298025e-05
P5TLH_AGTGAGGAGGATTCGG_1,7.956297381471678e-05
P3TLH_GGGAGATAGGTGCTTT_1,7.953980085524776e-05
P3TLH_GTGAAGGGTGTGGCTC_1,7.953042797091277e-05
P5TLH_CCACCTAAGAAGGTGA_1,7.952612593606453e-05
P4TLH_CCCAGTTCATGCCACG_1,7.951971094007432e-05
P5TLH_GGAAAGCTCGCGTTTC_1,7.947187008589133e-05
P4TLH_CACATAGAGTAGCCGA_1,7.945198644560219e-05
P5TLH_AATCCAGGTTAAGTAG_1,7.943867780750844e-05
P1TLH_CACAGTATCAATAAGG_1,7.942704676093253e-05
P3TLH_AACTGGTCACCAGTTA_1,7.935860456657545e-05
P5TLH_CTGGTCTAGATGCCAG_1,7.932595497387868e-05
P2TLH_ATCGAGTAGTACGCCC_1,7.932163798471247e-05
P1TLH_ACGCCAGAGACAGACC_1,7.927972733430648e-05
P2TLH_GTTTCTAAGAAGCCCA_1,7.924690729643738e-05
P1TLH_ACACTGACAGGGCATA_1,7.920122408881957e-05
P3TLH_CTACCCACAAGTAATG_1,7.918872937010274e-05
P4TLH_GTGGGTCTCTGCGTAA_1,7.913746235263502e-05
P4TLH_TGAGCATGTGCAACTT_1,7.906515889992659e-05
P1TLH_AGCGTCGAGGGTGTGT_1,7.905397708601067e-05
P5TLH_GGCAATTTCACATACG_1,7.905146968264019e-05
P2TLH_CACAGTATCCTATGTT_1,7.900585651736667e-05
P3TLH_GCGAGAACATCTACGA_1,7.899229617144383e-05
P2TLH_CACAAACGTCAAAGCG_1,7.899038071575218e-05
P5TLH_GACCAATCACTGAAGG_1,7.897922625634908e-05
P1TLH_TCATTACGTGAAAGAG_1,7.89422738763094e-05
P1TLH_AGAATAGTCATGTCCC_1,7.88841259071896e-05
P1TLH_CAGTCCTAGCCAACAG_1,7.887134609787684e-05
P5TLH_TATCAGGTCCGATATG_1,7.885870474573633e-05
P2TLH_ACATCAGTCACCCGAG_1,7.884106511670412e-05
P2TLH_CGGACTGTCCAGTATG_1,7.872438702690597e-05
P1TLH_TTTGTCAGTCAAAGCG_1,7.87080052716428e-05
P4TLH_CAGCGACGTAGGACAC_1,7.870774250669105e-05
P2TLH_GTTACAGGTCGCTTCT_1,7.86989586739039e-05
P4TLH_CGAGAAGGTTTAGCTG_1,7.867438039107491e-05
P1TLH_CTGATAGGTAGCGTAG_1,7.866389390342755e-05
P2TLH_CTCTACGCAGGTCGTC_1,7.862083210825035e-05
P3TLH_CCAATCCTCCCTCTTT_1,7.8607559087097e-05
P5TLH_ACACCAACAACGATCT_1,7.859324281279149e-05
P3TLH_CGCTATCTCAACACCA_1,7.857215456960788e-05
P5TLH_TCAATCTCAAGCCGCT_1,7.855032441263557e-05
P4TLH_TGACGGCTCCACGCAG_1,7.854328579730583e-05
P3TLH_TTTGTCACACGAGAGT_1,7.852440939337838e-05
P5TLH_ACATCAGGTGGTAACG_1,7.845608881179742e-05
P4TLH_GCAATCATCTGTCTAT_1,7.845604792355257e-05
P4TLH_GACACGCCAAGTTGTC_1,7.839875740179482e-05
P3TLH_TGCGGGTTCTATCCTA_1,7.834721235180275e-05
P5TLH_ACACTGAGTCCGAATT_1,7.833356845331294e-05
P1TLH_GCTTGAACAAAGTGCG_1,7.831118942768136e-05
P5TLH_TGGTTCCCATAAAGGT_1,7.830803005847574e-05
P3TLH_CCCATACGTGCCTGTG_1,7.830447097501142e-05
P5TLH_TTATGCTGTACATGTC_1,7.825286965883267e-05
P1TLH_TTGAACGCATGTCCTC_1,7.824678218173035e-05
P4TLH_CTAGCCTGTCTAGGTT_1,7.821468836581345e-05
P1TLH_GACTAACCATGCATGT_1,7.81883168915769e-05
P2TLH_CTTTGCGCAGTATCTG_1,7.81464238863375e-05
P4TLH_GTGCGGTTCATCGGAT_1,7.802576782167966e-05
P3TLH_CGTCTACAGAGATGAG_1,7.800323362490133e-05
P2TLH_GCACTCTGTAAATGTG_1,7.797527947475674e-05
P4TLH_TTGGCAAAGGCTAGAC_1,7.7942708995022e-05
P3TLH_CGGACACAGCTAGTTC_1,7.793314088522197e-05
P2TLH_CACCACTAGGACTGGT_1,7.79323041927194e-05
P3TLH_TGGCTGGTCCATTCTA_1,7.792073467832168e-05
P5TLH_TTCGGTCAGCTAAACA_1,7.786656870255628e-05
P5TLH_TAAACCGCAGATGGCA_1,7.7862106041921e-05
P4TLH_TGAGCCGTCTTGGGTA_1,7.783539197961531e-05
P3TLH_GTCTTCGAGGCTACGA_1,7.782810647545267e-05
P3TLH_GACGTTAAGCGCCTCA_1,7.780253772944234e-05
P5TLH_ACGGCCACACTTCGAA_1,7.77830465702138e-05
P4TLH_GTCCTCATCAAAGACA_1,7.77724735714553e-05
P4TLH_AGTCTTTAGAATAGGG_1,7.775609038073639e-05
P4TLH_GAACGGACATACCATG_1,7.774855262078858e-05
P5TLH_ATGCGATAGGCATGTG_1,7.768740373376733e-05
P5TLH_TGCTGCTAGATCGATA_1,7.766285784439932e-05
P2TLH_TTCTCCTTCCTCATTA_1,7.766199868269538e-05
P2TLH_TGTGTTTTCAGGCCCA_1,7.765187999484363e-05
P3TLH_CGATGTAGTCTGCAAT_1,7.763860249333818e-05
P2TLH_GGGAATGTCCGCTGTT_1,7.76233410040758e-05
P3TLH_GACGCGTCAAGCTGTT_1,7.75014534546447e-05
P4TLH_CAGCCGATCACTTATC_1,7.746365271689457e-05
P4TLH_GCAAACTCAAGTACCT_1,7.746310092271908e-05
P1TLH_TTTCCTCTCAAACAAG_1,7.74291293374576e-05
P5TLH_CTGGTCTTCACAACGT_1,7.738851967988346e-05
P4TLH_AGGTCATCACATTAGC_1,7.736906976027165e-05
P2TLH_GCATACACACATCTTT_1,7.735331522395745e-05
P3TLH_CACCTTGTCTCTAAGG_1,7.72862695814572e-05
P3TLH_ACATACGTCCTTGCCA_1,7.72705992813461e-05
P4TLH_ATCATCTAGTGCAAGC_1,7.723134273500743e-05
P3TLH_TCATTTGCAATGCCAT_1,7.720640928544559e-05
P2TLH_GCCAAATGTGAAATCA_1,7.719415763514938e-05
P2TLH_GTCGTAAAGCCGCCTA_1,7.717314653751495e-05
P1TLH_GGCAATTGTCGTGGCT_1,7.713065498047951e-05
P5TLH_CCCATACCAAACCTAC_1,7.712221779951258e-05
P1TLH_CCAATCCGTCTCTCTG_1,7.708153922160753e-05
P2TLH_ATAACGCGTCCAAGTT_1,7.707007489122201e-05
P5TLH_CAGTCCTGTCGACTAT_1,7.705612354508222e-05
P1TLH_TCGCGAGAGAATAGGG_1,7.704302644858544e-05
P5TLH_CTCTGGTTCAAGAAGT_1,7.703063629848084e-05
P2TLH_GGGCATCAGCCACCTG_1,7.701633222775709e-05
P3TLH_ATTGGACGTCCGTCAG_1,7.701311065455102e-05
P3TLH_TCCACACGTTAAGACA_1,7.700359902442893e-05
P5TLH_CTAACTTTCCACTCCA_1,7.698347444110303e-05
P4TLH_CATATGGCAGACAAGC_1,7.693538576723891e-05
P5TLH_CCCAATCGTCAGTGGA_1,7.684457344526218e-05
P4TLH_TGAGGGAGTACGACCC_1,7.682688458195467e-05
P4TLH_TGGGAAGAGCTCCTTC_1,7.682321845844725e-05
P5TLH_TTAGTTCCAGCCTATA_1,7.681909788512417e-05
P5TLH_GAACCTAGTGCAGTAG_1,7.679412074066922e-05
P5TLH_GGCTGGTGTAGGGTAC_1,7.677630122930375e-05
P1TLH_TGCTACCTCTTAACCT_1,7.676883868077905e-05
P1TLH_TCGAGGCGTTGAGGTG_1,7.674933976030585e-05
P1TLH_TCACAAGAGCTCCTTC_1,7.670729889441098e-05
P3TLH_AGCTCCTAGTCAAGCG_1,7.661163444311851e-05
P3TLH_GTTCATTCAAGCTGGA_1,7.660965557320463e-05
P4TLH_TGCCCTAAGACTGGGT_1,7.658512890387985e-05
P5TLH_CATTCGCAGACTCGGA_1,7.653491659536104e-05
P3TLH_CCACTACGTGAAAGAG_1,7.653470324489359e-05
P3TLH_CTAGAGTAGATCCCGC_1,7.652812816006537e-05
P3TLH_GGCCGATTCGACCAGC_1,7.652268242179164e-05
P2TLH_GACAGAGTCCACTGGG_1,7.648316525520894e-05
P3TLH_AGGGATGTCGAACTGT_1,7.645761890323766e-05
P3TLH_TGAAAGACACGTGAGA_1,7.645415217130401e-05
P1TLH_CATCGGGCACATTCGA_1,7.644451672762549e-05
P4TLH_CAGCTAACACCAGATT_1,7.642309432900841e-05
P3TLH_TTTCCTCCATCACGTA_1,7.640788564974595e-05
P2TLH_TCACAAGTCTTCATGT_1,7.637903104035572e-05
P3TLH_ACATCAGGTCTAAACC_1,7.629147849569625e-05
P4TLH_CCACGGATCAACACAC_1,7.627549869748069e-05
P3TLH_AAGTCTGGTGTGCGTC_1,7.627238900305904e-05
P3TLH_AGTAGTCAGACAAGCC_1,7.625463449012543e-05
P3TLH_CATTCGCCATCAGTAC_1,7.624194834269478e-05
P2TLH_GTTTCTATCGATAGAA_1,7.620809948647434e-05
P4TLH_GAATGAACAAGGGTCA_1,7.62026820361919e-05
P1TLH_AGCATACCAATAGCAA_1,7.612709621230854e-05
P5TLH_CCTCTGAGTGGAAAGA_1,7.612377269670731e-05
P4TLH_ATCGAGTGTGTATGGG_1,7.610675036132357e-05
P5TLH_CGACCTTTCGCGTTTC_1,7.609648645688321e-05
P4TLH_ACAGCCGCAAGAAGAG_1,7.608573123191625e-05
P3TLH_GGGACCTTCCACTCCA_1,7.607151743942388e-05
P3TLH_GTCGGGTTCGGGAGTA_1,7.606041658572577e-05
P3TLH_GGAACTTAGTTGTCGT_1,7.603427870425176e-05
P5TLH_TACGGATCAATCCGAT_1,7.598799458114872e-05
P3TLH_ATAAGAGCACCCATTC_1,7.59599765226293e-05
P2TLH_CCCAGTTAGTGCCAGA_1,7.594658171242051e-05
P3TLH_GACCAATGTACCGCTG_1,7.588875194157527e-05
P5TLH_ACGATGTCAACTGCTA_1,7.581969262499173e-05
P3TLH_GAAACTCCATAGTAAG_1,7.580655147549607e-05
P2TLH_CTACATTCAGGTTTCA_1,7.575243266482233e-05
P3TLH_AAGGTTCGTTCACGGC_1,7.572834989024729e-05
P3TLH_CGATGTACATGCATGT_1,7.571380029593888e-05
P5TLH_ACGGCCAGTATCACCA_1,7.570319868158425e-05
P2TLH_TCGTACCCATAGTAAG_1,7.56893106298775e-05
P3TLH_CTTGGCTTCGATCCCT_1,7.567322983747185e-05
P3TLH_CCGGTAGCAACTGGCC_1,7.564768356332902e-05
P2TLH_CTCTAATAGAGAGCTC_1,7.563718192051784e-05
P3TLH_TGGCTGGTCTAACTCT_1,7.556596700138905e-05
P5TLH_TGGCGCAGTCTTCTCG_1,7.554852459287218e-05
P5TLH_CCTAGCTGTAAAGGAG_1,7.553318480364473e-05
P3TLH_CACCTTGAGCGCCTCA_1,7.55191985929499e-05
P3TLH_AGCTCTCGTGAACCTT_1,7.550641164505427e-05
P2TLH_AACTCAGTCCACTGGG_1,7.549720818978182e-05
P3TLH_GTCTCGTTCAGATAAG_1,7.548806738816275e-05
P5TLH_TGCTACCAGCACCGCT_1,7.546561546694524e-05
P2TLH_AAGTCTGGTTATCCGA_1,7.540856554220776e-05
P3TLH_GCATGTACACGTGAGA_1,7.540744530731055e-05
P4TLH_TCAGGTAAGTACGCGA_1,7.536369193123197e-05
P5TLH_AACCATGTCTATCGCC_1,7.52559052513313e-05
P3TLH_CTAGCCTGTGTGCGTC_1,7.52055651527809e-05
P5TLH_CCCATACCATGTTGAC_1,7.519776716844585e-05
P3TLH_GTATTCTTCACTCCTG_1,7.515716738485202e-05
P5TLH_TGCCCTAAGTGTCCAT_1,7.515528420798243e-05
P5TLH_GTGTTAGCACAAGTAA_1,7.515233690056454e-05
P3TLH_AGGCCACAGCAATCTC_1,7.514488788501246e-05
P1TLH_CGTGAGCTCAAACGGG_1,7.51440033217075e-05
P3TLH_CCATTCGTCCGTTGCT_1,7.502346779292206e-05
P4TLH_GAACATCTCGAATGGG_1,7.49777056264886e-05
P1TLH_CTAGAGTCAGATCCAT_1,7.49498606332488e-05
P2TLH_AAACGGGGTTGACGTT_1,7.49461855214048e-05
P5TLH_CAAGGCCCATCCCACT_1,7.492989770451301e-05
P5TLH_TCAACGAGTTGAGTTC_1,7.491598797239198e-05
P3TLH_GGTATTGCACGAAAGC_1,7.490904611289262e-05
P2TLH_CACACTCTCTAGAGTC_1,7.49051684818946e-05
P3TLH_TGAGCCGTCTCGTATT_1,7.490420546099987e-05
P3TLH_TCTCTAAGTGCACCAC_1,7.486801226619055e-05
P4TLH_GCAGTTAGTGATAAGT_1,7.482751965185506e-05
P3TLH_GAAATGACAACTTGAC_1,7.482557444644708e-05
P1TLH_TGAGAGGCATTCACTT_1,7.481734635612481e-05
P2TLH_ACAGCCGCAGGATCGA_1,7.48075472944783e-05
P5TLH_CCATGTCAGGGTCTCC_1,7.480284835173856e-05
P4TLH_TCTGAGATCCGCAGTG_1,7.472007075783154e-05
P1TLH_GACTAACTCATGTCCC_1,7.470413334248158e-05
P1TLH_GACTACAAGGATGTAT_1,7.469811634428525e-05
P5TLH_CTCCTAGGTAAGGATT_1,7.469691933814696e-05
P3TLH_CGATGGCAGTGTACTC_1,7.467448507794558e-05
P5TLH_CGTTGGGTCGGAAACG_1,7.465996780513018e-05
P1TLH_TGATTTCCAATGGAGC_1,7.46564681199838e-05
P5TLH_GTAACTGCAAGAAGAG_1,7.464677633040573e-05
P2TLH_AGATCTGGTACAGTGG_1,7.464001643709643e-05
P5TLH_AGCGTATTCAAACCAC_1,7.463442572559756e-05
P5TLH_TTCTCAACACACCGCA_1,7.454854510344446e-05
P5TLH_ACTGAACTCAACACGT_1,7.453565628161658e-05
P3TLH_TACCTATTCACTCTTA_1,7.452355898866784e-05
P1TLH_TCTTTCCTCATCGGAT_1,7.452008561408619e-05
P3TLH_ATTCTACCAATGACCT_1,7.444606339019792e-05
P5TLH_CGAATGTCAGACACTT_1,7.442437714548644e-05
P3TLH_ACATACGAGTCTCCTC_1,7.43990196073966e-05
P4TLH_AGCGGTCGTAAGGGAA_1,7.438997757193312e-05
P3TLH_GATCGTACAATCAGAA_1,7.435617692232303e-05
P5TLH_GCATACAAGCCAGAAC_1,7.43428025675758e-05
P1TLH_TACTCATAGCTCTCGG_1,7.431098836635408e-05
P3TLH_CGGACTGCAGTAAGAT_1,7.427103438853032e-05
P2TLH_TCTCTAACACCCATTC_1,7.426540406712974e-05
P5TLH_AGATCTGGTCCTGCTT_1,7.425057920827953e-05
P3TLH_TGCTGCTAGAGTAAGG_1,7.423299646370391e-05
P2TLH_CGGAGCTCATGAGCGA_1,7.420695562615294e-05
P3TLH_CTTACCGAGATACACA_1,7.414894858613283e-05
P4TLH_GATCGATTCTTACCGC_1,7.414870515928656e-05
P1TLH_CGCTGGAAGAGATGAG_1,7.414292835836206e-05
P3TLH_CATGGCGGTTGACGTT_1,7.411840673097759e-05
P2TLH_TGCGTGGGTACCGGCT_1,7.410237535336834e-05
P2TLH_ATCGAGTAGACTAGAT_1,7.409431808154504e-05
P4TLH_ACTGAACAGCCGCCTA_1,7.403117270671916e-05
P3TLH_AGAGCTTGTGACGCCT_1,7.403051506128642e-05
P3TLH_GAACCTAGTCTCCATC_1,7.401273587547058e-05
P4TLH_GTCACGGAGTAGATGT_1,7.40023625012e-05
P3TLH_TTCTACAAGTCACGCC_1,7.400164436510674e-05
P1TLH_CGCCAAGCATGGTTGT_1,7.400163636450502e-05
P4TLH_CAGCAGCTCAACACAC_1,7.395179924918638e-05
P3TLH_CTCTAATCAGTAACGG_1,7.394610020550374e-05
P4TLH_CACCTTGTCGGACAAG_1,7.392639856497724e-05
P5TLH_GTCACAAAGTGTCTCA_1,7.392080858336586e-05
P5TLH_CATCGAACAAGTTCTG_1,7.38942613087193e-05
P3TLH_GTCACAAAGGGTGTGT_1,7.386252629709132e-05
P3TLH_GCATACACACTTGGAT_1,7.384749977648894e-05
P3TLH_CCACGGAAGGGCTCTC_1,7.382873918131777e-05
P1TLH_CGGCTAGTCATAGCAC_1,7.379530030179398e-05
P5TLH_GTAGGCCTCTTAACCT_1,7.379432571344537e-05
P3TLH_TGTGTTTAGTTAAGTG_1,7.378829303277119e-05
P5TLH_GATCGCGCAAGTCATC_1,7.377893642652252e-05
P1TLH_GTCGTAAAGGACGAAA_1,7.37533065699389e-05
P3TLH_ATAGACCTCAGTTAGC_1,7.372672616375042e-05
P4TLH_TCTCTAAGTGGCGAAT_1,7.366606040340352e-05
P2TLH_CATGACACATCTACGA_1,7.365881216737286e-05
P5TLH_TGGGAAGGTTAGATGA_1,7.364852885969052e-05
P5TLH_CGTCTACTCACCGGGT_1,7.361935828270459e-05
P5TLH_CCTTCGAAGGGTCTCC_1,7.358883751153296e-05
P2TLH_AAGGTTCTCCGCAAGC_1,7.355056546919152e-05
P5TLH_ACGGAGAGTACTTAGC_1,7.354402061399753e-05
P2TLH_GTAACTGAGTTATCGC_1,7.353873880893524e-05
P3TLH_TCACGAATCACCCTCA_1,7.34516599573287e-05
P5TLH_GTCGTAAAGTGTTGAA_1,7.343299728129362e-05
P3TLH_ACACCGGTCTCATTCA_1,7.343211685964828e-05
P5TLH_AAGGTTCTCTTTAGTC_1,7.342616867629384e-05
P3TLH_CATCGAACACACGCTG_1,7.34155477930958e-05
P3TLH_CACCAGGTCAGAAATG_1,7.338757907250199e-05
P1TLH_GAGCAGAAGGTAAACT_1,7.337352699689402e-05
P1TLH_CCCAGTTCAAGGTTCT_1,7.336279614061976e-05
P4TLH_CTCAGAATCATGCAAC_1,7.335948144486221e-05
P5TLH_GAAGCAGTCTCAAGTG_1,7.333175855450531e-05
P3TLH_GCCAAATAGTTGAGTA_1,7.325805439989498e-05
P3TLH_GTAGGCCAGTTAAGTG_1,7.325637289963778e-05
P3TLH_TGGGAAGAGAGCAATT_1,7.32527846061313e-05
P3TLH_AAGGCAGCAGACAAAT_1,7.325086526011827e-05
P5TLH_GGCCGATGTGGTTTCA_1,7.306292916051562e-05
P3TLH_AGTCTTTCACACAGAG_1,7.304738962609675e-05
P5TLH_TATCTCAGTGGTCTCG_1,7.302423842308379e-05
P4TLH_TAGTTGGTCCCATTAT_1,7.30170503808426e-05
P1TLH_TGGCGCACAGGGAGAG_1,7.299784641289808e-05
P5TLH_TCGTAGAAGCGTGTCC_1,7.29730250036129e-05
P5TLH_CCACGGATCTGTACGA_1,7.294859863341375e-05
P5TLH_GACGTTAAGTGCGATG_1,7.294545068151313e-05
P4TLH_TACTTGTCACGTGAGA_1,7.294361550335055e-05
P3TLH_GTCATTTGTGTGACGA_1,7.29403331718404e-05
P3TLH_ACTATCTCAAGCCATT_1,7.29394277090791e-05
P4TLH_TCGTAGAAGACTGGGT_1,7.293111357605048e-05
P2TLH_GAACCTACAGCTCCGA_1,7.2928723837795e-05
P5TLH_TCAGGATAGAGCTGGT_1,7.289396144944723e-05
P3TLH_CACAGTAGTTCCTCCA_1,7.288157921728662e-05
P4TLH_ACGCCGACACATCCAA_1,7.276742787080457e-05
P5TLH_CCCAATCGTGCAGTAG_1,7.273234750828488e-05
P5TLH_CAAGTTGCATCAGTAC_1,7.272046474144824e-05
P4TLH_GAAACTCTCTAACTGG_1,7.271931119565279e-05
P2TLH_ATCTGCCCATGTCGAT_1,7.26917411388278e-05
P3TLH_CACTCCAAGGATTCGG_1,7.266867444182677e-05
P1TLH_GTCACGGCAAAGCAAT_1,7.261252218297988e-05
P5TLH_TTCTCCTCACATTTCT_1,7.260555111349622e-05
P3TLH_TTTGTCACATCCTTGC_1,7.25664047490997e-05
P4TLH_CTCATTAGTTGTGGAG_1,7.254919111100652e-05
P3TLH_CCCAATCAGATCGGGT_1,7.247194014724588e-05
P3TLH_GTTAAGCGTGTGGCTC_1,7.24620316766619e-05
P3TLH_GCATGTAAGAGCCCAA_1,7.245726557155542e-05
P4TLH_CATCAGATCCAAGCCG_1,7.243483540364132e-05
P4TLH_GCATGTAGTCTCCCTA_1,7.242542364693933e-05
P5TLH_CGCGTTTCAGCTATTG_1,7.241073031203977e-05
P2TLH_AGCAGCCGTAAAGTCA_1,7.239314648329439e-05
P3TLH_GCAGCCAAGTACGCGA_1,7.2386431009459e-05
P3TLH_TGACTTTAGCCAGTAG_1,7.238231966796904e-05
P4TLH_GCGGGTTAGACGACGT_1,7.237234173130713e-05
P5TLH_CTAACTTTCCAGTAGT_1,7.237067994305523e-05
P3TLH_TGACAACTCGAGAGCA_1,7.236436064648097e-05
P5TLH_GACGGCTGTGAACCTT_1,7.231581558778798e-05
P5TLH_TAAGTGCTCTGCGTAA_1,7.229248534112211e-05
P3TLH_CAGCATAGTCGTCTTC_1,7.228833389681804e-05
P3TLH_CGGCTAGTCTACCAGA_1,7.226058810772393e-05
P5TLH_TGCGTGGGTTTGTTGG_1,7.225562751878907e-05
P3TLH_GGCTCGAGTAGCTGCC_1,7.22475192672744e-05
P2TLH_CTGATAGAGCTTCGCG_1,7.22311117748652e-05
P2TLH_ACCCACTAGGCTAGAC_1,7.222936432518205e-05
P2TLH_CATGACATCACCCGAG_1,7.221257979052823e-05
P3TLH_AACTCCCCATACGCTA_1,7.220326794489502e-05
P5TLH_CTGGTCTCAATAAGCA_1,7.217628198432975e-05
P3TLH_GTGAAGGCACAGGAGT_1,7.216985639005476e-05
P5TLH_AGCATACTCATGTCCC_1,7.216842790417733e-05
P5TLH_AGAGCGACACGGACAA_1,7.212852782253092e-05
P5TLH_CTCTACGGTAATCACC_1,7.212052261890408e-05
P1TLH_TGAGGGATCAAACCAC_1,7.207959962491257e-05
P4TLH_CCCATACAGTTTCCTT_1,7.207950413187418e-05
P3TLH_GAAACTCGTCCGTGAC_1,7.206555680858873e-05
P3TLH_GTCTCGTGTATATCCG_1,7.205751163040459e-05
P3TLH_GGGTTGCAGTAGCCGA_1,7.205731487346253e-05
P5TLH_TGGCCAGCAAACCTAC_1,7.204553280217025e-05
P5TLH_GTACTTTTCGTGGTCG_1,7.201565567587614e-05
P4TLH_GTTCATTTCCTCGCAT_1,7.198392492805585e-05
P1TLH_CACACTCAGATGCGAC_1,7.195833126129906e-05
P1TLH_TCGTAGATCTGTTGAG_1,7.191549007831367e-05
P3TLH_TTAGGCAAGACAATAC_1,7.190367146441646e-05
P1TLH_CGTCTACGTAAAGGAG_1,7.190150574578079e-05
P3TLH_ACTGTCCCACTGAAGG_1,7.18852251186863e-05
P5TLH_CTTAACTAGAAGGACA_1,7.185918159357784e-05
P3TLH_TGTCCCATCATCGATG_1,7.185325473565852e-05
P3TLH_AGAGCGAAGCGTTTAC_1,7.182862842892583e-05
P1TLH_GTTTCTAAGACATAAC_1,7.181145854706437e-05
P3TLH_GCAGTTACAAGAGTCG_1,7.178131526503085e-05
P5TLH_CATTATCAGAATCTCC_1,7.177125917506845e-05
P3TLH_TCAGGATGTTCAGACT_1,7.171421198892782e-05
P5TLH_AAAGCAAAGATAGCAT_1,7.170947405002137e-05
P3TLH_GTAACGTAGTGTACCT_1,7.159681803058425e-05
P2TLH_TACGGATAGGAGCGTT_1,7.153785439261382e-05
P2TLH_GCGCCAAGTCTCCCTA_1,7.152489967775917e-05
P3TLH_ACGGCCATCGGATGGA_1,7.152475749883523e-05
P3TLH_ACTGAACCATGTAAGA_1,7.15087458854135e-05
P3TLH_CAAGATCGTAGGCTGA_1,7.149942573074105e-05
P1TLH_ACGTCAAAGCGCTCCA_1,7.149673906274108e-05
P3TLH_CAGATCAAGGGATCTG_1,7.147428449973802e-05
P4TLH_GTTCATTTCTGCGACG_1,7.145121844026668e-05
P4TLH_GTCTCGTCACACGCTG_1,7.144967542012844e-05
P1TLH_AGAGCGAAGCTGAACG_1,7.143512333761406e-05
P1TLH_GTCACAATCACTGGGC_1,7.139096232518913e-05
P3TLH_CTGTTTATCTGAGTGT_1,7.137683291528178e-05
P5TLH_AACTTTCTCTGCAGTA_1,7.13653784759701e-05
P3TLH_ATTCTACGTTACTGAC_1,7.134919404777062e-05
P4TLH_CGATTGATCGTCTGAA_1,7.132958107951343e-05
P1TLH_AACCGCGTCGTGGACC_1,7.129180857437498e-05
P5TLH_GCTCTGTAGCTCTCGG_1,7.126865588624469e-05
P3TLH_CCTACACTCGGAAACG_1,7.12618662729988e-05
P3TLH_CATCCACTCGGCGCTA_1,7.124828878520408e-05
P2TLH_GATCGATCAGTTTACG_1,7.123681364737417e-05
P5TLH_TAAGAGATCGCAGGCT_1,7.115252507072374e-05
P5TLH_AAAGCAAGTGTCAATC_1,7.11281817577303e-05
P3TLH_TGAAAGACACATGACT_1,7.112447925671587e-05
P5TLH_GCAGTTACAATGAAAC_1,7.111799763249364e-05
P2TLH_CGCGTTTAGATAGCAT_1,7.106083818030857e-05
P3TLH_ACGGCCACATGGTTGT_1,7.102179741503085e-05
P4TLH_AGTTGGTGTTGAACTC_1,7.101222054165471e-05
P5TLH_AATCCAGAGCCGGTAA_1,7.100985549004672e-05
P4TLH_CTCATTAGTCGAGATG_1,7.096668241400214e-05
P3TLH_GGGATGACATATACGC_1,7.094891171987772e-05
P1TLH_AGTGAGGAGTGTGAAT_1,7.093945667190418e-05
P3TLH_ATCTGCCCACGGCGTT_1,7.092919009298295e-05
P1TLH_CCGGTAGAGTCCAGGA_1,7.091686147503231e-05
P5TLH_GGCGACTTCAGCTCGG_1,7.089782323789404e-05
P1TLH_CATGGCGTCTTATCTG_1,7.088213762135861e-05
P1TLH_TTAGGACCAAGCCGCT_1,7.08430508751416e-05
P2TLH_GTGCATAGTCGCATAT_1,7.075847269423315e-05
P1TLH_GCATACATCACCCGAG_1,7.070310776442978e-05
P3TLH_AAGCCGCGTGATAAAC_1,7.064669651469283e-05
P4TLH_CTCCTAGTCGTAGGTT_1,7.06396116183279e-05
P5TLH_ACATGGTCATTATCTC_1,7.062164048647951e-05
P4TLH_GCTGCGACAAACGTGG_1,7.060002779966782e-05
P5TLH_GACGTGCAGTGGCACA_1,7.054724895223498e-05
P2TLH_CCTATTATCTTCAACT_1,7.050571615837851e-05
P3TLH_CACATTTCACAGCGTC_1,7.049690023496792e-05
P2TLH_AAGACCTAGAGCTGCA_1,7.04583141870693e-05
P3TLH_CCGTTCACAATAGAGT_1,7.043137050255477e-05
P3TLH_TCGTACCGTTCGGCAC_1,7.040142254037901e-05
P1TLH_CCCAGTTTCTGATTCT_1,7.038181506248962e-05
P2TLH_TGCGGGTCATTACGAC_1,7.0366066625615e-05
P3TLH_GACTGCGTCAAAGACA_1,7.035312206323361e-05
P3TLH_ATTGGACAGAGGTAGA_1,7.032347622192592e-05
P3TLH_GATGAGGTCTCAACTT_1,7.032227759977262e-05
P3TLH_CTAATGGCAAAGTGCG_1,7.026931551759325e-05
P4TLH_CGATCGGCATCGTCGG_1,7.02430230008328e-05
P2TLH_TGTTCCGGTAGAGTGC_1,7.023455774498154e-05
P3TLH_GTGCATACAGATCTGT_1,7.01899433226237e-05
P1TLH_GAAGCAGCAGGGTTAG_1,7.017392448340498e-05
P5TLH_TCAGGTATCGAATGCT_1,7.016836307019771e-05
P3TLH_ATCACGACAGTTTACG_1,6.993647418754023e-05
P3TLH_TGCTGCTTCCCTTGCA_1,6.985315708388825e-05
P3TLH_CCACCTAAGAAGCCCA_1,6.982973934506679e-05
P3TLH_CATCAAGAGCAGATCG_1,6.982646820115805e-05
P1TLH_TGATTTCCACGGTAGA_1,6.981758095323199e-05
P5TLH_TACTCATGTGGCAAAC_1,6.981600055975568e-05
P5TLH_CGATTGAAGCCCTAAT_1,6.979811684731145e-05
P3TLH_AGCGTATAGCGCCTTG_1,6.979538215254366e-05
P1TLH_TCAGGATGTTGTCTTT_1,6.977913363130892e-05
P4TLH_TGAGCATCATCGATGT_1,6.974903799400558e-05
P1TLH_TCGTACCCATTTGCCC_1,6.973600172416866e-05
P5TLH_GTAACTGGTGTCGCTG_1,6.971478714305822e-05
P3TLH_ATCATCTGTTAGAACA_1,6.971416002938557e-05
P2TLH_CATTCGCGTTATCGGT_1,6.970648476845655e-05
P5TLH_CGCGTTTCAAACGTGG_1,6.967947345703627e-05
P3TLH_CATCGGGTCAACGGGA_1,6.967429887179709e-05
P1TLH_TGTGTTTAGCGTCAAG_1,6.96572737245246e-05
P3TLH_TGAAAGAGTTCTCATT_1,6.96034013573953e-05
P2TLH_AGCGTCGCATGGATGG_1,6.955901945204527e-05
P4TLH_ACATCAGAGACGCTTT_1,6.955020698814266e-05
P5TLH_GATCGTAGTCCGCTGA_1,6.953473434665883e-05
P3TLH_GGCCGATTCTGGTATG_1,6.953127828540523e-05
P3TLH_CTGTGCTCACTTAACG_1,6.947290884641333e-05
P5TLH_CTGTGCTAGAGCAATT_1,6.944693452945518e-05
P1TLH_CGTGTAAGTCCCTTGT_1,6.941794404012834e-05
P2TLH_CTGCGGAGTATTCGTG_1,6.940262389664073e-05
P3TLH_AAACGGGTCTGGGCCA_1,6.931248452368038e-05
P5TLH_AGCCTAACATGAACCT_1,6.929195312224156e-05
P2TLH_CTCAGAACAGACAGGT_1,6.927060344669934e-05
P1TLH_TATCAGGAGCGTTTAC_1,6.925894383713164e-05
P1TLH_TTATGCTGTAAGTTCC_1,6.924542892944825e-05
P3TLH_AAGGTTCTCAGGATCT_1,6.921695128558607e-05
P4TLH_CTAATGGAGCCAGTTT_1,6.918122401032487e-05
P3TLH_CTGAAGTCACGGCGTT_1,6.911452116666651e-05
P3TLH_GGACGTCCACATGGGA_1,6.90859932854578e-05
P4TLH_TGTTCCGGTGGCGAAT_1,6.901789494158455e-05
P3TLH_GGATGTTCAGATTGCT_1,6.901449868577239e-05
P3TLH_CGTGTCTAGTTAGGTA_1,6.900032926436424e-05
P5TLH_ACGTCAACAGGCTCAC_1,6.899060567315318e-05
P1TLH_ACCAGTATCTATCCTA_1,6.897137096611213e-05
P5TLH_ATTGGTGAGGCTCTTA_1,6.893523991723571e-05
P3TLH_CTGGTCTTCTGTCTAT_1,6.891206392250625e-05
P4TLH_GCTTCCATCTTAGAGC_1,6.889889640267423e-05
P4TLH_ATGTGTGGTCACACGC_1,6.889662262804473e-05
P5TLH_GGGATGATCTGGCGTG_1,6.889369589034679e-05
P4TLH_GCATGATTCTTAGAGC_1,6.88551635813848e-05
P3TLH_CGTCAGGGTCTCATCC_1,6.88509884827142e-05
P5TLH_CGGGTCACACAACTGT_1,6.882271787561898e-05
P1TLH_GGACATTAGAGTGAGA_1,6.878505065997444e-05
P1TLH_AGGTCCGTCGCCCTTA_1,6.875309534767909e-05
P1TLH_GTTTCTACACGGCGTT_1,6.873655078694429e-05
P5TLH_GAAATGACAACAACCT_1,6.870414115699447e-05
P3TLH_AACCATGCAGTAAGCG_1,6.869605162762403e-05
P5TLH_AAGGTTCGTTTGTTGG_1,6.869191671028481e-05
P3TLH_CGATTGAAGCGCTTAT_1,6.859095798879477e-05
P3TLH_GTACTTTAGCAATCTC_1,6.858638653504676e-05
P3TLH_TAAGAGAGTTATGCGT_1,6.858425988763488e-05
P5TLH_CTTCTCTTCATAGCAC_1,6.858234665744667e-05
P2TLH_CCTTCGATCGGAGGTA_1,6.853974952399243e-05
P3TLH_CGCTTCAGTAAGGGCT_1,6.853443924831492e-05
P1TLH_TGACTAGGTATAGGTA_1,6.852813446271252e-05
P3TLH_TTCGAAGTCTACGAGT_1,6.851730924966732e-05
P5TLH_ACATGGTTCACTTACT_1,6.850084495210949e-05
P3TLH_GGCGACTTCGTCGTTC_1,6.846336030330717e-05
P3TLH_CGGAGCTGTACAGACG_1,6.844379310660492e-05
P5TLH_GATGAGGAGGGCTCTC_1,6.842711292304055e-05
P3TLH_GTCTCGTAGTCCTCCT_1,6.838315930004914e-05
P5TLH_TCTTTCCCATTCACTT_1,6.834959713829436e-05
P5TLH_TCGTAGACAGCATACT_1,6.831948235523888e-05
P5TLH_AAGACCTTCCAGAGGA_1,6.829270598961154e-05
P3TLH_GATCAGTTCCCAGGTG_1,6.825638316768933e-05
P5TLH_GGGTTGCGTAGGCTGA_1,6.821279195562687e-05
P3TLH_GCAGCCACAACCGCCA_1,6.809861503747386e-05
P2TLH_CTGCGGACATCACGAT_1,6.803841786167277e-05
P3TLH_CCTCAGTCACCTGGTG_1,6.80031999671207e-05
P3TLH_GCGCGATCACGGTAAG_1,6.800196137274037e-05
P5TLH_GCATGCGGTCAACTGT_1,6.800147388931512e-05
P2TLH_TCGCGAGCATAAAGGT_1,6.798074573069766e-05
P3TLH_TTGGAACTCCTGCCAT_1,6.797126864513893e-05
P3TLH_ACCCACTCAATTGCTG_1,6.789244714382942e-05
P3TLH_TGCCCTATCCTATTCA_1,6.78683021116528e-05
P5TLH_CTAGAGTAGCTCTCGG_1,6.786701428803017e-05
P5TLH_AGCGGTCTCTCAACTT_1,6.783057148407634e-05
P5TLH_TACTCGCAGGGTATCG_1,6.782702472252508e-05
P5TLH_CCACTACTCACCTCGT_1,6.780817108150283e-05
P3TLH_CCTATTATCAAACGGG_1,6.780076497923616e-05
P3TLH_CGAGCACAGCAGATCG_1,6.777100749903282e-05
P2TLH_TCGGGACCACCCATGG_1,6.764544688448336e-05
P2TLH_TAGAGCTTCCAAACAC_1,6.762892622085453e-05
P5TLH_GACTGCGAGCAAATCA_1,6.762539070236203e-05
P3TLH_CTGTGCTAGTGCGATG_1,6.760662123360685e-05
P3TLH_TGTGTTTTCTCGAGTA_1,6.760388966859063e-05
P4TLH_CCTCAGTCATCCTTGC_1,6.757519637330143e-05
P3TLH_TGCCCTAGTTCAGACT_1,6.75428392964232e-05
P2TLH_TTAGGACCAAGAAAGG_1,6.750609836397923e-05
P3TLH_GAACCTATCTGAGTGT_1,6.74621999177921e-05
P3TLH_ACGTCAAGTTACGCGC_1,6.743648620201591e-05
P4TLH_CGTAGGCAGCATCATC_1,6.743160883790443e-05
P3TLH_TAAGTGCTCAAGATCC_1,6.741578840438788e-05
P1TLH_TATGCCCTCTGCCCTA_1,6.740570762737184e-05
P5TLH_ACCTTTAGTGAGCGAT_1,6.735970384309476e-05
P5TLH_TGCGCAGTCTCGTTTA_1,6.729294627903766e-05
P4TLH_CCTTCGAAGTCAATAG_1,6.727270331769141e-05
P5TLH_CTCGGGATCTATCCCG_1,6.7268955028388e-05
P5TLH_CTGATCCGTACTTCTT_1,6.724437723412844e-05
P5TLH_GACTACATCATGGTCA_1,6.721875728015435e-05
P3TLH_AAGGCAGGTCCCTTGT_1,6.719271087561131e-05
P5TLH_TACAGTGTCTAACTGG_1,6.715779779811612e-05
P2TLH_ACACCGGTCAACACAC_1,6.713097359859102e-05
P5TLH_TGGCCAGTCAACGCTA_1,6.710902301188478e-05
P3TLH_TCTGGAATCACCAGGC_1,6.70830645913809e-05
P3TLH_GCTGCAGCATGTTCCC_1,6.707853675832083e-05
P2TLH_TCCACACGTATAATGG_1,6.705049278366826e-05
P5TLH_CTGCTGTTCCTCGCAT_1,6.704009142797714e-05
P3TLH_CATTCGCCAGACAAAT_1,6.698781581934189e-05
P2TLH_CAGTCCTCAGTGAGTG_1,6.688098256811195e-05
P3TLH_ATCCGAAGTTGATTGC_1,6.685407843865284e-05
P5TLH_CTTAACTTCACGCATA_1,6.685152092562218e-05
P5TLH_GCACATATCACCAGGC_1,6.684348956636787e-05
P3TLH_GTTCTCGGTCGCCATG_1,6.679727329900481e-05
P3TLH_AGCAGCCAGTGTACGG_1,6.675343032553736e-05
P2TLH_AAGGCAGTCCTCAACC_1,6.673776327175989e-05
P3TLH_CGTAGGCCACTGCCAG_1,6.672170926195429e-05
P3TLH_CGCTTCACACACCGAC_1,6.671181773888128e-05
P3TLH_ATCTACTAGATACACA_1,6.669579508900166e-05
P3TLH_ATCGAGTAGCCTATGT_1,6.664234908491404e-05
P2TLH_ACGATGTAGTACGCGA_1,6.662987013636558e-05
P1TLH_GCATACAGTGCAGGTA_1,6.661624890688902e-05
P4TLH_TGGTTCCCAAACGCGA_1,6.660500031554498e-05
P3TLH_CACAGTATCCTAGTGA_1,6.660282714139045e-05
P3TLH_CGAATGTAGAAGGCCT_1,6.659736391913418e-05
P1TLH_AGGGAGTCATCCCATC_1,6.657371859517607e-05
P3TLH_AGCTCCTAGCCAGGAT_1,6.65713368955047e-05
P3TLH_AAGGCAGAGGAGTAGA_1,6.654546053855795e-05
P2TLH_AGACGTTGTCACACGC_1,6.654379813435592e-05
P2TLH_AGTGTCATCCTGCAGG_1,6.648752954102404e-05
P2TLH_ATTATCCAGCCGTCGT_1,6.647230569383464e-05
P1TLH_TCTCATAAGCGATCCC_1,6.647053307814153e-05
P3TLH_GCATGCGTCGCTTGTC_1,6.639752615748406e-05
P2TLH_GCTGCAGAGAATGTTG_1,6.638113315630503e-05
P1TLH_TAGAGCTCACCGGAAA_1,6.630920816542529e-05
P4TLH_AAAGCAATCACAATGC_1,6.630632258849362e-05
P3TLH_ACGCCAGAGTGGGCTA_1,6.629225525686227e-05
P2TLH_ATCATGGCATGCAACT_1,6.623596075909817e-05
P2TLH_CTCGGAGGTGAGGCTA_1,6.622980689390512e-05
P5TLH_TCAGCAAGTAACGCGA_1,6.620675184937603e-05
P4TLH_TCACAAGTCGCGTAGC_1,6.620164708168476e-05
P5TLH_ACGAGCCTCACGCGGT_1,6.614927588905397e-05
P5TLH_CTGATCCGTGTCCTCT_1,6.614751108725501e-05
P5TLH_ATCATGGAGTCAATAG_1,6.613985057247341e-05
P3TLH_CGTTGGGTCCATGAAC_1,6.608902451084214e-05
P2TLH_CAGCTGGTCTGATACG_1,6.608812969636437e-05
P3TLH_GATCGATGTCATGCAT_1,6.608606541359807e-05
P5TLH_CATATGGTCAAGAAGT_1,6.605892781053483e-05
P3TLH_GGTATTGCACGGTAGA_1,6.598322919283658e-05
P3TLH_TTATGCTCAGGGAGAG_1,6.595392903175595e-05
P3TLH_TTGCCGTTCGTGGGAA_1,6.595270102219847e-05
P3TLH_TTTCCTCAGGCATGGT_1,6.586180290639054e-05
P1TLH_TCGCGTTAGTACGACG_1,6.583074326377918e-05
P3TLH_GTACTCCAGGAACTGC_1,6.582990807962547e-05
P3TLH_CGGCTAGCAGTCACTA_1,6.578886116208582e-05
P5TLH_AGCATACAGGGTCTCC_1,6.578534366939448e-05
P2TLH_TGGTTCCGTCGCTTTC_1,6.578335530684081e-05
P5TLH_CTTACCGTCGTTTGCC_1,6.575449163519228e-05
P4TLH_GATGCTAGTTTAGCTG_1,6.56063218877944e-05
P2TLH_TGCTGCTTCCTTGCCA_1,6.55758035368127e-05
P1TLH_CATATTCTCAAGAAGT_1,6.554963656449696e-05
P3TLH_CATATTCGTCCGTCAG_1,6.554804542312311e-05
P3TLH_AAGGAGCGTAATCACC_1,6.551155612432563e-05
P3TLH_AACCGCGCAGCCACCA_1,6.550656476827148e-05
P5TLH_GTCTCGTAGGTGACCA_1,6.547687724010991e-05
P3TLH_GTACTCCAGAATTGTG_1,6.543351343025488e-05
P3TLH_GTCACAACATTTGCCC_1,6.536225834378719e-05
P4TLH_GTCTTCGCAGCTCGCA_1,6.529934511296055e-05
P5TLH_CCGTACTAGCAGGTCA_1,6.516943966916322e-05
P2TLH_CATGACATCATGCTCC_1,6.510260514309977e-05
P5TLH_CATCCACGTTCAGTAC_1,6.509007724432169e-05
P3TLH_TTGAACGAGGTGATTA_1,6.504193579423586e-05
P4TLH_GATCGCGCAGCATGAG_1,6.50005124388532e-05
P2TLH_ATTGGTGTCTTCTGGC_1,6.4976173467605e-05
P3TLH_CGATCGGTCATTCACT_1,6.494016178804968e-05
P1TLH_TGAGGGACAAATACAG_1,6.485831374615528e-05
P2TLH_ACTTGTTTCCTGCCAT_1,6.481315867664788e-05
P5TLH_CAGCGACGTGAGCGAT_1,6.47899407137393e-05
P3TLH_AAAGATGTCAGTCCCT_1,6.476766165251748e-05
P3TLH_CAGCTAAAGTACGTAA_1,6.47651929376964e-05
P3TLH_TCCCGATAGAAGGCCT_1,6.475705946999755e-05
P1TLH_CAGCAGCTCACCCTCA_1,6.475301413090143e-05
P2TLH_CCTTCGAGTCACTTCC_1,6.46818713337594e-05
P5TLH_TACTCATCATTCACTT_1,6.46782397098092e-05
P3TLH_CCTTACGTCCTAGTGA_1,6.467198097623348e-05
P4TLH_GATGAGGTCCATGCTC_1,6.466965169770222e-05
P2TLH_AGCTTGATCTCGTTTA_1,6.46482902249648e-05
P5TLH_TACCTTAGTTTGACAC_1,6.464256315515147e-05
P5TLH_AACTCCCCAGCTGCTG_1,6.455600827977537e-05
P2TLH_CTCACACTCGCTAGCG_1,6.455082674268937e-05
P3TLH_ACTTTCACAGGGATTG_1,6.44947475253487e-05
P3TLH_TCAGATGTCTATCCCG_1,6.447942042665576e-05
P4TLH_GGGCATCCAGATGGCA_1,6.447364291609305e-05
P3TLH_CTGTGCTGTACATCCA_1,6.446891696365187e-05
P2TLH_CACACAAAGCAATCTC_1,6.442488016746694e-05
P5TLH_AGTGTCAAGATATGCA_1,6.441035648170687e-05
P5TLH_CCATTCGTCTTCTGGC_1,6.440226000499985e-05
P1TLH_GCGCCAAAGTCAATAG_1,6.435895235840502e-05
P2TLH_AGCCTAAGTTCTCATT_1,6.43558682784394e-05
P2TLH_ACAGCCGCACAGATTC_1,6.433806594525659e-05
P3TLH_CGTCACTCACTTACGA_1,6.430047115563641e-05
P3TLH_TGAGCATCATTTGCCC_1,6.429237646723712e-05
P4TLH_GATCGATCAGCATGAG_1,6.426325700583503e-05
P2TLH_GACTACACAATCACAC_1,6.419489501733584e-05
P3TLH_TGATTTCCACACTGCG_1,6.419137747411704e-05
P5TLH_CTCGAAAGTTCAGCGC_1,6.414869502167995e-05
P5TLH_TTCTCCTGTCCGAATT_1,6.397581971969098e-05
P3TLH_GTGCGGTTCAGCTTAG_1,6.390996782338941e-05
P5TLH_TGAGCCGCAGGAATCG_1,6.388350253087673e-05
P3TLH_GCTTGAACAACGATCT_1,6.382632023829459e-05
P4TLH_CATGCCTGTAATAGCA_1,6.3817842394626e-05
P1TLH_TCTTCGGTCTCTGTCG_1,6.38113124824994e-05
P1TLH_CCGGTAGCATACAGCT_1,6.379188291814073e-05
P3TLH_GCGCGATAGCGATAGC_1,6.375359029375204e-05
P5TLH_TTCTCAACAATGTTGC_1,6.374293475414225e-05
P3TLH_ACGAGGATCACAACGT_1,6.373921719440043e-05
P2TLH_CCGGGATAGAGAGCTC_1,6.373765626511529e-05
P3TLH_CATGGCGTCTCAACTT_1,6.371831945729306e-05
P3TLH_TTAGGACTCGTATCAG_1,6.366940294388559e-05
P2TLH_ATTGGACAGCACCGCT_1,6.36597260238482e-05
P2TLH_GTTACAGCAAGTAATG_1,6.363216523662406e-05
P4TLH_TGGACGCGTATAGTAG_1,6.359125079358496e-05
P5TLH_CTTGGCTGTCTCCATC_1,6.355743057069072e-05
P2TLH_AGTTGGTTCGCGGATC_1,6.354389188391276e-05
P3TLH_AGTGGGAAGGATGTAT_1,6.354352069521318e-05
P2TLH_TACTCATGTTACCGAT_1,6.351208348078332e-05
P1TLH_GTACGTATCTATCGCC_1,6.350335328309187e-05
P2TLH_AACACGTCACGGCTAC_1,6.34940364936844e-05
P5TLH_TTCTCCTTCAGGCCCA_1,6.346241830850225e-05
P5TLH_GACGTTAGTATATGGA_1,6.341149143999397e-05
P4TLH_GTAGGCCTCGTTGCCT_1,6.339817939221237e-05
P5TLH_TGACAACGTGCCTGCA_1,6.335323020877639e-05
P3TLH_GAACATCAGTTCGCAT_1,6.331359271053555e-05
P2TLH_GCTGGGTGTTCCCGAG_1,6.326626248498258e-05
P3TLH_GATCTAGCATGAGCGA_1,6.324853275947513e-05
P3TLH_CTAGTGAGTAAGTGTA_1,6.324231171701448e-05
P3TLH_GTTCTCGCATGTTGAC_1,6.323851527139313e-05
P1TLH_AGTCTTTAGGAGCGTT_1,6.322288258149092e-05
P3TLH_CCGTACTCAAGCGTAG_1,6.321120708653535e-05
P2TLH_CAGCTGGTCCATTCTA_1,6.31563016432816e-05
P2TLH_TGCGCAGCACGGACAA_1,6.315214829760812e-05
P3TLH_CCTACACCATACTACG_1,6.314203947329671e-05
P2TLH_CAAGTTGTCCAGATCA_1,6.313113208677796e-05
P3TLH_CATATTCAGCTAAACA_1,6.310390652508134e-05
P3TLH_GCGACCATCTATCCCG_1,6.30662589324223e-05
P1TLH_GCAAACTAGCTAGTGG_1,6.303721126149799e-05
P3TLH_ATGGGAGAGGCATGTG_1,6.300270221236176e-05
P3TLH_ACGGGTCGTTTGACAC_1,6.300077302453821e-05
P5TLH_AACACGTAGGCTAGAC_1,6.298206585023115e-05
P3TLH_AAGTCTGGTCGAATCT_1,6.298206402944616e-05
P4TLH_CGTCTACAGAATAGGG_1,6.296905245511953e-05
P3TLH_ACGCCAGAGGCTCATT_1,6.296381303239519e-05
P3TLH_GGAGCAACACCAGTTA_1,6.296368494930755e-05
P2TLH_CAGAATCAGATCCGAG_1,6.295504463748919e-05
P1TLH_TGAAAGATCGTCCGTT_1,6.291342675411268e-05
P3TLH_GCTTCCATCTTGCCGT_1,6.290421452404885e-05
P5TLH_CAAGGCCCACCCATTC_1,6.289712747666328e-05
P4TLH_TTGCGTCCACATTTCT_1,6.288108867813914e-05
P1TLH_CGGAGCTTCGTTGACA_1,6.282525007182328e-05
P3TLH_TACAGTGGTTCAACCA_1,6.280096605806686e-05
P5TLH_CGAGAAGAGATGTGTA_1,6.277630576014807e-05
P3TLH_TTTGCGCTCACAGGCC_1,6.277558539251419e-05
P5TLH_CGGAGTCAGATGTGGC_1,6.273681886660265e-05
P3TLH_CGTTAGATCAACTCTT_1,6.273015256738661e-05
P3TLH_TGACTTTTCTGGCGAC_1,6.272074677598608e-05
P3TLH_GTCTTCGGTGTGCGTC_1,6.271468801829289e-05
P3TLH_CGTGTCTGTTCCGTCT_1,6.266255015315137e-05
P3TLH_GTATCTTTCCGTCATC_1,6.266033781920184e-05
P3TLH_CTCCTAGGTACTTAGC_1,6.260140507546114e-05
P2TLH_GCGGGTTGTATCTGCA_1,6.258345036968852e-05
P5TLH_GCTGCGACATTGAGCT_1,6.256279491151685e-05
P3TLH_TCATTACTCACCACCT_1,6.256040828813706e-05
P5TLH_CCTACACGTTGAGTTC_1,6.255394299623604e-05
P1TLH_GTACTTTTCCTTGCCA_1,6.253613741947758e-05
P4TLH_AGCCTAAGTGGTACAG_1,6.252997331727881e-05
P5TLH_CTTGGCTAGGATTCGG_1,6.249936945765842e-05
P5TLH_ATAGACCCAATGGTCT_1,6.246399877172766e-05
P2TLH_GAAATGACAGCTGCTG_1,6.2424975426128e-05
P3TLH_TCAATCTCATTCCTCG_1,6.233818035139625e-05
P2TLH_TTGCCGTGTGCTCTTC_1,6.233143226662131e-05
P3TLH_AAAGCAATCCAGTAGT_1,6.23009104013181e-05
P5TLH_CACTCCATCTTGTCAT_1,6.224351921491499e-05
P3TLH_TTAGGCATCTGTCCGT_1,6.220151549822483e-05
P3TLH_GGATTACCATTAACCG_1,6.21649638571917e-05
P1TLH_TTGCCGTGTCCGTTAA_1,6.214978534094651e-05
P3TLH_ACTGAGTTCCAAACTG_1,6.213260992260234e-05
P2TLH_CTCAGAACATGCTAGT_1,6.213229382152437e-05
P5TLH_TGGCTGGCACCTGGTG_1,6.210694876810178e-05
P3TLH_GGACATTTCGTGACAT_1,6.207543514212945e-05
P5TLH_CCATTCGTCTTGAGAC_1,6.200738242063902e-05
P4TLH_TCAGCAACATTACCTT_1,6.195880189747578e-05
P3TLH_CTGAAGTGTATAGTAG_1,6.194540066924293e-05
P5TLH_CAAGTTGTCTGTTGAG_1,6.187918958686478e-05
P4TLH_GACCAATCAGGTGCCT_1,6.186660505396915e-05
P4TLH_ATCGAGTCAAACCTAC_1,6.186028926403163e-05
P2TLH_AAGGCAGTCCCTTGTG_1,6.185471755179005e-05
P3TLH_CATCGGGAGTACCGGA_1,6.17951211752627e-05
P5TLH_TGCTACCTCCGTCATC_1,6.176865577381914e-05
P5TLH_CATTCGCAGAGCTGGT_1,6.176030842111005e-05
P1TLH_ATTATCCGTTACGCGC_1,6.175330773710787e-05
P3TLH_CCTTTCTTCACTTACT_1,6.175284122599396e-05
P3TLH_CCTTCGAAGCGTGTCC_1,6.171300671214299e-05
P4TLH_ACGCCAGTCAACCATG_1,6.171284575900693e-05
P2TLH_TCTATTGGTCTAGAGG_1,6.168861354962434e-05
P1TLH_AGCTTGAGTGAGGCTA_1,6.163964000213527e-05
P3TLH_AAGGAGCGTTGTCGCG_1,6.16360249429141e-05
P1TLH_TTATGCTGTAGGGTAC_1,6.160952157366831e-05
P3TLH_GCGCAACGTTATGCGT_1,6.160523480183972e-05
P2TLH_AGCGTATGTCACTGGC_1,6.159429507123334e-05
P3TLH_TAGGCATGTGCTCTTC_1,6.155576738057268e-05
P3TLH_ACGAGGACATTCACTT_1,6.154895626921296e-05
P5TLH_GGTGCGTGTCTCTCGT_1,6.150491794914162e-05
P5TLH_CTACACCTCTCTGCTG_1,6.149025440487317e-05
P3TLH_AAGACCTCATAACCTG_1,6.148719752179626e-05
P4TLH_GATCTAGGTGAGTATA_1,6.14698246332782e-05
P5TLH_TGATTTCTCTCTAGGA_1,6.146748673854896e-05
P3TLH_CGTGTCTAGTTAACGA_1,6.144325191379831e-05
P3TLH_TATCAGGTCATGCATG_1,6.143805090627701e-05
P3TLH_GATCTAGCACTTCTGC_1,6.14241255252365e-05
P4TLH_GACGCGTCATGCTAGT_1,6.142375558899752e-05
P5TLH_CGGTTAAGTGAGTATA_1,6.140115751727412e-05
P4TLH_AGCAGCCGTACTTCTT_1,6.139227707832691e-05
P3TLH_CCATGTCAGACAATAC_1,6.139016535813661e-05
P3TLH_CTACATTAGCGTGAAC_1,6.132925250247223e-05
P4TLH_TGCCCATGTGTTGAGG_1,6.125485649181917e-05
P5TLH_AGACGTTGTTAAAGAC_1,6.125146844466376e-05
P5TLH_CTCTAATCATAGAAAC_1,6.124945036899066e-05
P3TLH_TCGGGACTCTGATACG_1,6.121933473192725e-05
P5TLH_GCCTCTACAAACCTAC_1,6.12020161762855e-05
P1TLH_AAAGCAAGTTGATTCG_1,6.119396723058968e-05
P4TLH_CCTACCAAGCTCAACT_1,6.118564903546196e-05
P2TLH_GCAGTTAAGCCTCGTG_1,6.117704135134379e-05
P1TLH_TCAATCTGTTTCGCTC_1,6.114729661469494e-05
P3TLH_TTAGGCAAGCACACAG_1,6.113733066804833e-05
P3TLH_GTGAAGGAGGCACATG_1,6.112011890122907e-05
P3TLH_CAGTCCTTCTCCAGGG_1,6.110871896418417e-05
P4TLH_CGACTTCCATTCTCAT_1,6.11060441820861e-05
P5TLH_ATGGGAGGTCGTCTTC_1,6.103572268795398e-05
P3TLH_ATGGGAGAGTGTCTCA_1,6.098627575658563e-05
P3TLH_CCATTCGCATGTCGAT_1,6.0972242625529834e-05
P3TLH_TCTGAGATCTATGTGG_1,6.096875153789421e-05
P2TLH_GTCATTTTCTTGTTTG_1,6.094713698779349e-05
P3TLH_GACTAACGTAAGAGAG_1,6.091589188467365e-05
P4TLH_ATCGAGTCAATCCGAT_1,6.088232524136459e-05
P3TLH_ACATGGTGTAGCTTGT_1,6.084453413959634e-05
P5TLH_CTCTGGTGTACCGGCT_1,6.081848805459573e-05
P5TLH_CCTTTCTGTAAATACG_1,6.079714848938543e-05
P5TLH_GCAGTTAGTAGGGACT_1,6.073793968203007e-05
P1TLH_AGAGCGAGTCTGCAAT_1,6.070468219531885e-05
P4TLH_TGGTTCCCAGGGATTG_1,6.062740922339961e-05
P5TLH_CGAGAAGAGCTAGTCT_1,6.062466719164246e-05
P1TLH_TCACGAAAGTGGTCCC_1,6.061568229789308e-05
P3TLH_GTGCAGCCAGGGTACA_1,6.059659626287544e-05
P3TLH_TTGACTTGTCCGTTAA_1,6.057746142067896e-05
P1TLH_TTGCGTCCAGGATTGG_1,6.0554278613804306e-05
P5TLH_CCATTCGAGTCCCACG_1,6.0535399314968836e-05
P5TLH_CTCAGAAAGGAATCGC_1,6.0520630390210664e-05
P3TLH_GGACAAGCACGCTTTC_1,6.0510468116204804e-05
P4TLH_CACACTCAGGAATGGA_1,6.0501349057954926e-05
P3TLH_GATCGTAAGCGCCTTG_1,6.050068738933502e-05
P2TLH_GAGGTGAGTCAGATAA_1,6.050034776749303e-05
P2TLH_CTAGCCTCAATGGATA_1,6.04943713234452e-05
P4TLH_CCTTACGGTTAGGGTG_1,6.0490950970743136e-05
P3TLH_CGAATGTGTCGGCACT_1,6.0467473649999825e-05
P3TLH_CACAGGCCAGAGTGTG_1,6.0456031197816234e-05
P2TLH_CGAGAAGCACGACTCG_1,6.042719156978645e-05
P5TLH_TACTCATTCCTTGGTC_1,6.041787182366429e-05
P3TLH_GGAGCAACAGCCAATT_1,6.038972696753511e-05
P3TLH_AGGCCACGTGCGAAAC_1,6.0376785715696016e-05
P1TLH_TCAACGATCTCGATGA_1,6.034950319371222e-05
P1TLH_GGAATAAAGACTAGGC_1,6.033268792843613e-05
P4TLH_TTGAACGAGTTCGCAT_1,6.027729821578663e-05
P3TLH_CTAGTGACATGATCCA_1,6.02763865006637e-05
P3TLH_GCGCGATGTTCTCATT_1,6.0263878350098684e-05
P4TLH_AGCCTAAGTACTTAGC_1,6.02552367712969e-05
P3TLH_TGGCGCAGTTATCGGT_1,6.0218128290663674e-05
P3TLH_TGTGTTTCAGACAAGC_1,6.019029508122802e-05
P1TLH_TAAGAGATCATGTGGT_1,6.013953345379868e-05
P1TLH_GGTGAAGCAGTCCTTC_1,6.013871722560389e-05
P4TLH_CGTTGGGCACTTGGAT_1,6.013856752132749e-05
P3TLH_TTGCGTCAGATGTGTA_1,6.008940339384791e-05
P4TLH_GTCATTTGTGAACCTT_1,6.0087091698805907e-05
P3TLH_TTTGTCACAGATCCAT_1,6.008088135001001e-05
P1TLH_AGATCTGTCAACACAC_1,6.0080211563344427e-05
P1TLH_CACATTTGTACCGAGA_1,6.006054854393127e-05
P5TLH_GCTTCCATCTGGAGCC_1,6.0056572764724615e-05
P3TLH_TCACGAATCGTTTGCC_1,6.005201893063016e-05
P3TLH_ACTTGTTAGGCTCATT_1,6.0046671423662525e-05
P3TLH_CGAACATCAATGGAGC_1,6.004530055638772e-05
P4TLH_CGTGTCTTCTCCGGTT_1,6.00435129256049e-05
P1TLH_TGGGAAGGTGAAATCA_1,5.996753552423842e-05
P5TLH_CCGTGGACAAGTCTGT_1,5.995334067497204e-05
P2TLH_GACTAACTCTGGCGAC_1,5.9950703439150754e-05
P5TLH_TGCCAAAAGTCTCGGC_1,5.994752789676563e-05
P3TLH_CGAATGTCAGTGAGTG_1,5.994256741323576e-05
P3TLH_TCAATCTCAGCGTAAG_1,5.993774102654637e-05
P3TLH_GGGAGATAGGTAGCTG_1,5.989083680719982e-05
P3TLH_CAAGATCCATTCGACA_1,5.9883831500168275e-05
P3TLH_GATGCTACAGACGTAG_1,5.984061494831159e-05
P3TLH_TTGGAACTCATAAAGG_1,5.983871275359469e-05
P3TLH_TCACGAAGTCAACTGT_1,5.983182750827967e-05
P3TLH_ATCGAGTTCACCACCT_1,5.983066488086082e-05
P1TLH_TTGGCAACAGGCTCAC_1,5.974492052620134e-05
P2TLH_AGTGGGATCCGAACGC_1,5.9696803028715544e-05
P1TLH_GATCGATTCTGGTGTA_1,5.9675544361088196e-05
P5TLH_GACACGCCAAAGTCAA_1,5.967115191258707e-05
P4TLH_GACTGCGCACTGTCGG_1,5.965622144139854e-05
P2TLH_TGCCAAAAGCCGTCGT_1,5.96561431840991e-05
P3TLH_ATCATCTGTTTCGCTC_1,5.964846580467717e-05
P3TLH_GAAATGACAAAGCGGT_1,5.962812015178246e-05
P4TLH_ATCTACTCAGTTAACC_1,5.961414823942908e-05
P5TLH_AGTGTCATCTTGAGAC_1,5.955668985881732e-05
P2TLH_ACTTTCAAGTCACGCC_1,5.954532481340992e-05
P5TLH_AAGACCTGTTTAGGAA_1,5.9535735032305344e-05
P3TLH_ACTATCTAGGACGAAA_1,5.9508262755643835e-05
P3TLH_GGGCATCCAAGACACG_1,5.950621989108564e-05
P4TLH_AAACGGGTCTGATACG_1,5.9482328059335215e-05
P2TLH_TTGGCAATCACGGTTA_1,5.942767697166984e-05
P3TLH_TCAGGTAAGAGTGACC_1,5.936133394739459e-05
P2TLH_CTCGGGATCTCACATT_1,5.935706457434417e-05
P4TLH_GTGCTTCGTATAAACG_1,5.933250564969278e-05
P5TLH_CGTCCATTCCGCATCT_1,5.9331224169597034e-05
P4TLH_TACGGATTCGTAGATC_1,5.9314761319017534e-05
P1TLH_AAACGGGGTTCGGGCT_1,5.9305447331296485e-05
P3TLH_CATGCCTGTGCTGTAT_1,5.930525167839125e-05
P3TLH_CGAATGTAGTGAAGTT_1,5.925904510342034e-05
P2TLH_GAAGCAGAGCTAAACA_1,5.9240076974867346e-05
P3TLH_ACTGATGAGAGCTTCT_1,5.918697838531605e-05
P3TLH_AACTCTTCATCTCGCT_1,5.91727026561192e-05
P1TLH_CTCGGAGAGCTGAAAT_1,5.913328900204587e-05
P3TLH_AGCTCCTTCACCCTCA_1,5.912681205463513e-05
P3TLH_TGTTCCGTCAATCTCT_1,5.91158891873092e-05
P5TLH_TAAGAGACAGGGAGAG_1,5.911286033147815e-05
P3TLH_GTATCTTCATTCTCAT_1,5.906771048451339e-05
P2TLH_GTTCTCGTCGTAGATC_1,5.903250164108436e-05
P3TLH_GTCATTTAGCTAAGAT_1,5.900974879687745e-05
P3TLH_CTAATGGTCCCTTGCA_1,5.894374666760337e-05
P2TLH_AAGTCTGCAAGCCATT_1,5.8914439640444315e-05
P3TLH_AGAGCGAAGCTAACAA_1,5.890797956027514e-05
P3TLH_TGACGGCGTCCCTACT_1,5.889405290326939e-05
P1TLH_TTAGGACAGTAGCGGT_1,5.8888556663906705e-05
P5TLH_GCTGCAGTCACCATAG_1,5.888377017302949e-05
P2TLH_GTGCATACAGATCCAT_1,5.884320852612906e-05
P4TLH_GATGAAATCTGACCTC_1,5.880495253752958e-05
P4TLH_CGGAGTCTCAACGGCC_1,5.8768717969345316e-05
P1TLH_GACCAATAGGCATGGT_1,5.876571844971825e-05
P3TLH_TCAGCTCAGGCTCTTA_1,5.876553815330534e-05
P2TLH_TCATTTGCAGTGGAGT_1,5.874909843448787e-05
P3TLH_GACTAACAGAGCAATT_1,5.8708338497545126e-05
P1TLH_TTCGGTCGTCCGTCAG_1,5.869482970247259e-05
P1TLH_CGCTATCGTACCAGTT_1,5.869470483011815e-05
P2TLH_GTTACAGGTTCCCGAG_1,5.86397410511323e-05
P4TLH_CAAGAAAGTCATGCAT_1,5.8630747399474226e-05
P5TLH_ACATCAGGTACCAGTT_1,5.859761029425171e-05
P1TLH_GGTGTTAGTAGTAGTA_1,5.859647702771761e-05
P1TLH_CATATTCAGGAATCGC_1,5.859347758204432e-05
P2TLH_GTTCGGGGTCATATGC_1,5.857959848422552e-05
P3TLH_GGCCGATCACATGTGT_1,5.854979809448388e-05
P5TLH_TTATGCTGTAGTGAAT_1,5.848234532307883e-05
P3TLH_GGGATGAGTTCGAATC_1,5.846696448916385e-05
P3TLH_GACCTGGGTCAATACC_1,5.845299711620623e-05
P1TLH_CGGACGTGTGACTCAT_1,5.8452596640777794e-05
P1TLH_GCCTCTACATGCCCGA_1,5.843797295375504e-05
P5TLH_CGCTATCTCATGGTCA_1,5.8431201502204594e-05
P3TLH_AGATTGCTCGTCTGAA_1,5.840524511064968e-05
P3TLH_TATGCCCCAGGGAGAG_1,5.839438873504463e-05
P3TLH_GATTCAGGTGTGGTTT_1,5.8390176590251084e-05
P4TLH_TCGGTAAAGCAAATCA_1,5.833321060177182e-05
P3TLH_AGACGTTCAAGAGGCT_1,5.82971734198761e-05
P3TLH_CTGCTGTCAAAGGTGC_1,5.8295325984773575e-05
P4TLH_ATCATGGTCTACCAGA_1,5.8277789043544916e-05
P2TLH_TACTCGCAGTTCGCGC_1,5.8266853142183046e-05
P5TLH_CTTGGCTTCCTCGCAT_1,5.823508637057007e-05
P3TLH_TGGTTAGCACTCGACG_1,5.822901544511527e-05
P4TLH_CTGCCTAGTTTGACAC_1,5.819696159305107e-05
P3TLH_GGGAATGGTTGTTTGG_1,5.813141804047615e-05
P3TLH_CAGCCGAAGTTTCCTT_1,5.8121972885447186e-05
P1TLH_TTAGGCAGTTTGGGCC_1,5.8110824320552705e-05
P5TLH_CATCGGGAGCTCCTCT_1,5.8107277379745405e-05
P4TLH_TTTGTCATCTGGTTCC_1,5.8075599418796834e-05
P3TLH_AAGGCAGAGCCACGCT_1,5.807332034904585e-05
P5TLH_AGAGCGAAGATAGTCA_1,5.8065034773799516e-05
P5TLH_TCCCGATGTCTTCGTC_1,5.803004465453684e-05
P1TLH_AAGCCGCAGCTAGTGG_1,5.801593495078028e-05
P1TLH_ACCTTTAGTCCGAATT_1,5.7995839146526174e-05
P3TLH_CTCGGAGAGGACAGAA_1,5.799068682654516e-05
P2TLH_TAAACCGTCACCGGGT_1,5.798646859353439e-05
P2TLH_GACTGCGAGTCCCACG_1,5.7943520193571314e-05
P3TLH_AGGTCATCAAGCCATT_1,5.793930913657598e-05
P3TLH_TACGGGCTCGTCTGCT_1,5.7930866382966165e-05
P3TLH_GTCGTAAAGTGTACCT_1,5.792485288383302e-05
P3TLH_CTCAGAAAGAAGAAGC_1,5.7920022374060606e-05
P5TLH_TGACTTTTCGGCTTGG_1,5.790819240203249e-05
P1TLH_GGATTACTCGCGCCAA_1,5.790649433291795e-05
P4TLH_TATTACCGTAGCGCAA_1,5.7906011853245515e-05
P3TLH_ATCGAGTAGCTTATCG_1,5.789458389556501e-05
P5TLH_GCATACATCTGGCGAC_1,5.786686447102062e-05
P5TLH_ACATCAGCAGAAGCAC_1,5.7858059240970535e-05
P3TLH_CGTTCTGAGTCGTTTG_1,5.783126043690682e-05
P1TLH_TCTTCGGTCCGAGCCA_1,5.782402235519461e-05
P2TLH_TGCCCATCACGACGAA_1,5.7786893417458875e-05
P3TLH_TTAGGACAGGTAGCCA_1,5.777130644211624e-05
P4TLH_GTATTCTTCGCAAACT_1,5.7713195273059185e-05
P3TLH_CCTTTCTTCTGTTTGT_1,5.770190280415926e-05
P3TLH_AGCATACCAAATACAG_1,5.766964807598085e-05
P5TLH_CGAACATCAGGAATGC_1,5.7664340184096274e-05
P3TLH_CGCTATCCAGACTCGC_1,5.7644273779221156e-05
P1TLH_AGAATAGGTTTCGCTC_1,5.76055020638012e-05
P3TLH_CCACGGAAGTCAAGGC_1,5.7573611818937444e-05
P2TLH_AGAGTGGAGGATGCGT_1,5.7541241550811386e-05
P2TLH_CGAGAAGTCCAGTAGT_1,5.7535880923771806e-05
P2TLH_CCTTCCCGTTCCATGA_1,5.753316382523027e-05
P4TLH_GTAACGTCAAGAAAGG_1,5.7529450596329344e-05
P2TLH_GAGCAGAAGGCAGGTT_1,5.750412487066509e-05
P2TLH_TTGGCAATCCTCCTAG_1,5.7443632010829866e-05
P4TLH_CTAGAGTTCCTTGCCA_1,5.742869265094657e-05
P1TLH_CTGCGGAGTCTCCATC_1,5.7418762501649316e-05
P3TLH_GACGGCTGTACCAGTT_1,5.7414993123935095e-05
P2TLH_CACACAATCTCGTTTA_1,5.734877820449012e-05
P4TLH_GAATGAAAGAGTGACC_1,5.733660656429762e-05
P3TLH_CAGAGAGAGATCCCAT_1,5.733550145426915e-05
P5TLH_ACGAGGAGTCCATGAT_1,5.7331991177199186e-05
P5TLH_GTCACGGTCCACGTGG_1,5.728591358095403e-05
P4TLH_ACTGTCCTCTGAGTGT_1,5.727013171059766e-05
P5TLH_TACTCGCCATCGTCGG_1,5.725753840425988e-05
P5TLH_TTGCCGTTCAGCAACT_1,5.725613673535224e-05
P2TLH_GATGAAATCGGTCTAA_1,5.715957294677159e-05
P3TLH_GCACTCTAGGCGACAT_1,5.712128602485317e-05
P2TLH_CCAATCCAGTACCGGA_1,5.710845865085609e-05
P3TLH_GGTGTTACACTGCCAG_1,5.7104885835067294e-05
P1TLH_CCAATCCAGATCCTGT_1,5.708432050354399e-05
P3TLH_GGTGCGTGTATGGTTC_1,5.7071666453561415e-05
P5TLH_GGTGTTATCGTTTGCC_1,5.705547343736096e-05
P3TLH_ACGCCGAGTAATCGTC_1,5.705148581957149e-05
P2TLH_AGAGCGAAGAACAATC_1,5.7005169970794445e-05
P4TLH_GTCGGGTTCAACCATG_1,5.6909962400913005e-05
P5TLH_TCCCGATTCTACTATC_1,5.689884919861095e-05
P3TLH_ATCGAGTTCTTGAGAC_1,5.686854033841329e-05
P2TLH_TACTCATTCCACGTGG_1,5.683291401418843e-05
P5TLH_GGGACCTGTCACACGC_1,5.679079175015306e-05
P1TLH_CAGGTGCTCTTTACAC_1,5.677146056034881e-05
P3TLH_ATAACGCCATCACGTA_1,5.676878191290106e-05
P3TLH_CGCGGTAGTCTAGTCA_1,5.676742197172307e-05
P2TLH_TCCACACAGCGCCTTG_1,5.674088293648984e-05
P3TLH_GGTGCGTGTGCTTCTC_1,5.670048004810162e-05
P3TLH_CTGCCTAGTCTACCTC_1,5.6665232734124175e-05
P3TLH_TCAGCTCGTCGAACAG_1,5.666001563277389e-05
P3TLH_GTATCTTTCCACGACG_1,5.660225512832034e-05
P3TLH_GCCTCTACACGGTAGA_1,5.65971892476592e-05
P1TLH_AAGGTTCCAGCCACCA_1,5.65714661092704e-05
P3TLH_GATCAGTGTCACCTAA_1,5.651419200255016e-05
P3TLH_AGCTCTCTCAGTCCCT_1,5.645972784733177e-05
P1TLH_TACTCATGTAGCGTAG_1,5.645368524617119e-05
P3TLH_TCTTTCCGTCGACTGC_1,5.641840684234008e-05
P2TLH_AGGCCGTCAGGGTTAG_1,5.641659374776362e-05
P5TLH_CACATAGAGCACACAG_1,5.639007108583752e-05
P2TLH_CTCTGGTGTATATGAG_1,5.637599127754964e-05
P3TLH_TGAGAGGCATATACGC_1,5.6313908668193736e-05
P3TLH_CTCGTCAGTAACGCGA_1,5.63106121694746e-05
P5TLH_TGCTACCCATCCAACA_1,5.6295428878845824e-05
P3TLH_CCTAAAGGTCTGCAAT_1,5.6273547076483095e-05
P4TLH_CTCAGAACACGACGAA_1,5.626086927781577e-05
P3TLH_CCCATACAGTGTTGAA_1,5.625573334486722e-05
P4TLH_CACAGGCCATTCCTCG_1,5.625454199795914e-05
P3TLH_ACGCCGATCAGTGCAT_1,5.624745645058757e-05
P3TLH_GAAGCAGAGAGTCTGG_1,5.623098965151035e-05
P2TLH_AGGCCACGTAGCGTAG_1,5.6216233206077555e-05
P2TLH_TGGGCGTGTGATGATA_1,5.62140383937083e-05
P3TLH_GGTGAAGCACTTACGA_1,5.620319841505185e-05
P5TLH_GTGCATAGTAAAGTCA_1,5.6195965853886175e-05
P4TLH_CTAGTGAGTTAAAGAC_1,5.614791845520688e-05
P5TLH_GACGCGTGTTGGACCC_1,5.614291780952142e-05
P3TLH_CAGGTGCCAGGTCCAC_1,5.6134012861726625e-05
P3TLH_CAGCTGGAGGTGACCA_1,5.6134004140323746e-05
P5TLH_CGACTTCAGATGTTAG_1,5.607568157565133e-05
P4TLH_CCTATTACACGGTAGA_1,5.6065328018381235e-05
P2TLH_AACTCTTGTGGTACAG_1,5.604797088652162e-05
P1TLH_ACGCCAGTCTATCCTA_1,5.6026473787055895e-05
P2TLH_CGTAGGCCACGCATCG_1,5.5997352190268715e-05
P3TLH_GGGCACTCAGGCAGTA_1,5.5987672914945775e-05
P2TLH_GAATGAAAGCTGCAAG_1,5.5978337129830615e-05
P3TLH_CGGGTCAAGGCGCTCT_1,5.5972319861980603e-05
P2TLH_AGAGCGAAGGATGGTC_1,5.596930567963017e-05
P2TLH_ATCATGGTCAGAAATG_1,5.595194047330383e-05
P5TLH_CAGTCCTTCAAAGACA_1,5.594149389785711e-05
P4TLH_CGAATGTAGGCAGTCA_1,5.5910652133877964e-05
P2TLH_GTGAAGGGTGAAAGAG_1,5.589396599225619e-05
P4TLH_AAGCCGCGTGAGGCTA_1,5.587165011280301e-05
P3TLH_GAGGTGAAGACAGGCT_1,5.5870504219106184e-05
P5TLH_TGGCCAGTCTACTTAC_1,5.584027798360261e-05
P3TLH_TAAGTGCTCACTCTTA_1,5.5813155723709544e-05
P4TLH_CAGCGACTCTGGCGAC_1,5.580644396506755e-05
P3TLH_TTTGTCATCTCCAGGG_1,5.580429696783524e-05
P3TLH_AGAGCTTTCATCTGTT_1,5.578319741089316e-05
P5TLH_CACACAAAGAACTCGG_1,5.577874786434775e-05
P3TLH_CATCAGAGTCCGAATT_1,5.577049582748422e-05
P4TLH_CTGATCCCATTTCAGG_1,5.576437887206237e-05
P3TLH_ACACCAATCGGTCTAA_1,5.576211813160051e-05
P5TLH_ATTATCCGTTGATTGC_1,5.573394419323454e-05
P2TLH_CTTAGGAGTAAGGATT_1,5.5713139487456647e-05
P5TLH_GAAACTCCACCCATGG_1,5.5705714375042326e-05
P5TLH_TCTCTAATCATACGGT_1,5.5692041139585866e-05
P4TLH_GAGGTGAAGTGAAGTT_1,5.56756471667968e-05
P1TLH_ATAACGCAGAGAGCTC_1,5.561604151751215e-05
P3TLH_CGTGTAAAGCTGCCCA_1,5.561530197904876e-05
P1TLH_CACACTCAGATACACA_1,5.557690481327533e-05
P3TLH_GGGATGAAGATGCGAC_1,5.553965727598552e-05
P4TLH_AGGGATGTCGTGGACC_1,5.550458305209498e-05
P4TLH_GGAACTTCAGGCAGTA_1,5.548801995819055e-05
P1TLH_ACTTTCAGTGTGAATA_1,5.5443321473503014e-05
P3TLH_ATGGGAGAGTTCGCAT_1,5.542435231148953e-05
P1TLH_TTGCGTCCATGGGAAC_1,5.540163106964832e-05
P1TLH_GTGGGTCGTGTATGGG_1,5.53963367739795e-05
P3TLH_GAACCTAAGACCTAGG_1,5.5357105962895324e-05
P4TLH_GTACTCCCATCAGTCA_1,5.533835687928429e-05
P3TLH_ATAAGAGAGTACGATA_1,5.533831502916921e-05
P5TLH_AGGCCACGTTCGGCAC_1,5.533459997175466e-05
P3TLH_TCATTACGTGGAAAGA_1,5.532788123618376e-05
P3TLH_TCGGTAATCAACCATG_1,5.532345410870075e-05
P5TLH_GGAATAAAGAGTACCG_1,5.530255782544047e-05
P5TLH_GCGACCAGTGGCTCCA_1,5.528567769762621e-05
P1TLH_CTCAGAAGTGTGACGA_1,5.527879020964575e-05
P1TLH_CATTCGCTCCGTAGTA_1,5.5168919151164e-05
P4TLH_CCTACACGTAGGGACT_1,5.515976867876277e-05
P4TLH_TTCTTAGTCGTGGGAA_1,5.5143288923246815e-05
P5TLH_ATAAGAGAGATAGTCA_1,5.51328022225111e-05
P3TLH_AGCCTAAAGATATACG_1,5.512792316949353e-05
P5TLH_CGACCTTCAGCCTTTC_1,5.511773863173848e-05
P4TLH_AACTCTTGTTCCACAA_1,5.506634097349532e-05
P5TLH_CAGATCAAGAACAATC_1,5.50605863317868e-05
P3TLH_CTCACACAGTAGCGGT_1,5.5053379392321036e-05
P3TLH_TTCTCCTTCTCATTCA_1,5.503905422768954e-05
P3TLH_TACTTGTTCACGCGGT_1,5.5030982984926414e-05
P5TLH_TATCTCATCAGTCAGT_1,5.502369537893445e-05
P2TLH_TTCGAAGCACCGAAAG_1,5.500694783620192e-05
P5TLH_TGAAAGACATTCTTAC_1,5.500490639160677e-05
P3TLH_CGATTGATCCCACTTG_1,5.500035165953735e-05
P2TLH_GCGACCAGTTCCACAA_1,5.499319889919818e-05
P3TLH_ATGGGAGGTAAATGTG_1,5.498835434190422e-05
P3TLH_TCGTAGAAGTTTCCTT_1,5.4937680052215854e-05
P3TLH_GACGGCTAGTTATCGC_1,5.4928938852389474e-05
P3TLH_AACTGGTGTTCTGTTT_1,5.4924961200777586e-05
P4TLH_CACCTTGAGTAATCCC_1,5.492402400977112e-05
P3TLH_ACTTTCATCAGTACGT_1,5.491212822921749e-05
P3TLH_GTATTCTGTCGCATCG_1,5.4901496628791654e-05
P4TLH_TCTTCGGAGAGCTGGT_1,5.488568218785572e-05
P5TLH_GTGCTTCAGCCAGGAT_1,5.485659189934474e-05
P3TLH_TTTGCGCTCTCGATGA_1,5.480755715917198e-05
P3TLH_TCGCGTTCAGTACACT_1,5.480603055584206e-05
P3TLH_CTTAGGAAGGCAAAGA_1,5.478235837549666e-05
P3TLH_GCAAACTGTCCGAAGA_1,5.47775078222973e-05
P4TLH_GGCCGATTCCCAAGTA_1,5.476530650918824e-05
P5TLH_TAGAGCTAGCTTATCG_1,5.475688071685133e-05
P3TLH_CTGTGCTCATTTCACT_1,5.4719265053243916e-05
P2TLH_TCAGCAAAGTAACCCT_1,5.471883518397631e-05
P2TLH_GGATTACGTTTGTGTG_1,5.468498493921172e-05
P4TLH_ACACCAATCAGAGCTT_1,5.4681627317163324e-05
P1TLH_CTCGGAGAGTTCGCAT_1,5.4677261598795636e-05
P3TLH_TGAGAGGAGTGCTGCC_1,5.467472489322293e-05
P4TLH_CCGGTAGTCCGGGTGT_1,5.464740423654263e-05
P2TLH_TAGCCGGGTCCATGAT_1,5.461905454120064e-05
P3TLH_GCTGCGAGTCTAAACC_1,5.4608651346323966e-05
P3TLH_CATTCGCAGGGTTCCC_1,5.4544376704724256e-05
P5TLH_TCCCGATGTAAGTAGT_1,5.453365761116256e-05
P1TLH_ATCGAGTCAATAAGCA_1,5.4522775325528854e-05
P2TLH_TTCCCAGCAGATGAGC_1,5.4493403079316325e-05
P5TLH_ACCAGTATCATCATTC_1,5.449297420642467e-05
P3TLH_TGACTAGTCCCTTGTG_1,5.448831441123384e-05
P5TLH_GTCACGGGTCCGCTGA_1,5.445682898462832e-05
P2TLH_TAGCCGGAGCACGCCT_1,5.442959324775402e-05
P3TLH_CTCAGAAAGTCAATAG_1,5.437035665642711e-05
P3TLH_GATCTAGAGTGTTAGA_1,5.4352416407364255e-05
P3TLH_CTTAACTTCGTTACGA_1,5.434579497172429e-05
P3TLH_CACATAGAGGGCACTA_1,5.434285136221515e-05
P4TLH_TCCCGATCATCATCCC_1,5.433521403561949e-05
P1TLH_CATCAAGTCTTGTTTG_1,5.4318010421856606e-05
P5TLH_TGACTAGCATACTACG_1,5.428399147384444e-05
P3TLH_TGACTAGTCGCAAGCC_1,5.426362220243024e-05
P1TLH_TACACGACAAGTACCT_1,5.423124405302779e-05
P2TLH_ACTTTCAAGCGATAGC_1,5.4205194180615543e-05
P1TLH_CCTTACGTCAAGGTAA_1,5.4188717169282826e-05
P3TLH_CGAGAAGCACCCATTC_1,5.416517835498421e-05
P4TLH_AACTGGTGTAGTGAAT_1,5.4156042851532586e-05
P3TLH_TACCTATAGCGCTCCA_1,5.4150062786411935e-05
P5TLH_GCATACATCGAACGGA_1,5.413927255784147e-05
P5TLH_ATTACTCTCACATAGC_1,5.413624636615046e-05
P5TLH_CTAGCCTTCTGCAGTA_1,5.413235950264256e-05
P2TLH_CCAGCGAGTACGAAAT_1,5.412593631407629e-05
P4TLH_CGGTTAATCCTCAACC_1,5.4113675306984555e-05
P1TLH_GGATTACGTTCCACAA_1,5.4108063071884695e-05
P2TLH_AGTGTCATCGTCGTTC_1,5.410063463387342e-05
P3TLH_CACCAGGAGGAATTAC_1,5.409430133778102e-05
P1TLH_CACATAGTCCAAGTAC_1,5.407443009048162e-05
P3TLH_TTCTTAGGTGTGCCTG_1,5.404910577190065e-05
P3TLH_TACGGATCACATCTTT_1,5.404385707899148e-05
P3TLH_CTCGGAGCATCATCCC_1,5.40198760648378e-05
P3TLH_CGTAGGCTCTAGCACA_1,5.399387107701355e-05
P3TLH_GACGTTAGTACTTGAC_1,5.399352128290289e-05
P2TLH_ATGCGATCAAACCCAT_1,5.398545978576061e-05
P4TLH_ATTGGACCATCAGTAC_1,5.396940424365955e-05
P1TLH_ATGGGAGTCTCTAAGG_1,5.394223169310727e-05
P5TLH_CGGTTAAAGAGTTGGC_1,5.389761945606348e-05
P3TLH_GAATAAGCATCACCCT_1,5.3894287195813026e-05
P3TLH_CCTTCCCAGTTCGATC_1,5.387959678803981e-05
P3TLH_TACGGGCGTCATACTG_1,5.386671046986128e-05
P3TLH_CTTACCGAGCCTCGTG_1,5.382274662226186e-05
P4TLH_GTGTTAGCAAAGGCGT_1,5.3819573627058404e-05
P3TLH_CGCTGGACACACGCTG_1,5.3803628250596484e-05
P3TLH_AAAGTAGTCCTGCAGG_1,5.380249399349003e-05
P3TLH_AAAGTAGCATTTCAGG_1,5.379768126786555e-05
P5TLH_AGTAGTCCAGGTCGTC_1,5.376388707654344e-05
P2TLH_CGCTTCAGTCTAGGTT_1,5.375667678541851e-05
P1TLH_CCGTTCATCTAACGGT_1,5.373614447308797e-05
P5TLH_GATCTAGTCACCCTCA_1,5.369573438349932e-05
P3TLH_GAAATGAAGCTTATCG_1,5.369125043005233e-05
P2TLH_TACGGGCGTATATGAG_1,5.3675143445862424e-05
P3TLH_AGTGTCATCTAACTTC_1,5.366301448988109e-05
P2TLH_CTACATTGTATTCTCT_1,5.363616092325052e-05
P1TLH_CAGAGAGTCACGCATA_1,5.362738700005201e-05
P3TLH_GCCAAATCAAAGCAAT_1,5.358624972763465e-05
P2TLH_CTCGGGACATTGCGGC_1,5.357271184290882e-05
P2TLH_CGAGAAGAGGGCACTA_1,5.356894266299273e-05
P5TLH_TCTGAGATCCGAGCCA_1,5.353296613920098e-05
P3TLH_AAGGTTCAGGCTAGGT_1,5.350346922757381e-05
P4TLH_GTCGTAACACGGTAAG_1,5.349440544285469e-05
P3TLH_AGATTGCGTCAGATAA_1,5.3451973675207464e-05
P2TLH_TTGTAGGTCCGCGTTT_1,5.340860825879638e-05
P3TLH_CGACCTTAGATGCCAG_1,5.336897039303597e-05
P3TLH_TAAGCGTCATGGTTGT_1,5.336587584768431e-05
P1TLH_CAGCATATCAGTTGAC_1,5.336492874670935e-05
P3TLH_AAAGTAGCAAAGCAAT_1,5.328562399791233e-05
P5TLH_GCTCCTAAGAAACCTA_1,5.324687198906438e-05
P4TLH_TACACGAAGCAGGTCA_1,5.3221184249990764e-05
P5TLH_AGGTCCGTCAGGTTCA_1,5.3197760027593296e-05
P3TLH_CCCAGTTAGGAGCGTT_1,5.317885516456413e-05
P1TLH_CGGACACAGGGATCTG_1,5.317264987890802e-05
P2TLH_GGGCATCGTGGCTCCA_1,5.31500326647739e-05
P3TLH_GCTCCTAAGTTAACGA_1,5.3142658878687626e-05
P3TLH_CGTTGGGGTCACCCAG_1,5.312330437158271e-05
P1TLH_CCTAAAGCACCCATTC_1,5.3114745796053305e-05
P5TLH_AAGGCAGAGTATCGAA_1,5.311019573431015e-05
P3TLH_GCATGTATCCGTACAA_1,5.3082240716232636e-05
P4TLH_CACCACTTCAAAGTAG_1,5.306817775115486e-05
P3TLH_GATCGATGTTCACGGC_1,5.303893919008927e-05
P3TLH_CATCAAGAGGTGATTA_1,5.303081116283284e-05
P5TLH_ACTTTCATCCGGGTGT_1,5.3026107418927327e-05
P4TLH_AAGTCTGGTTCGAATC_1,5.3000302669460066e-05
P3TLH_CGTGTCTAGTGCCATT_1,5.2976068430271204e-05
P5TLH_ACTTTCATCATTCACT_1,5.297522302908618e-05
P5TLH_GACGCGTGTTGTGGCC_1,5.2971533906861896e-05
P3TLH_CTCGTACCATGTTCCC_1,5.29425491734172e-05
P5TLH_CGTCAGGCAGCTGGCT_1,5.294000007475172e-05
P1TLH_TCTGAGATCGCCAAAT_1,5.2936649100542314e-05
P2TLH_AGCTTGAGTGTCCTCT_1,5.2919978718813994e-05
P3TLH_TGTTCCGCAAAGAATC_1,5.2904559279942915e-05
P3TLH_TCATTTGAGAGCCCAA_1,5.290301265767662e-05
P3TLH_TGACAACTCTCTGCTG_1,5.281596973912356e-05
P3TLH_ACTATCTTCGTGGACC_1,5.279817452693566e-05
P4TLH_CATTATCGTACATCCA_1,5.277701178659941e-05
P2TLH_GTAGGCCAGGATCGCA_1,5.27549225169281e-05
P3TLH_CTGCTGTAGGTAAACT_1,5.272465813056063e-05
P2TLH_TAGAGCTAGGGCTTCC_1,5.2716366121185914e-05
P5TLH_TAGTTGGTCTCTGCTG_1,5.271197567032793e-05
P1TLH_CCGTTCACATTAGGCT_1,5.2710143288958405e-05
P1TLH_CGTAGGCTCTGTCTCG_1,5.259150595842798e-05
P5TLH_CCGTTCAGTCGGCTCA_1,5.2572911451342945e-05
P1TLH_GATCGCGAGGTGCAAC_1,5.257202635026999e-05
P4TLH_TTAGTTCTCCATGAAC_1,5.2564412830630216e-05
P3TLH_ATTCTACAGAGCTGGT_1,5.256426685137395e-05
P3TLH_CGTCTACCATATACCG_1,5.2552431297928545e-05
P5TLH_CAGTAACGTGAGTGAC_1,5.2543213016497455e-05
P3TLH_TGCACCTAGCCTCGTG_1,5.250873178547099e-05
P3TLH_TGTATTCAGAAGGGTA_1,5.2499865647137264e-05
P3TLH_GTATTCTTCGCAAGCC_1,5.247237836100265e-05
P3TLH_ATGCGATTCTAACTGG_1,5.244949458005641e-05
P3TLH_CGGGTCAAGCAATCTC_1,5.235913221887072e-05
P1TLH_GACAGAGAGAAACCGC_1,5.2350249302574385e-05
P1TLH_CCTTACGTCAAACGGG_1,5.234518154527928e-05
P4TLH_GATCAGTGTATGCTTG_1,5.2342975558329074e-05
P3TLH_TGCTGCTTCTTTACAC_1,5.232401286056529e-05
P3TLH_AGATTGCCAGACGCCT_1,5.2287459667073606e-05
P3TLH_CACAAACAGAAGGTTT_1,5.2271391886609604e-05
P4TLH_ACGCCAGGTCAACTGT_1,5.223322201392749e-05
P3TLH_ACATACGTCTAGCACA_1,5.222722103829887e-05
P2TLH_CCTTCGAGTGTTAAGA_1,5.222120522289858e-05
P5TLH_GTTCGGGGTCGACTAT_1,5.216225346311714e-05
P4TLH_GCTCCTATCGCGTAGC_1,5.2146187759579665e-05
P5TLH_GCTTCCACAAACCCAT_1,5.214530622780429e-05
P3TLH_GCAAACTCACTCTGTC_1,5.2094867219188537e-05
P5TLH_CGAACATTCTGCAAGT_1,5.207981399636358e-05
P2TLH_TTGTAGGGTTCCAACA_1,5.207633840691248e-05
P3TLH_ATCGAGTCACCCAGTG_1,5.201749189168523e-05
P1TLH_GAGTCCGAGTGAACGC_1,5.201502036375825e-05
P2TLH_GAGTCCGGTGATAAAC_1,5.200801136777064e-05
P3TLH_CTCAGAAAGTGTGGCA_1,5.2000518898599636e-05
P4TLH_TCTTCGGAGTGGGATC_1,5.1994498446186775e-05
P5TLH_CGGAGTCAGTGGGCTA_1,5.1983886099793346e-05
P5TLH_ACTTACTCATCACCCT_1,5.196612863703068e-05
P4TLH_TGGTTAGTCCGCGGTA_1,5.19482572992026e-05
P4TLH_CTCTACGGTTCCCGAG_1,5.192786417073723e-05
P3TLH_AGAGCTTCAGTTCATG_1,5.1903319943879205e-05
P4TLH_AGTTGGTCATGCCTTC_1,5.189830470807721e-05
P3TLH_CGTCCATCAAGAAGAG_1,5.188507900175769e-05
P3TLH_GGGCACTCAATGTTGC_1,5.186379735031865e-05
P3TLH_TGACAACGTCATCGGC_1,5.180885609953579e-05
P2TLH_CTAGCCTTCAATACCG_1,5.179713332909226e-05
P1TLH_TCGGGACAGACGACGT_1,5.177874991037752e-05
P4TLH_GATGAGGGTCAGAAGC_1,5.176142731632831e-05
P1TLH_CGCTATCAGTAGGCCA_1,5.1750179300681484e-05
P1TLH_TACGGATGTTCGTCTC_1,5.1747584596034095e-05
P4TLH_GTAGTCACATCTCGCT_1,5.1714453096801404e-05
P5TLH_GCGCAACGTCACTGGC_1,5.168223229724035e-05
P1TLH_CTGATAGCAATGACCT_1,5.1667128957641066e-05
P4TLH_GGTGCGTCATCACGTA_1,5.1660860547771365e-05
P3TLH_ATCGAGTAGGACAGCT_1,5.16199319653406e-05
P4TLH_CAGTAACCATCGGAAG_1,5.15894221948696e-05
P5TLH_GGCAATTCATGCGCAC_1,5.1575188485015126e-05
P2TLH_ACATGGTTCTATGTGG_1,5.156657650119837e-05
P3TLH_AACTTTCTCGCGTTTC_1,5.153009986217937e-05
P3TLH_TATCAGGGTGCCTGGT_1,5.152685548692746e-05
P1TLH_TGACTAGGTTGGGACA_1,5.1505544393533104e-05
P4TLH_CACATAGCAAGGGTCA_1,5.149752193036873e-05
P3TLH_CACAGGCAGACTGTAA_1,5.138882929074232e-05
P3TLH_GGCGACTGTGAAAGAG_1,5.136935513762638e-05
P1TLH_TACCTATGTGTTTGGT_1,5.1358861709495024e-05
P4TLH_CACCAGGGTGAGGGTT_1,5.135636460373903e-05
P5TLH_ATCTGCCTCTGTCTAT_1,5.135459924970964e-05
P3TLH_CAGTAACCATAGACTC_1,5.133706299553408e-05
P5TLH_CGGACTGCACACCGAC_1,5.1331717727355406e-05
P3TLH_GTCATTTGTCTGCGGT_1,5.128797606804374e-05
P3TLH_CAGTAACAGGGTGTTG_1,5.127094630045671e-05
P2TLH_TGAGAGGTCTTCATGT_1,5.1260661519460535e-05
P5TLH_TGCGCAGGTAAATGTG_1,5.119719044206552e-05
P3TLH_TGACGGCCACAGCGTC_1,5.112453554259038e-05
P3TLH_TACTCATCACACAGAG_1,5.110964498619704e-05
P5TLH_CACTCCATCATACGGT_1,5.1066966757454827e-05
P4TLH_ACCCACTCAAGGGTCA_1,5.105816769914781e-05
P1TLH_CGGACTGGTAGTAGTA_1,5.100408257485861e-05
P3TLH_CACAAACAGTACTTGC_1,5.0998463778099124e-05
P5TLH_AACCGCGTCCAAACAC_1,5.09465384441244e-05
P2TLH_TCAACGACACACGCTG_1,5.091264915348672e-05
P1TLH_GACCTGGAGGGATGGG_1,5.0883420177125915e-05
P3TLH_TTGCGTCTCACCCTCA_1,5.0880707841741724e-05
P3TLH_ACACCCTTCCTTGGTC_1,5.086348586452061e-05
P3TLH_CTCAGAAAGGTAAACT_1,5.0853714929192686e-05
P2TLH_TCTGAGAGTAGGGTAC_1,5.084495304306073e-05
P3TLH_AGGTCCGTCACTGGGC_1,5.08364172396721e-05
P5TLH_TAAGTGCCAGTAACGG_1,5.0811579646294686e-05
P3TLH_CATTCGCGTAAGGGCT_1,5.0803440424193895e-05
P2TLH_GGAAAGCCATGGGACA_1,5.0777375319669365e-05
P2TLH_CTCATTAAGAATTCCC_1,5.077495302241139e-05
P3TLH_GTAACGTAGCGAAGGG_1,5.076766847107222e-05
P2TLH_TTTATGCAGTGACTCT_1,5.076065488762052e-05
P3TLH_GAACCTAGTATGGTTC_1,5.070589873948423e-05
P3TLH_AAGCCGCGTTATCGGT_1,5.069442008421738e-05
P3TLH_CAAGAAATCTACCTGC_1,5.069199093714107e-05
P2TLH_ATGTGTGAGTCATCCA_1,5.0688648217169265e-05
P5TLH_CTACATTAGGAATTAC_1,5.067739897996634e-05
P2TLH_TCGAGGCTCCAACCAA_1,5.0674663375812496e-05
P4TLH_CCTACCAAGACAAAGG_1,5.064454540294046e-05
P3TLH_CTCTGGTTCTCTGCTG_1,5.063386581135244e-05
P3TLH_CCTACACAGCTACCTA_1,5.0601582380394586e-05
P4TLH_AACTGGTAGCCACGCT_1,5.056483323180961e-05
P2TLH_TGTTCCGGTTGGTAAA_1,5.056162739625267e-05
P3TLH_GCGCCAAGTCTCGTTC_1,5.0488208970420986e-05
P3TLH_TTCTTAGGTACCTACA_1,5.04487027630153e-05
P4TLH_GGACAGAGTCGCTTCT_1,5.044374056821418e-05
P5TLH_GCTGGGTAGGGCTCTC_1,5.043724476886194e-05
P1TLH_CTACACCTCCTTTCTC_1,5.038199848621771e-05
P2TLH_GGAATAACAAGCGCTC_1,5.036163032032122e-05
P3TLH_ACATACGAGTGTACGG_1,5.033238777200218e-05
P3TLH_GCGACCATCACATACG_1,5.032606864862677e-05
P5TLH_ACGATGTCAGGAATCG_1,5.0315935434537165e-05
P2TLH_ACAGCCGGTGGTAACG_1,5.030098768804421e-05
P1TLH_GAGTCCGCAGGTTTCA_1,5.027227123858653e-05
P2TLH_AGTGGGACAGGCTCAC_1,5.026674745515079e-05
P3TLH_GTCACGGAGCGCTTAT_1,5.025769489538451e-05
P3TLH_TCAGATGTCGTACCGG_1,5.02527070882336e-05
P3TLH_TAGGCATAGTTGTAGA_1,5.0231079340608045e-05
P3TLH_GGCAATTGTGCTGTAT_1,5.015141559238416e-05
P3TLH_CCCATACCATGGTTGT_1,5.014424569485714e-05
P2TLH_TATCTCAGTCTCATCC_1,5.008143042866156e-05
P1TLH_CGGACTGCACCGGAAA_1,5.002125533427787e-05
P3TLH_CGCCAAGGTACTCAAC_1,5.000664919475252e-05
P3TLH_TGGGAAGGTAACGACG_1,4.997558640561547e-05
P3TLH_AGCCTAATCTAGAGTC_1,4.995921435094796e-05
P5TLH_TCCACACTCGTAGGTT_1,4.995518945745099e-05
P3TLH_AGCTTGATCCAGGGCT_1,4.9927020513232855e-05
P3TLH_CAGCTGGCAATCGAAA_1,4.9918547995709234e-05
P2TLH_TCAGGATTCAGTTCGA_1,4.991603422305634e-05
P5TLH_ACATGGTCAATGGAAT_1,4.9907220311295725e-05
P3TLH_TCTGAGACATGGATGG_1,4.989563566016633e-05
P5TLH_GACGGCTCACAAGACG_1,4.9885965377322164e-05
P5TLH_AGCTCTCCATTGCGGC_1,4.9829439641430296e-05
P3TLH_AGATTGCGTCAACATC_1,4.982644283815437e-05
P5TLH_TAAACCGCAATGTAAG_1,4.982629096423022e-05
P5TLH_ATCCACCAGCAACGGT_1,4.9816102131061765e-05
P4TLH_CATCAGATCCTTTACA_1,4.979047331317986e-05
P5TLH_TAAGTGCTCACAGTAC_1,4.9735629436070516e-05
P3TLH_ACACCGGTCACGGTTA_1,4.969217846392312e-05
P3TLH_CACCTTGTCTGCCCTA_1,4.96655323060548e-05
P2TLH_CTCGTACGTAGCGATG_1,4.966538951514553e-05
P5TLH_GATCGATGTCCGAAGA_1,4.966495126471119e-05
P3TLH_AACTTTCAGCTGGAAC_1,4.961590628207911e-05
P2TLH_AGTAGTCGTCGTGGCT_1,4.9592356669654e-05
P3TLH_GATCGTATCTGTTGAG_1,4.959104187189482e-05
P5TLH_ACTTGTTAGCGTAGTG_1,4.9589231604156476e-05
P2TLH_TGGCCAGGTACTTAGC_1,4.9586245218610936e-05
P2TLH_AACTCAGCAAGTACCT_1,4.9562585927928976e-05
P1TLH_TCAGATGAGAGTACCG_1,4.954857442070562e-05
P1TLH_ATGTGTGCATGACGGA_1,4.952372540541044e-05
P4TLH_CCTCAGTAGGTTACCT_1,4.950715024166288e-05
P2TLH_CTAACTTAGGTGACCA_1,4.9482706133089364e-05
P3TLH_TGTTCCGGTATAGGGC_1,4.947498127354019e-05
P1TLH_TGAAAGAAGCGGCTTC_1,4.9442545556763765e-05
P3TLH_TTAGGCAAGGCCATAG_1,4.9407253360474375e-05
P3TLH_AGTAGTCCAGCCAATT_1,4.93903882991173e-05
P4TLH_AGGGTGACAAGCCGCT_1,4.9330009608714544e-05
P2TLH_CCTTCGAGTAACGTTC_1,4.93061305686007e-05
P2TLH_AGAGTGGCACTTGGAT_1,4.9300982797727625e-05
P3TLH_TTCGGTCCACCAACCG_1,4.923951952098999e-05
P3TLH_AGTGTCAGTACTTAGC_1,4.923736949704266e-05
P5TLH_GTACTCCTCACGACTA_1,4.9185648183513994e-05
P3TLH_CTCGAGGAGGCTCATT_1,4.9174106990956934e-05
P5TLH_TGTATTCTCTTGAGAC_1,4.915855197814838e-05
P3TLH_ATCCACCCAACCGCCA_1,4.915839132124923e-05
P2TLH_TACACGACAGCCACCA_1,4.912009245331966e-05
P3TLH_TGGGAAGCAGTATAAG_1,4.907239642136944e-05
P5TLH_GGGATGACACCACGTG_1,4.9070889601071176e-05
P5TLH_TCACAAGGTTTGACTG_1,4.902365150532271e-05
P5TLH_GCCAAATAGAAACCTA_1,4.89849851662568e-05
P4TLH_GCTTCCATCTCGATGA_1,4.8975840141343645e-05
P3TLH_TCAGGTATCGCAAACT_1,4.891098262579372e-05
P1TLH_CTTACCGAGAGTGACC_1,4.890226821602936e-05
P4TLH_GTTCGGGTCCCGACTT_1,4.889688889376525e-05
P4TLH_CGATGTAAGTAGATGT_1,4.88912999493852e-05
P4TLH_CGGACACGTGCAGACA_1,4.88853369550111e-05
P2TLH_TGTATTCTCGGCTTGG_1,4.886114134613943e-05
P4TLH_AGCGGTCGTTCTGAAC_1,4.881399118770867e-05
P2TLH_TGACTTTAGACAGGCT_1,4.8807192120197317e-05
P4TLH_TCTTCGGTCCGAAGAG_1,4.880571885998747e-05
P5TLH_CAGCATAGTAGAGGAA_1,4.8795946562113626e-05
P5TLH_TTGGCAAGTGTAACGG_1,4.877020843071315e-05
P5TLH_ATTGGTGAGTGTCTCA_1,4.876408671795897e-05
P2TLH_CAAGGCCTCTGCGACG_1,4.875592089300597e-05
P3TLH_CATGACATCTTCATGT_1,4.875215602449967e-05
P1TLH_TGACGGCTCGCAAGCC_1,4.872295614626898e-05
P5TLH_GTGGGTCTCACGACTA_1,4.8679857770519435e-05
P1TLH_GGACAGAAGAGCTATA_1,4.8677363677773126e-05
P3TLH_CTAGTGACATTACCTT_1,4.8663885104924e-05
P3TLH_AGCTCTCTCAGGATCT_1,4.860164398587625e-05
P3TLH_TTTGCGCCAATCAGAA_1,4.860091689185489e-05
P2TLH_CCTTCGAAGGCGCTCT_1,4.8589955063292895e-05
P3TLH_CATCAGATCATCGATG_1,4.8545159437313256e-05
P5TLH_CTTTGCGCACGTCAGC_1,4.8527466020767696e-05
P3TLH_CAAGATCAGAGTGAGA_1,4.848843070519403e-05
P3TLH_GTTACAGTCCTAGTGA_1,4.845469472221427e-05
P4TLH_ATCTACTAGCAAATCA_1,4.8447722853719114e-05
P1TLH_ATGAGGGGTATATCCG_1,4.842394943501708e-05
P3TLH_CGGCTAGTCGTTTATC_1,4.838632545761111e-05
P2TLH_ATGTGTGCAACCGCCA_1,4.83361342785047e-05
P1TLH_GCAGTTACAATCAGAA_1,4.832933797309116e-05
P5TLH_ACGATACGTGTTGAGG_1,4.829691388949525e-05
P4TLH_GTTACAGCATCACAAC_1,4.8295233535120825e-05
P5TLH_TGCCAAAGTTAAGATG_1,4.8284080914284496e-05
P4TLH_CTGCTGTCATGTAAGA_1,4.823036284011513e-05
P3TLH_AAGTCTGCAGCATACT_1,4.817856917751069e-05
P5TLH_CTGGTCTAGAAGGACA_1,4.814659536666033e-05
P3TLH_ATCGAGTCAAGCGAGT_1,4.8128660626858465e-05
P3TLH_CGCCAAGGTAGCAAAT_1,4.808750275943434e-05
P3TLH_CGACTTCCACTGTTAG_1,4.8043357835010145e-05
P4TLH_TATCTCATCCAAACAC_1,4.800566697002396e-05
P3TLH_GCATACACAACTTGAC_1,4.7989739797324066e-05
P4TLH_GACACGCAGTCGTTTG_1,4.796647843593258e-05
P3TLH_ATTACTCGTTGTACAC_1,4.794202732181327e-05
P4TLH_ATTATCCTCTCTGAGA_1,4.793467818117393e-05
P3TLH_CCGGGATCAGGAATGC_1,4.7917855713609796e-05
P3TLH_AGGGATGCATGCCACG_1,4.7913302642908916e-05
P3TLH_AGCGGTCTCTGGCGAC_1,4.785731448461523e-05
P4TLH_CTCGAGGGTAACGTTC_1,4.78092493619373e-05
P2TLH_CAACCAATCACCATAG_1,4.779492345113274e-05
P3TLH_TGACTAGTCCTTTCTC_1,4.7787191718507675e-05
P3TLH_CGTTAGATCGAGAACG_1,4.778249581765743e-05
P2TLH_TCAATCTGTTCGCTAA_1,4.7764376629861445e-05
P3TLH_TGTTCCGCATGTTGAC_1,4.7751857782191364e-05
P3TLH_TGCGGGTAGTCAAGGC_1,4.7693677143427267e-05
P3TLH_TTTCCTCTCAGCACAT_1,4.7673250469725746e-05
P3TLH_ACTTTCACATACTCTT_1,4.762774253208204e-05
P3TLH_CATATGGAGCTACCGC_1,4.759730995787853e-05
P5TLH_GCATACATCACAATGC_1,4.7591609219401196e-05
P1TLH_TGTGTTTTCGACCAGC_1,4.757898600472092e-05
P5TLH_CAAGGCCTCCCAACGG_1,4.754895008343738e-05
P2TLH_GGTGCGTTCTCGATGA_1,4.7513903855917355e-05
P5TLH_CGTAGCGCAAGGACTG_1,4.7474679612216336e-05
P5TLH_ATCATGGTCACATGCA_1,4.746227734633168e-05
P4TLH_GACGGCTTCCTCCTAG_1,4.7457321859430685e-05
P3TLH_GTTCATTTCTGGGCCA_1,4.744511379729997e-05
P3TLH_GCGGGTTTCCCATTAT_1,4.741612257013502e-05
P3TLH_ATCCACCCACGCATCG_1,4.736641464968e-05
P2TLH_ATAGACCTCTGCCCTA_1,4.7339877762512565e-05
P5TLH_CATCGAAAGAAACCGC_1,4.7335403331926485e-05
P5TLH_CTCGTCACATTATCTC_1,4.731117938252909e-05
P3TLH_GCTTGAAAGATGCGAC_1,4.7250613456960275e-05
P5TLH_ACTGAACCAACGATCT_1,4.7240431039846775e-05
P5TLH_GTTCGGGAGGCTAGAC_1,4.723243713196306e-05
P5TLH_GGAAAGCAGAGTACAT_1,4.721037970887911e-05
P4TLH_TTAACTCTCGAGAACG_1,4.720586273334467e-05
P3TLH_GGCTCGATCTGTCTCG_1,4.7191019270796895e-05
P1TLH_TGTGGTAGTCTGCGGT_1,4.717687040637485e-05
P1TLH_CGACCTTAGCGTCAAG_1,4.7173390768662305e-05
P2TLH_CGTCACTCAGTATAAG_1,4.7160107282928834e-05
P4TLH_ACGCAGCAGTCCGTAT_1,4.7136702601609214e-05
P4TLH_TAGTGGTTCTGTCCGT_1,4.709967128792536e-05
P2TLH_GTCATTTTCAGAAATG_1,4.707828092984129e-05
P3TLH_ACGGAGACACCAGGTC_1,4.70762322154313e-05
P5TLH_TTGCCGTCATGGTAGG_1,4.706900066511026e-05
P1TLH_CCCTCCTTCTCTTATG_1,4.699827196138622e-05
P5TLH_CAAGGCCGTCTTCAAG_1,4.698845470276917e-05
P2TLH_GTAGTCAAGGGTATCG_1,4.6977117029211064e-05
P3TLH_AAACCTGCAATGACCT_1,4.6974362518732164e-05
P1TLH_CTTCTCTTCCAACCAA_1,4.6941243918922546e-05
P4TLH_AACGTTGCAAGCCGTC_1,4.6909970143769106e-05
P3TLH_AGCATACGTGCAACGA_1,4.6862793950825345e-05
P5TLH_TAAACCGAGTGTACGG_1,4.685594950754904e-05
P1TLH_GGACATTGTCAGAATA_1,4.685294698175946e-05
P2TLH_AACTCCCGTGAAATCA_1,4.684563702587348e-05
P3TLH_GTCCTCACATTGGTAC_1,4.68418153212182e-05
P1TLH_CGTTAGATCTAGAGTC_1,4.683692674171473e-05
P2TLH_TGACTAGGTCTAGGTT_1,4.6820742789956823e-05
P3TLH_TTGCCGTTCACCCGAG_1,4.679459124921198e-05
P3TLH_TTGCCGTAGGCTCAGA_1,4.6741788235506304e-05
P3TLH_TGCCCTATCACCGGGT_1,4.672641996154454e-05
P5TLH_CCGGTAGAGTGGGATC_1,4.672454323903163e-05
P2TLH_CTGAAACCAAGGTTTC_1,4.671022843847479e-05
P3TLH_GTAACTGAGTGACTCT_1,4.6650222139405634e-05
P3TLH_TGACTAGGTTAGATGA_1,4.658172920820415e-05
P4TLH_CGCTTCAAGGCTCTTA_1,4.6538599670736625e-05
P3TLH_GGGCATCTCCTCATTA_1,4.6514208923318365e-05
P2TLH_AGGCCACTCGCATGGC_1,4.6490564425248215e-05
P5TLH_AAAGTAGGTCCGCTGA_1,4.648730409274802e-05
P4TLH_TTCGAAGTCCTATTCA_1,4.645876047431449e-05
P2TLH_CTGATCCTCTTCATGT_1,4.642195455365449e-05
P5TLH_TCGAGGCGTATTCGTG_1,4.640181818613761e-05
P5TLH_TCGAGGCAGTATGACA_1,4.639281893471205e-05
P3TLH_GCAAACTTCTGCGGCA_1,4.639000204690667e-05
P2TLH_AGTGAGGTCGGAAATA_1,4.638472661840976e-05
P3TLH_GACGTGCAGTTAAGTG_1,4.6383469314565576e-05
P5TLH_GCGGGTTGTCAGTGGA_1,4.6381904627923726e-05
P3TLH_GATTCAGAGAGGACGG_1,4.6353988540220684e-05
P3TLH_ATGAGGGAGCTTATCG_1,4.6336870124304373e-05
P3TLH_ACCTTTATCTACTTAC_1,4.632863034806244e-05
P3TLH_GCTTGAAGTCGGCATC_1,4.630291302245666e-05
P2TLH_GTGTGCGGTCTGATTG_1,4.61953362801732e-05
P3TLH_GTCACAAAGAGCTGCA_1,4.619337070657235e-05
P4TLH_TCAACGACACATGTGT_1,4.6175387481210255e-05
P3TLH_CTCGTACGTTAAGGGC_1,4.6152018068707935e-05
P3TLH_CATCAAGTCGTTGACA_1,4.614510114869734e-05
P2TLH_AAGACCTTCGCGGATC_1,4.612603373204238e-05
P4TLH_AGGCCACAGGCAGGTT_1,4.612303423038668e-05
P3TLH_ACCCACTAGCACGCCT_1,4.6094440834220666e-05
P5TLH_ATAGACCGTAGGCTGA_1,4.6082848465273595e-05
P2TLH_TACCTATTCGGCTTGG_1,4.6043143885655865e-05
P3TLH_ATTGGTGGTAGGGTAC_1,4.6026812906402067e-05
P5TLH_CCGGGATCAGCATACT_1,4.599535766372585e-05
P3TLH_CCTATTATCATTATCC_1,4.598679082347941e-05
P2TLH_ACTTACTGTAGGCATG_1,4.597030314250043e-05
P2TLH_ACCGTAAAGCCGTCGT_1,4.5960705672756036e-05
P4TLH_GACTAACTCTGTTTGT_1,4.59593014585383e-05
P3TLH_AGCTCCTCAGATAATG_1,4.5939875849230824e-05
P5TLH_GGAAAGCTCAGCTTAG_1,4.592089450552589e-05
P5TLH_ACTGATGAGACAAGCC_1,4.590748065317164e-05
P1TLH_ACTTTCAAGAAACCGC_1,4.5841365748604746e-05
P2TLH_CTCATTATCATGTGGT_1,4.583008197016693e-05
P2TLH_GATCGTATCTGTGCAA_1,4.5824093696982987e-05
P1TLH_TTTATGCGTAACGTTC_1,4.582196731300565e-05
P4TLH_CGTAGCGCACATCCGG_1,4.581911670353981e-05
P5TLH_AAGACCTGTCACTTCC_1,4.5811653131799165e-05
P1TLH_CAACCTCCATGAACCT_1,4.579673322890691e-05
P3TLH_CGATGTACACTTACGA_1,4.578596868247949e-05
P2TLH_CAAGATCTCCTCTAGC_1,4.577770108740461e-05
P2TLH_GCGCCAACACACCGAC_1,4.5737649851079584e-05
P2TLH_ATAAGAGTCGCCGTGA_1,4.571916546679973e-05
P3TLH_TTTCCTCCAATAACGA_1,4.571306732697735e-05
P3TLH_GGACATTGTCTCGTTC_1,4.566760261530689e-05
P3TLH_ACCCACTCATGACATC_1,4.565717428944787e-05
P3TLH_CACCTTGAGAGTTGGC_1,4.562779721541524e-05
P5TLH_ATCACGATCGGCATCG_1,4.5621450074757685e-05
P3TLH_TCAGATGAGTAAGTAC_1,4.561763409930067e-05
P4TLH_ACGTCAAAGCCTATGT_1,4.559980427863364e-05
P3TLH_CGATGTATCACGATGT_1,4.5585124663440755e-05
P5TLH_GGGACCTAGCGTTTAC_1,4.558053956545129e-05
P4TLH_GCGCAACAGAGCTTCT_1,4.556853069824708e-05
P4TLH_ACCCACTTCGGATGTT_1,4.554949220772748e-05
P3TLH_GAGGTGAGTGGTTTCA_1,4.554400930892608e-05
P5TLH_TGTCCCACATGCTGGC_1,4.5535072004048594e-05
P3TLH_CCTCTGAAGTCGAGTG_1,4.5520326829376555e-05
P5TLH_CGTTGGGGTCTCCACT_1,4.551586408377712e-05
P1TLH_GGACAGAAGGTCATCT_1,4.551332208767954e-05
P2TLH_CGTTGGGCAAGGTTCT_1,4.54823171425023e-05
P4TLH_GTCCTCAGTGCAGGTA_1,4.5460265547980884e-05
P3TLH_ATCCGAAAGTTACCCA_1,4.543866148259489e-05
P2TLH_TACTTGTCAGTTTACG_1,4.525762488882236e-05
P4TLH_TCTTCGGGTAAGCACG_1,4.5254746383189924e-05
P3TLH_ATTACTCTCTGACCTC_1,4.520537196534153e-05
P3TLH_CGGAGCTAGATGTCGG_1,4.520232078620877e-05
P5TLH_CTCCTAGAGCTCCTTC_1,4.518159311138374e-05
P3TLH_CCACTACCACCGAAAG_1,4.517124331261786e-05
P4TLH_GTAGTCAGTGCGCTTG_1,4.514331781829574e-05
P4TLH_CTGTGCTGTTATGTGC_1,4.5136143577938e-05
P2TLH_TAGACCAAGTCCAGGA_1,4.509759035092679e-05
P3TLH_CTGATCCCAAAGGTGC_1,4.508963588762829e-05
P3TLH_CCGTTCAGTTTACTCT_1,4.506069944068338e-05
P4TLH_CATCGAACACCACGTG_1,4.503559978674181e-05
P3TLH_CAGATCAAGATTACCC_1,4.5034183799807394e-05
P5TLH_AGCCTAACATGTAGTC_1,4.5029883240600394e-05
P3TLH_AAGCCGCAGACCACGA_1,4.5025001835571486e-05
P3TLH_TGCGCAGGTCTTTCAT_1,4.5014106128074387e-05
P3TLH_ATCATCTCACATGTGT_1,4.501112707621521e-05
P5TLH_CTACCCATCTGTTGAG_1,4.500613145494139e-05
P3TLH_ATCACGACACCATCCT_1,4.499948591396604e-05
P3TLH_GCTCCTAAGTTTGCGT_1,4.4987076247552205e-05
P3TLH_ATCACGATCTGACCTC_1,4.497962369797271e-05
P1TLH_TTTGTCATCCTTGACC_1,4.495304932410152e-05
P5TLH_GATCTAGGTCCGTTAA_1,4.495252149390102e-05
P3TLH_TACCTTATCCCATTAT_1,4.490615818695107e-05
P3TLH_ACATGGTTCGGAAACG_1,4.489983549622518e-05
P3TLH_CGATCGGTCGTCACGG_1,4.486090593756169e-05
P2TLH_AGGGATGCAGCTATTG_1,4.485478819605277e-05
P3TLH_GTGCAGCGTAGCGTGA_1,4.483223728577899e-05
P3TLH_TGCGGGTGTTAGAACA_1,4.482794116184577e-05
P3TLH_ACTGCTCTCACAGGCC_1,4.4804650846268196e-05
P2TLH_TCTTTCCCACTTGGAT_1,4.478646872096761e-05
P5TLH_TTGAACGTCGCCGTGA_1,4.478118289510007e-05
P4TLH_GCTCTGTTCACCTTAT_1,4.472027470355701e-05
P5TLH_TGGCCAGTCAGGATCT_1,4.470604040200509e-05
P4TLH_TTTGTCAAGACTAAGT_1,4.46991058987938e-05
P3TLH_AGCTCTCCAACTTGAC_1,4.46798727936063e-05
P4TLH_AATCGGTTCGTCTGAA_1,4.466577262416553e-05
P3TLH_AGCTCTCCAGCTGTGC_1,4.464844767390534e-05
P2TLH_CCGTGGACACTTCGAA_1,4.4643990558263865e-05
P2TLH_ACGCCAGTCGATGAGG_1,4.462323296024203e-05
P3TLH_TACTTGTCAATGTTGC_1,4.4585062826515916e-05
P4TLH_GCATGCGGTGTGACGA_1,4.449374532848541e-05
P3TLH_TCAATCTAGGCGACAT_1,4.448229623928495e-05
P3TLH_GACTGCGTCTCGTATT_1,4.447120821449973e-05
P5TLH_TACTCGCAGGATTCGG_1,4.446106656984017e-05
P4TLH_CCTAGCTGTCTTCAAG_1,4.441731315163543e-05
P2TLH_AAATGCCAGTAAGTAC_1,4.4386426256979764e-05
P3TLH_CACATAGAGTGTCCCG_1,4.435209580861832e-05
P3TLH_CGATGGCCATTTGCCC_1,4.43420520198033e-05
P4TLH_CGGAGCTGTAAGGATT_1,4.4318300542751545e-05
P3TLH_ATCTGCCGTCGAGATG_1,4.431299918996257e-05
P3TLH_GGACAGAAGAGGTTGC_1,4.4292476484561275e-05
P2TLH_TCGGGACTCAAACCAC_1,4.4257083273024e-05
P5TLH_ATTGGACTCTTGTATC_1,4.4248559283448717e-05
P3TLH_TGGGAAGTCGGAAATA_1,4.4247029276412524e-05
P1TLH_AGGGATGCACGCTTTC_1,4.422707345127764e-05
P4TLH_CCTACCACAAGCGCTC_1,4.4217196127941125e-05
P5TLH_AAGTCTGCACAGACTT_1,4.421353319287196e-05
P2TLH_AACTCCCTCCAACCAA_1,4.4210730878998563e-05
P2TLH_ACCCACTTCTTGCCGT_1,4.419745727137621e-05
P5TLH_GGCTGGTAGCTCCTTC_1,4.418936476401266e-05
P3TLH_CATCCACGTAATTGGA_1,4.4103694198354624e-05
P2TLH_GGAAAGCGTTACCAGT_1,4.407541295010455e-05
P2TLH_CTAGAGTTCTTGTCAT_1,4.404593789788401e-05
P1TLH_CGGACTGCATGACATC_1,4.403596437099974e-05
P5TLH_CAGCAGCAGTAGCGGT_1,4.402767264050436e-05
P3TLH_TAGGCATAGACTACAA_1,4.399827737741145e-05
P4TLH_TAAGAGATCGCCATAA_1,4.398758177263891e-05
P1TLH_GGCGACTGTAGCGTCC_1,4.3941414785856966e-05
P2TLH_GAAATGAAGCAGGTCA_1,4.3902813352645455e-05
P5TLH_CGTGAGCGTAAACGCG_1,4.388510808745361e-05
P1TLH_CTCTACGTCGAGCCCA_1,4.385582868705257e-05
P3TLH_TCTGGAAGTTACGCGC_1,4.384513307199299e-05
P2TLH_CATCAGAAGTTACGGG_1,4.383999755728916e-05
P5TLH_CTGAAGTGTGCACTTA_1,4.380928357045273e-05
P5TLH_TCACGAACACGAGGTA_1,4.380283437214481e-05
P5TLH_GTCGGGTCAACAACCT_1,4.374640619920271e-05
P3TLH_CTCGAAAAGAGTCGGT_1,4.3745796592180235e-05
P1TLH_AAACCTGAGCAGCCTC_1,4.374042183505938e-05
P5TLH_TCAGGATGTTGGGACA_1,4.3735962776203346e-05
P1TLH_GACCTGGAGCGCTTAT_1,4.373283130185538e-05
P2TLH_GACGCGTAGCAGCCTC_1,4.3723071180762085e-05
P3TLH_TCAGGTAGTGGCTCCA_1,4.372113896167798e-05
P5TLH_CGTAGGCTCGTTACAG_1,4.3717807317684636e-05
P4TLH_GAGTCCGGTCAAAGAT_1,4.369843588075169e-05
P3TLH_TAGTTGGTCCTGTAGA_1,4.368233097485826e-05
P4TLH_ACCGTAAGTGTTGGGA_1,4.364795392394809e-05
P5TLH_GAGGTGATCACCGTAA_1,4.3637193320889654e-05
P5TLH_GGCCGATCACGCTTTC_1,4.361031522703272e-05
P1TLH_GACCAATCACCAGGTC_1,4.35973658644022e-05
P4TLH_GACAGAGAGATCACGG_1,4.358432475439352e-05
P5TLH_CATGGCGGTACTCAAC_1,4.3576457706152416e-05
P3TLH_GGGATGACATCGATTG_1,4.356936082426428e-05
P5TLH_TGCCCTAAGCACACAG_1,4.356769050727543e-05
P3TLH_ACACCAATCAGTTTGG_1,4.352948794684653e-05
P3TLH_AAGGTTCGTATCGCAT_1,4.349083809330749e-05
P5TLH_TGCTGCTAGTGGGCTA_1,4.3466647557307676e-05
P5TLH_GGAACTTCACGGTAGA_1,4.34281564116863e-05
P5TLH_AGAGTGGCAGGCGATA_1,4.342064317845449e-05
P3TLH_CTGTTTACAGTGGAGT_1,4.3361404610330246e-05
P2TLH_AGATTGCTCTGCGGCA_1,4.3358083759817205e-05
P5TLH_CCTCTGAGTCCATCCT_1,4.334411524142218e-05
P3TLH_GTGCTTCAGCAGATCG_1,4.3317853061170604e-05
P3TLH_ACTGCTCGTTCGGGCT_1,4.3210676770095126e-05
P3TLH_CCACGGATCTCTGTCG_1,4.3190403836404406e-05
P3TLH_GGACAGAGTCTCATCC_1,4.3173425032761084e-05
P4TLH_CAGTCCTCAAGAAAGG_1,4.316940915144639e-05
P1TLH_TGCGCAGTCACAATGC_1,4.3153350866358853e-05
P3TLH_CGCCAAGTCCCAACGG_1,4.3132792920543053e-05
P4TLH_CTGTGCTTCTCTGTCG_1,4.3116635038185874e-05
P2TLH_TTGGCAAAGTTAAGTG_1,4.3109461965709146e-05
P3TLH_GGGTTGCCATCTGGTA_1,4.306630455206229e-05
P5TLH_TGCTACCGTAGGCTGA_1,4.304102248524282e-05
P2TLH_TTTGTCAAGGTGTGGT_1,4.3022256903973114e-05
P2TLH_TGGCGCACATCCTTGC_1,4.3004525798589784e-05
P5TLH_TAGGCATTCCATGAAC_1,4.300447480151073e-05
P3TLH_AAGGTTCCAATGAAAC_1,4.2986035255544894e-05
P3TLH_CGTGTAATCAACTCTT_1,4.297654399814207e-05
P4TLH_CAGCATACACGAAGCA_1,4.293665065053688e-05
P3TLH_CACACAAAGTTAAGTG_1,4.292457337481311e-05
P3TLH_ATCTACTTCCCACTTG_1,4.291583936825155e-05
P5TLH_CTGTTTAAGACTAGAT_1,4.289069896370496e-05
P3TLH_TGGTTCCTCGAATCCA_1,4.2819823115809125e-05
P3TLH_CAGTCCTGTAAATACG_1,4.280104963584842e-05
P3TLH_GGCTGGTGTAAACACA_1,4.273769722301827e-05
P5TLH_ACGAGGAAGAAGGGTA_1,4.273219115781611e-05
P1TLH_GTGCGGTTCCCATTAT_1,4.2731050274033e-05
P3TLH_GTCCTCATCAGAGGTG_1,4.271937587802298e-05
P5TLH_CAAGTTGTCAAACGGG_1,4.271130923857639e-05
P1TLH_GTTCGGGGTTCCGTCT_1,4.263423479487548e-05
P5TLH_ACGATACAGGTTCCTA_1,4.2621193550462086e-05
P5TLH_GCAGTTATCTGGCGAC_1,4.262109073728663e-05
P2TLH_TTCTTAGGTAGGAGTC_1,4.2619050976045935e-05
P3TLH_TGTATTCGTCGTTGTA_1,4.261325014296295e-05
P1TLH_GAACATCCATCGACGC_1,4.261303501460509e-05
P1TLH_TCCACACCATAAAGGT_1,4.2602020890219015e-05
P5TLH_ACGGAGAGTTAAGAAC_1,4.252717525635715e-05
P5TLH_GACACGCAGTTTGCGT_1,4.252262867064126e-05
P4TLH_AACTTTCTCCAGAAGG_1,4.252240635049557e-05
P3TLH_GTGCATAGTTTGCATG_1,4.248444433911178e-05
P3TLH_GACAGAGAGGGATCTG_1,4.248359617505877e-05
P4TLH_GGCTGGTGTGTTAAGA_1,4.2378342949197476e-05
P1TLH_TGCTGCTCACATGGGA_1,4.2343967812602464e-05
P4TLH_TCTTCGGTCGCATGGC_1,4.23178032961145e-05
P3TLH_TACCTTAAGCCGTCGT_1,4.2312260009515563e-05
P5TLH_ATGCGATCAAGTTCTG_1,4.230881158246479e-05
P3TLH_CATGACACACGGCGTT_1,4.220631342705744e-05
P2TLH_ATAGACCTCGCAAGCC_1,4.220560712094725e-05
P2TLH_GCACATACAGTATGCT_1,4.2182423052084524e-05
P5TLH_ATTATCCGTCATATGC_1,4.2166178010996794e-05
P4TLH_GGATGTTTCCTAGGGC_1,4.215123169353896e-05
P3TLH_CCCAGTTAGCCTATGT_1,4.2085503114625564e-05
P3TLH_AAGTCTGTCAACACTG_1,4.208086441100881e-05
P4TLH_TTAGTTCGTACAGTGG_1,4.201026476122502e-05
P3TLH_CTTGGCTAGTCCCACG_1,4.200703096054274e-05
P3TLH_TAGTTGGTCATACGGT_1,4.199305778114099e-05
P3TLH_TCACAAGTCGACCAGC_1,4.1989048250382104e-05
P3TLH_TCTGGAATCCTCGCAT_1,4.1960873171966946e-05
P3TLH_CCGTGGACATCCTTGC_1,4.1956070187186435e-05
P5TLH_TCAGCAAAGCCCAACC_1,4.195499982934066e-05
P5TLH_GAATGAAGTCCGAAGA_1,4.195469946974092e-05
P2TLH_CTCGGGACAGACAGGT_1,4.194642996257058e-05
P5TLH_TCGGGACTCAACACTG_1,4.1934895072591784e-05
P2TLH_ACGATACAGATAGCAT_1,4.189314152256114e-05
P4TLH_TAAGTGCGTAACGACG_1,4.1892369212207944e-05
P5TLH_GACGTTAAGTTGAGAT_1,4.185829725994271e-05
P2TLH_TTGTAGGCAGCCTTGG_1,4.185656724845056e-05
P3TLH_GTGAAGGCAGGAATCG_1,4.184338834141883e-05
P5TLH_TGACTAGAGGATCGCA_1,4.181663992201693e-05
P3TLH_CGGACTGTCCTTTCGG_1,4.1759751479453986e-05
P3TLH_CACCACTTCGTAGATC_1,4.171633933715062e-05
P3TLH_TCATTTGGTATAGGGC_1,4.170835468721364e-05
P3TLH_AGTCTTTAGCACGCCT_1,4.1694518867115564e-05
P5TLH_TCGCGAGCAAGCTGGA_1,4.167924819046756e-05
P1TLH_CGTCAGGTCACGAAGG_1,4.1677678806580973e-05
P5TLH_CATATGGGTGAGTGAC_1,4.167497357687511e-05
P3TLH_TCAGGTAGTTGAGGTG_1,4.167392928715025e-05
P3TLH_CTCGTCAAGCTCCTTC_1,4.1671391745995616e-05
P5TLH_TGTGTTTAGAGTAATC_1,4.165992381056398e-05
P1TLH_ACAGCCGTCGGAGCAA_1,4.163192567176106e-05
P3TLH_CAACCTCTCAACGCTA_1,4.161375407533289e-05
P3TLH_CATGACAGTAAATACG_1,4.156042678734639e-05
P5TLH_GCATGATTCGTGGTCG_1,4.151527638063126e-05
P4TLH_GTGAAGGTCCACGCAG_1,4.150495255020596e-05
P3TLH_ATCATCTAGTCATCCA_1,4.150425483187128e-05
P3TLH_AGGGATGCATTTCAGG_1,4.1486083241374746e-05
P5TLH_ATCCACCCACAGGTTT_1,4.144705095483513e-05
P3TLH_CGTGTCTGTAGCGTCC_1,4.142130742544626e-05
P5TLH_GCGGGTTTCATTGCGA_1,4.14183053216171e-05
P1TLH_ATCGAGTTCACTTCAT_1,4.138484215963919e-05
P5TLH_TCAACGAGTACACCGC_1,4.131650251352719e-05
P3TLH_CCGTTCACACCCTATC_1,4.130567631062943e-05
P3TLH_GCAATCAAGGTTCCTA_1,4.1295558159022965e-05
P3TLH_TACTCATCATCCGTGG_1,4.129173864100351e-05
P5TLH_ACTATCTGTAGTGAAT_1,4.1244232793261176e-05
P5TLH_TACTCGCGTGTCTGAT_1,4.121274584445598e-05
P3TLH_TCTTCGGGTTCCCTTG_1,4.119926539197108e-05
P3TLH_CCATTCGAGTACTTGC_1,4.119739792244215e-05
P5TLH_CTGTTTACAAGCGCTC_1,4.118860998732785e-05
P3TLH_TGGCTGGAGAGGTTGC_1,4.117099452502018e-05
P3TLH_GGCCGATCAATGAAAC_1,4.105413697331349e-05
P1TLH_AGGCCGTTCGGCGCTA_1,4.0884371642213643e-05
P3TLH_TCTGAGACAGCCTGTG_1,4.0883619534636925e-05
P3TLH_ACTATCTCAGCGTCCA_1,4.0878267710272045e-05
P4TLH_ATTGGACTCCCTGACT_1,4.087497588111257e-05
P2TLH_CGAACATTCTGCTGTC_1,4.084416857864081e-05
P2TLH_TTTCCTCTCCGCAGTG_1,4.081209363014716e-05
P3TLH_AGCTCTCAGCTGGAAC_1,4.079427946034582e-05
P3TLH_GACCTGGGTCCTCTTG_1,4.078590330223819e-05
P2TLH_CGGTTAACACCAACCG_1,4.077973509171194e-05
P2TLH_TTCTACACAACCGCCA_1,4.074933011388463e-05
P4TLH_ACGATGTTCAGCTCGG_1,4.0747995129396314e-05
P3TLH_GACTGCGCAGGTCGTC_1,4.073845338669996e-05
P3TLH_AGAATAGTCGTACGGC_1,4.0726347930230135e-05
P5TLH_CCTCAGTTCTAACTCT_1,4.0719614062346796e-05
P3TLH_CTCTGGTTCTGTGCAA_1,4.0647386635384135e-05
P3TLH_GCTGCGAAGGATATAC_1,4.060020185588033e-05
P5TLH_GGGTCTGAGTCCAGGA_1,4.0594499366461937e-05
P2TLH_TACTCATCAGGGCATA_1,4.059313449439087e-05
P2TLH_CCACGGACATTACGAC_1,4.0584969995364314e-05
P4TLH_CTGCTGTGTGGACGAT_1,4.057133666486804e-05
P5TLH_CAGCTAACATTCACTT_1,4.052236692037728e-05
P3TLH_TACGGTACACCTATCC_1,4.0515993545246306e-05
P3TLH_CCGGTAGGTTCTCATT_1,4.048663561285769e-05
P4TLH_GTTCATTCACAGAGGT_1,4.0470215880775594e-05
P5TLH_TTGTAGGAGAGTCGGT_1,4.046870657249069e-05
P3TLH_TGTATTCGTATAGGGC_1,4.0446212281888545e-05
P2TLH_GCGGGTTTCCGTCATC_1,4.044289480077932e-05
P5TLH_CAGAATCGTGTTGAGG_1,4.0383391315284907e-05
P5TLH_TTTATGCGTATAGGGC_1,4.036529822090808e-05
P2TLH_CCCAGTTGTATGCTTG_1,4.033182187782526e-05
P2TLH_GTATTCTTCCTCTAGC_1,4.0325357894307436e-05
P3TLH_TACGGTAAGATGTTAG_1,4.0292984125711966e-05
P3TLH_ATCTGCCGTACATCCA_1,4.0270163611393075e-05
P1TLH_TCGGGACTCACCATAG_1,4.0258435010818227e-05
P4TLH_CTAATGGGTCATATCG_1,4.024405951245933e-05
P5TLH_CTAGCCTCAAGACACG_1,4.0220151255297896e-05
P3TLH_GTCACGGAGTATTGGA_1,4.0219416348204145e-05
P4TLH_CACACAATCCGAATGT_1,4.016183183596954e-05
P5TLH_AGACGTTTCGTGGTCG_1,4.0113329894931265e-05
P3TLH_ACGCAGCCACTTAACG_1,4.0015527170725485e-05
P1TLH_ACACCAAAGACAGACC_1,4.0011094285220914e-05
P3TLH_GCACTCTGTGCTCTTC_1,4.000618810805279e-05
P3TLH_ATTACTCGTACGCTGC_1,3.998690507641503e-05
P3TLH_CCTTCCCGTGCACCAC_1,3.99492707358134e-05
P3TLH_TGTTCCGCAGCAGTTT_1,3.9895985785408276e-05
P2TLH_GAAACTCAGAGTAAGG_1,3.985686343120991e-05
P5TLH_GTAGGCCAGATTACCC_1,3.9844363617129516e-05
P3TLH_GTAGTCAAGTAGGTGC_1,3.983620722806531e-05
P4TLH_GCGACCAGTTCCACGG_1,3.9829022653703364e-05
P3TLH_TACTTACGTACAGACG_1,3.981888182506642e-05
P2TLH_AACGTTGAGTAGCCGA_1,3.9798845787962474e-05
P3TLH_TTTGGTTAGTTCGCAT_1,3.979552310899803e-05
P3TLH_GCACATACACCGAAAG_1,3.978860930550608e-05
P3TLH_GCATGCGTCAGCAACT_1,3.9771159401061086e-05
P5TLH_GCAGTTATCGAGGTAG_1,3.9730383224872524e-05
P2TLH_GACTAACAGGAGCGTT_1,3.971514301405871e-05
P3TLH_AAATGCCCACGTCTCT_1,3.969388945411403e-05
P2TLH_CAGAGAGGTTGCCTCT_1,3.9688017271415435e-05
P5TLH_GCTCTGTCATGCTAGT_1,3.962603550982008e-05
P1TLH_TCAGCTCGTACAGACG_1,3.9625029904830776e-05
P3TLH_GGGCATCTCGTACCGG_1,3.9611640438916523e-05
P4TLH_CGTGTAAAGGATCGCA_1,3.960365754077975e-05
P5TLH_TAGAGCTCAATGGACG_1,3.9590735908250366e-05
P4TLH_CCTCAGTCATGGTAGG_1,3.958757176431768e-05
P5TLH_AGGGAGTGTATTACCG_1,3.954480520383787e-05
P2TLH_TACTTACTCAACACCA_1,3.953761625103926e-05
P3TLH_TGCACCTCAACGATGG_1,3.952375969265932e-05
P5TLH_TCCCGATCAGCAGTTT_1,3.9509443034073536e-05
P5TLH_ACGGCCAAGTCCGGTC_1,3.947425954999307e-05
P1TLH_AGATCTGCACCTCGTT_1,3.947342856217719e-05
P4TLH_CCTATTAGTACTTCTT_1,3.9471543591492195e-05
P3TLH_CCACCTAGTTCAGACT_1,3.9446733977150164e-05
P2TLH_CATCAAGGTGATGTGG_1,3.9445359207275435e-05
P2TLH_CCTAGCTCATATACCG_1,3.943678497532458e-05
P4TLH_GCATGTATCTGGGCCA_1,3.940838257061386e-05
P3TLH_CGAGCACCAAGCTGTT_1,3.940737219538579e-05
P5TLH_GTTCGGGGTCTTGTCC_1,3.9356818551700644e-05
P3TLH_CAAGTTGGTAGGGACT_1,3.934279023741041e-05
P4TLH_AGCGTCGCACCGCTAG_1,3.931050224205723e-05
P5TLH_ATTACTCGTATGCTTG_1,3.930000312958834e-05
P3TLH_GTGCAGCCACGGCGTT_1,3.92616864120224e-05
P5TLH_CGATGTATCACTTATC_1,3.9237253625656864e-05
P3TLH_TTATGCTTCCTTCAAT_1,3.9213933521498966e-05
P3TLH_TGCCCATTCTGCGTAA_1,3.920697742034547e-05
P3TLH_CGTCCATTCAAGGCTT_1,3.9175345268787746e-05
P3TLH_GCCTCTAGTACCGAGA_1,3.91565451198792e-05
P3TLH_GCAGCCAAGAAGAAGC_1,3.914233862272364e-05
P3TLH_CTCGTACGTATTCTCT_1,3.914052604120182e-05
P2TLH_GGATGTTCACTAGTAC_1,3.9115670176355594e-05
P5TLH_TGAGCCGCATCCGGGT_1,3.908109033847407e-05
P5TLH_TATTACCCAGCCTTTC_1,3.905386979144845e-05
P2TLH_CGGCTAGAGCTAAACA_1,3.89816348720045e-05
P3TLH_GTCAAGTCATAGTAAG_1,3.8978566386832215e-05
P3TLH_TATCTCAAGACACTAA_1,3.893065085449895e-05
P2TLH_AGGGATGCATTACGAC_1,3.889731612346947e-05
P2TLH_CATATGGAGGTGCTTT_1,3.885574086798144e-05
P4TLH_CCTAGCTCATTCCTCG_1,3.8830904669637304e-05
P2TLH_GCGGGTTGTCTAGTGT_1,3.8824669263700584e-05
P5TLH_CAACCAACACTGTTAG_1,3.8820611128720055e-05
P5TLH_AAAGATGAGCGGCTTC_1,3.880642609773513e-05
P3TLH_AGCGGTCCATTGGGCC_1,3.880467250718659e-05
P2TLH_GTACTTTTCTACCTGC_1,3.877855011809709e-05
P5TLH_GGACATTGTCCGAACC_1,3.874701834411565e-05
P5TLH_TTTACTGAGCTGCCCA_1,3.8725073801050204e-05
P3TLH_CCTTTCTGTTAAGTAG_1,3.870143804839275e-05
P3TLH_TTGCCGTTCGATGAGG_1,3.866797788994003e-05
P4TLH_GCTTGAACAAGTAGTA_1,3.866415138488092e-05
P4TLH_GCAGTTACAGCAGTTT_1,3.866097706635574e-05
P3TLH_AACTCAGTCATGTAGC_1,3.862071932350213e-05
P5TLH_TGGTTAGTCCGAACGC_1,3.853921348379671e-05
P3TLH_AGCAGCCCAAGGTGTG_1,3.8529306153561605e-05
P3TLH_ACGTCAAAGCTCAACT_1,3.850722019399279e-05
P1TLH_TAAGAGACATCGGTTA_1,3.848712267757285e-05
P5TLH_TGGTTCCGTATTCGTG_1,3.8481348715023233e-05
P5TLH_CAGCAGCCAGACTCGC_1,3.8479043657102946e-05
P3TLH_TAAACCGCAGACGCCT_1,3.846361576251483e-05
P1TLH_TGCCCTAGTACACCGC_1,3.844139198562794e-05
P5TLH_CAGCCGACAGGCGATA_1,3.8438317793210055e-05
P5TLH_AGAGTGGGTATGAAAC_1,3.842166127037752e-05
P2TLH_CGGAGCTAGAAACCGC_1,3.838218211959335e-05
P2TLH_CACAGTACACGAAACG_1,3.837996818860902e-05
P4TLH_ATGAGGGTCGGAATCT_1,3.837177955299048e-05
P4TLH_GCGCAACAGTCGATAA_1,3.832081006086684e-05
P3TLH_CAACTAGTCGCCTGTT_1,3.8319414648092016e-05
P5TLH_TGAGAGGGTGTGAAAT_1,3.82517815356093e-05
P3TLH_TTGTAGGAGTGTCCAT_1,3.8223799534152104e-05
P3TLH_TCAACGATCACATAGC_1,3.8158777486709396e-05
P5TLH_GCTCTGTGTCTCGTTC_1,3.813490107213278e-05
P1TLH_CCTTTCTAGTCTCAAC_1,3.812825372789873e-05
P3TLH_TTTACTGAGATCCGAG_1,3.812558591564574e-05
P5TLH_CTAACTTAGCTACCGC_1,3.812362874010069e-05
P3TLH_CCAGCGACAGTCTTCC_1,3.812275875141217e-05
P5TLH_CCTCAGTGTCCGCTGA_1,3.809783253614227e-05
P5TLH_CTCACACGTAGAGGAA_1,3.8095234758128275e-05
P2TLH_AGAGCGAGTGCCTGCA_1,3.807182288030565e-05
P5TLH_TCGCGTTGTGGTCTCG_1,3.806482652181686e-05
P3TLH_TCGCGTTCAAGTCTGT_1,3.7987850148280096e-05
P3TLH_TTTGCGCTCGCCATAA_1,3.797556592069579e-05
P3TLH_AGAGTGGGTCAGAGGT_1,3.7965994700361304e-05
P5TLH_GCATACATCTAACTGG_1,3.7962837730505476e-05
P5TLH_TGTATTCCACGAGAGT_1,3.793556859581559e-05
P4TLH_AGAGCGACAAAGGTGC_1,3.7935192407664395e-05
P3TLH_AGGTCATGTAACGCGA_1,3.785333753031066e-05
P3TLH_CGAATGTTCGGTTAAC_1,3.783891965484032e-05
P1TLH_ATTATCCGTGACTCAT_1,3.782703410250864e-05
P4TLH_ACACTGAAGACCACGA_1,3.780281870339768e-05
P1TLH_CTACATTGTGTCAATC_1,3.778416623563423e-05
P3TLH_TGGGAAGGTCTAGAGG_1,3.773076778344783e-05
P3TLH_CATATGGTCTCTGTCG_1,3.772905833833012e-05
P5TLH_CACAAACAGCCAGTAG_1,3.772674027356131e-05
P5TLH_CACCACTAGAGACTAT_1,3.7714879133981764e-05
P3TLH_GCATGATCACTGCCAG_1,3.771444001796652e-05
P5TLH_TGGGAAGCATGCAACT_1,3.769581329804533e-05
P5TLH_CTAAGACTCATGCAAC_1,3.7641945871493476e-05
P3TLH_AAAGTAGAGAGGACGG_1,3.7615156731942784e-05
P5TLH_GCGACCACAGATTGCT_1,3.760142753895979e-05
P1TLH_CACATAGCAAAGTGCG_1,3.7593799011652195e-05
P5TLH_CAGAATCCAGCCTATA_1,3.757722641565237e-05
P5TLH_TGGCCAGAGGAATTAC_1,3.7556825325563985e-05
P3TLH_GATCGTAAGCACAGGT_1,3.75479266116815e-05
P5TLH_GCAATCAAGATATGCA_1,3.754052664046731e-05
P3TLH_ACATCAGCAGTATGCT_1,3.748969635549706e-05
P5TLH_CCGGTAGGTCTGATCA_1,3.7486756653759695e-05
P3TLH_CACACTCTCTGGGCCA_1,3.747409329154984e-05
P3TLH_AGCCTAACAGTACACT_1,3.745475970036226e-05
P2TLH_CGATTGACACCTTGTC_1,3.7441124492929586e-05
P3TLH_GCTCCTAAGATATACG_1,3.742353183756181e-05
P5TLH_CCTAAAGTCGATCCCT_1,3.7406017145449246e-05
P2TLH_TACTTACCACTGAAGG_1,3.736408314980535e-05
P5TLH_GTCATTTGTTATCCGA_1,3.7362766268482896e-05
P5TLH_GTTCTCGTCACAACGT_1,3.7312432237387936e-05
P5TLH_CTGATCCCAATACGCT_1,3.72735999906854e-05
P2TLH_AGTGGGAAGGCTACGA_1,3.727151582854108e-05
P1TLH_TCGCGAGTCACTTACT_1,3.7239022308811e-05
P5TLH_CGGTTAACACTGTCGG_1,3.723532422526953e-05
P3TLH_ATGCGATCATCCCACT_1,3.7215998269589484e-05
P3TLH_GCAAACTGTCTAGCCG_1,3.7213963164247615e-05
P5TLH_CTGATAGAGCGCTTAT_1,3.721060173685225e-05
P2TLH_CTACGTCGTAGTAGTA_1,3.72001168768661e-05
P5TLH_AAAGTAGCAAGGTTCT_1,3.71996220414981e-05
P1TLH_CGTAGCGCACAAGACG_1,3.71967343752552e-05
P3TLH_GATCTAGGTCAACATC_1,3.714225093479908e-05
P5TLH_TACCTATTCTTCCTTC_1,3.713329840114622e-05
P3TLH_ACACCGGGTCTAAACC_1,3.7124783397159926e-05
P3TLH_CAACCAATCCAGATCA_1,3.711544852299808e-05
P2TLH_GCCTCTAGTCTCTTTA_1,3.710678182774375e-05
P5TLH_CCCATACGTTGTGGCC_1,3.7054275090532494e-05
P4TLH_GCATGTACATGTCTCC_1,3.704254230998398e-05
P2TLH_CTCGTACCACGGCCAT_1,3.704190034903848e-05
P1TLH_CCGTGGAAGTGTTGAA_1,3.7041400432764184e-05
P3TLH_AGCCTAACAGTGGGAT_1,3.703499185435897e-05
P5TLH_CAACTAGCAGATCGGA_1,3.701069793173887e-05
P4TLH_CTTACCGTCTTGTATC_1,3.6998770627011965e-05
P3TLH_CCCAATCAGAGATGAG_1,3.698326423844532e-05
P5TLH_AGTTGGTGTTCAGTAC_1,3.69558136497118e-05
P3TLH_CACTCCATCGGTTAAC_1,3.693801180727961e-05
P3TLH_ATCATGGCAGTACACT_1,3.693160880266102e-05
P3TLH_GCTGCTTCATGTAGTC_1,3.690399084035501e-05
P5TLH_CGGGTCATCTCGCTTG_1,3.690326470183969e-05
P5TLH_ATTGGTGGTTGTCGCG_1,3.686224654454874e-05
P3TLH_GAAATGACACGACGAA_1,3.683568746995249e-05
P3TLH_CTCGTACCACTCTGTC_1,3.675559858032475e-05
P2TLH_CATATGGAGGATGGAA_1,3.674297465348567e-05
P2TLH_GAGGTGACAGACTCGC_1,3.673180572987424e-05
P3TLH_CAGTCCTCATTCACTT_1,3.6731518692379064e-05
P4TLH_CGGGTCAAGAAGCCCA_1,3.6702256927578756e-05
P3TLH_GCTGGGTGTCTTTCAT_1,3.664914284250448e-05
P1TLH_TTCGGTCTCCTCCTAG_1,3.6649129450508914e-05
P2TLH_GCTCTGTGTAAGAGAG_1,3.66457053639332e-05
P3TLH_CTCTAATGTCCGACGT_1,3.664489066290205e-05
P2TLH_AGTGGGAAGGGAACGG_1,3.6569247009901115e-05
P3TLH_CTCGGGACATATGAGA_1,3.656901485272715e-05
P3TLH_TAGACCAGTTTAAGCC_1,3.656134711805821e-05
P3TLH_TGGCCAGTCTTTACAC_1,3.654880541199359e-05
P5TLH_CTCCTAGTCGAATCCA_1,3.650221697434736e-05
P4TLH_TATGCCCGTTTGTTTC_1,3.64924928806311e-05
P2TLH_ACACCCTGTGTGTGCC_1,3.645678738396168e-05
P1TLH_CACCACTAGTCTCGGC_1,3.6439452065647037e-05
P3TLH_GGGATGATCCTAGAAC_1,3.6431382643787496e-05
P5TLH_CAGTCCTCACAGGTTT_1,3.639233103014465e-05
P3TLH_GTTCGGGCAGACAGGT_1,3.6346652237132705e-05
P2TLH_AGAATAGTCTCGCTTG_1,3.633851371354857e-05
P3TLH_GTGAAGGGTCCTCTTG_1,3.628951547163516e-05
P5TLH_CCTTCCCGTTCAGGCC_1,3.62888437484385e-05
P4TLH_CATTCGCCATACTACG_1,3.62824198344039e-05
P3TLH_CTTTGCGAGTCAATAG_1,3.6263944340669676e-05
P2TLH_TCCCGATGTTGTCTTT_1,3.626353012690663e-05
P1TLH_ACATGGTGTCATCGGC_1,3.624812669321785e-05
P3TLH_AAGGAGCGTTGATTCG_1,3.6217890393356216e-05
P1TLH_CTCGAGGTCGGAAATA_1,3.619715767101188e-05
P3TLH_GAGGTGACAAGAAGAG_1,3.6170348825386844e-05
P1TLH_GGGACCTGTTTCCACC_1,3.616916176309567e-05
P3TLH_GTCACGGCAGATCGGA_1,3.6165157507808056e-05
P5TLH_CATGCCTAGCCAGTTT_1,3.612434409496006e-05
P5TLH_TAGTGGTTCGGTTCGG_1,3.611420619151904e-05
P4TLH_AGGTCCGTCGATGAGG_1,3.609771852843209e-05
P5TLH_AGGGTGAAGGCTACGA_1,3.6085889501405655e-05
P1TLH_GACCTGGGTTAAAGAC_1,3.606665961971382e-05
P4TLH_TCAGGTAAGGATGTAT_1,3.604089703253035e-05
P3TLH_CTAGCCTGTCTGGTCG_1,3.599488763980905e-05
P5TLH_TCAGCAATCATGTCTT_1,3.597126393894375e-05
P3TLH_TCCACACAGCTAACTC_1,3.595513063537819e-05
P4TLH_CACACCTTCGGCGCAT_1,3.594524849626187e-05
P3TLH_GCATACACAAATACAG_1,3.5840660857767715e-05
P3TLH_GTAACTGTCCTAGTGA_1,3.583815450912638e-05
P5TLH_ACTGAGTAGAGACTTA_1,3.583251939477811e-05
P4TLH_CCTCAGTCATATGGTC_1,3.582258151369406e-05
P3TLH_CAGGTGCCATAACCTG_1,3.5814517788031336e-05
P4TLH_GGTGAAGAGTAGCCGA_1,3.574601989586968e-05
P4TLH_CAGTCCTAGGACATTA_1,3.571764748643252e-05
P4TLH_GCAAACTTCTTGAGAC_1,3.570088178336697e-05
P4TLH_GCTGCGATCACATGCA_1,3.5696376316527526e-05
P3TLH_CGCGTTTAGATCACGG_1,3.569090491076322e-05
P4TLH_ATTATCCCATGCCTAA_1,3.562029307069088e-05
P2TLH_TTTATGCCACCACCAG_1,3.5613211229643e-05
P3TLH_AGCTTGAAGAGTTGGC_1,3.5574456064802794e-05
P5TLH_GGCGACTCACCGGAAA_1,3.556894417051009e-05
P5TLH_AGCGGTCGTATAATGG_1,3.5560452786420586e-05
P3TLH_TCAGGTAAGTTTAGGA_1,3.554300519066577e-05
P5TLH_CTCTAATGTACCGGCT_1,3.5537109111260895e-05
P5TLH_CCTTCGAGTGACGCCT_1,3.550553855313528e-05
P3TLH_GGGCACTAGAGCTGGT_1,3.5486829855083406e-05
P1TLH_TACTCATCACGCTTTC_1,3.547376768954428e-05
P5TLH_TAGACCACATCCCATC_1,3.547216333245479e-05
P3TLH_ATCCGAAAGCGTGTCC_1,3.5462728819830496e-05
P2TLH_AGTAGTCCAAGCTGAG_1,3.545345077193176e-05
P5TLH_CTAGCCTTCACCACCT_1,3.543552051995918e-05
P5TLH_GGCTCGAAGGTGACCA_1,3.5419453946525776e-05
P3TLH_GGCGTGTGTTCAACCA_1,3.5411387373563196e-05
P1TLH_CGTGTAACATCCAACA_1,3.53836039968129e-05
P5TLH_TTGGCAATCTGAGGGA_1,3.5378762692205994e-05
P3TLH_CATCCACTCGTACGGC_1,3.533707390465377e-05
P3TLH_GATCGATCACAAGCCC_1,3.531372828440004e-05
P3TLH_CCTAGCTTCAGCACAT_1,3.5313110331405544e-05
P2TLH_ATTGGTGGTATAAACG_1,3.5305543253119656e-05
P3TLH_GGCGTGTTCTCTAGGA_1,3.529482802243373e-05
P2TLH_TCTCATACAAACAACA_1,3.523226922606979e-05
P3TLH_AATCCAGTCCGCGCAA_1,3.5211781693174395e-05
P1TLH_AGCGGTCAGATATGCA_1,3.520980744083299e-05
P2TLH_GTCACGGGTAGTAGTA_1,3.52021343200993e-05
P1TLH_AACACGTCATTAACCG_1,3.5191174334526384e-05
P5TLH_TGGCTGGAGATTACCC_1,3.516740388976831e-05
P3TLH_GCAAACTAGAACAACT_1,3.516437844157533e-05
P4TLH_CATATGGTCTGGGCCA_1,3.5163771328458104e-05
P3TLH_CCGTTCAAGTGCTGCC_1,3.515071211458925e-05
P3TLH_GGAACTTTCCTTCAAT_1,3.514126575032905e-05
P4TLH_TGAGAGGAGACCTTTG_1,3.508156568979895e-05
P5TLH_ATGAGGGAGGAACTGC_1,3.5080260919541015e-05
P3TLH_CTCGGGACATACCATG_1,3.506196365195638e-05
P3TLH_CGGACTGCAAACTGCT_1,3.502522185856738e-05
P4TLH_ATAAGAGTCGTTGCCT_1,3.502238855819121e-05
P4TLH_CTCGAAATCTTAGAGC_1,3.495849723488528e-05
P3TLH_CTAAGACCAAGCCCAC_1,3.49467508134545e-05
P3TLH_ACACCGGAGACTGGGT_1,3.4912665781175085e-05
P4TLH_AAACCTGAGACCACGA_1,3.488318399326136e-05
P2TLH_GGCGTGTCAATGCCAT_1,3.487158929882312e-05
P2TLH_ACTTTCACAATGGACG_1,3.4870202507926535e-05
P5TLH_GTTAAGCAGAGTAAGG_1,3.486629807375474e-05
P3TLH_CGACCTTGTAAGAGAG_1,3.486244350401737e-05
P3TLH_ATTGGACGTAAAGGAG_1,3.484438970156848e-05
P4TLH_ACGGCCATCGCGTTTC_1,3.484354931671822e-05
P3TLH_ATTACTCAGAGTGACC_1,3.4838021880530686e-05
P5TLH_TCAGGTATCCAATGGT_1,3.477303478636134e-05
P3TLH_AGGCCACAGTGTTAGA_1,3.4721064644250336e-05
P4TLH_ATTTCTGGTGGTAACG_1,3.46872957717048e-05
P3TLH_GAACATCCATCTCGCT_1,3.465013491657684e-05
P3TLH_AGGCCGTTCAACACTG_1,3.4644817738279416e-05
P3TLH_CGGAGTCTCGTCCAGG_1,3.463092667701575e-05
P3TLH_CACATAGAGCAGATCG_1,3.463036291326623e-05
P3TLH_CATCGGGTCGAATGCT_1,3.4625259972843743e-05
P2TLH_GATGAAACACACATGT_1,3.460891823973354e-05
P3TLH_TACGGGCAGTGTACCT_1,3.460712688601761e-05
P5TLH_GTTACAGTCAGTTCGA_1,3.455448525784155e-05
P2TLH_TTTCCTCTCTTATCTG_1,3.449187185416187e-05
P5TLH_CGGAGTCAGTGCAAGC_1,3.4485529594143414e-05
P3TLH_AGGTCATTCGGCGCAT_1,3.444647452005631e-05
P2TLH_AAACGGGAGCGAGAAA_1,3.444452692461081e-05
P3TLH_TGCCCTATCATAGCAC_1,3.4441388517874134e-05
P5TLH_CTAATGGAGAGTGAGA_1,3.443543410849176e-05
P3TLH_GGATTACGTCTAGGTT_1,3.441983706145821e-05
P4TLH_AACTCAGTCTGTGCAA_1,3.439839786816083e-05
P2TLH_GACGGCTGTCCTCTTG_1,3.439243819241125e-05
P2TLH_CTAACTTGTATGCTTG_1,3.4332459176564436e-05
P3TLH_GCATGCGCAGCCTTGG_1,3.430533562561659e-05
P5TLH_GAAGCAGAGAGCTTCT_1,3.4294401868269884e-05
P2TLH_TTGCCGTCATCTATGG_1,3.4271885753260524e-05
P3TLH_TAAGCGTAGCGCCTCA_1,3.425918267239261e-05
P3TLH_CGAACATAGCTCCTCT_1,3.425778263809338e-05
P5TLH_GGCTGGTTCATACGGT_1,3.422814062021081e-05
P1TLH_GTTAAGCAGGCACATG_1,3.422745118757321e-05
P5TLH_CTCTAATGTAATCGTC_1,3.4209725262745345e-05
P4TLH_TCTATTGCACTTAAGC_1,3.419621177271117e-05
P4TLH_ATCATGGAGAGAGCTC_1,3.418723171464546e-05
P5TLH_GGATGTTAGAGCCTAG_1,3.417966115303496e-05
P2TLH_ACTATCTGTCGGCTCA_1,3.417797192753907e-05
P3TLH_CTTTGCGGTTACGGAG_1,3.4174889107389046e-05
P3TLH_GTTTCTACACCTCGGA_1,3.4168511781766524e-05
P3TLH_TATCTCATCAAGATCC_1,3.415990589938192e-05
P3TLH_TGGACGCAGCGAAGGG_1,3.413921624437965e-05
P3TLH_CAGTCCTGTGGTGTAG_1,3.4103646379521985e-05
P1TLH_GGATTACAGCGTAGTG_1,3.409978672611833e-05
P5TLH_GTATCTTAGACCCACC_1,3.408631663537551e-05
P5TLH_CAAGATCGTGTTAAGA_1,3.407534994326372e-05
P5TLH_CGATCGGAGCGTAATA_1,3.404904140777283e-05
P1TLH_CTGATAGAGGTAGCCA_1,3.4026488611873356e-05
P3TLH_ACTTGTTAGCTGTTCA_1,3.4006234191929825e-05
P3TLH_GGACGTCCAAGAGGCT_1,3.400139536501382e-05
P3TLH_TGAGCCGGTGATGTCT_1,3.397444698665243e-05
P1TLH_CTACACCGTGCTCTTC_1,3.3956523017352583e-05
P1TLH_GCTTGAAGTCGCGGTT_1,3.388681925065926e-05
P3TLH_TACTCATAGCCCAGCT_1,3.385504703197062e-05
P3TLH_CTTAGGAAGTTACGGG_1,3.3827304091499384e-05
P2TLH_ACTGATGGTTGCGCAC_1,3.38260840838157e-05
P3TLH_TTGCGTCGTCAACATC_1,3.3825972193996547e-05
P5TLH_GTAACTGAGTGTCCCG_1,3.3764394036000644e-05
P3TLH_TACGGATAGTGATCGG_1,3.373143020391833e-05
P4TLH_GTTCATTTCAGCAACT_1,3.370929081444485e-05
P5TLH_CAGTCCTCATCACAAC_1,3.370384471008983e-05
P5TLH_CCCAATCGTCCATGAT_1,3.3656327869879044e-05
P1TLH_GGACGTCGTCTTCTCG_1,3.36450500337291e-05
P1TLH_CACCACTGTACGCTGC_1,3.3640523763882596e-05
P4TLH_GCTGCGATCTGCTGTC_1,3.3632031906001115e-05
P2TLH_CGGACGTTCATCGCTC_1,3.362265129933819e-05
P4TLH_GATGAAAGTGTGAAAT_1,3.3600031930981944e-05
P2TLH_TGGTTAGCAAGTCATC_1,3.3599347406567186e-05
P5TLH_GATCGATCACACCGAC_1,3.3592127480786106e-05
P2TLH_GCTGCTTCATACTCTT_1,3.357410765971996e-05
P5TLH_TGGCTGGGTCTGCAAT_1,3.357227632747424e-05
P3TLH_AAATGCCGTGACAAAT_1,3.357136116803828e-05
P2TLH_ACGCCAGGTAGCTCCG_1,3.3570099660812594e-05
P3TLH_AGCTCTCCACATTTCT_1,3.356645600542037e-05
P4TLH_CTGAAGTTCCTCAACC_1,3.353483167121057e-05
P3TLH_CCACTACTCTGTCTAT_1,3.35294580835283e-05
P2TLH_CGTCAGGCATTGGTAC_1,3.3478408755566355e-05
P3TLH_TCAACGAAGGTGCTAG_1,3.3449488633776505e-05
P3TLH_GTAGGCCGTGGAAAGA_1,3.3442699969194744e-05
P4TLH_TGACGGCAGGAGTCTG_1,3.339904338136492e-05
P5TLH_CCCATACAGACAGAGA_1,3.3390120935610935e-05
P3TLH_CCGGGATCACCACCAG_1,3.3353826291644953e-05
P4TLH_CGTAGGCCACACAGAG_1,3.331923139652606e-05
P3TLH_TCGCGAGCACACCGCA_1,3.3313690498145625e-05
P2TLH_GGACAAGAGTTAAGTG_1,3.329996830159037e-05
P3TLH_CTCGAGGGTCACTGGC_1,3.324171473796224e-05
P5TLH_TACGGGCGTAGCTGCC_1,3.320285973223157e-05
P4TLH_AAGACCTAGGCTAGCA_1,3.317098606362666e-05
P5TLH_GGCAATTGTGTATGGG_1,3.316659494268334e-05
P1TLH_AGCTCTCGTTACCGAT_1,3.316060082466708e-05
P5TLH_GGGCATCCATTACCTT_1,3.3147565578003626e-05
P1TLH_CCCAATCGTGAACCTT_1,3.314688019738368e-05
P5TLH_TAGAGCTTCTCATTCA_1,3.311109855597459e-05
P1TLH_TTAACTCCAAAGTCAA_1,3.3106422305854e-05
P4TLH_TACAGTGAGTTGCAGG_1,3.310398063399025e-05
P3TLH_GATCTAGCACGCCAGT_1,3.3100720212461316e-05
P5TLH_GGGAGATAGACTTGAA_1,3.308419025105022e-05
P3TLH_CCGGTAGGTCTCCATC_1,3.308353171440099e-05
P4TLH_CGCGTTTGTCGAGTTT_1,3.3078870517847955e-05
P3TLH_CCATTCGGTCAGTGGA_1,3.306865337991981e-05
P2TLH_TAGAGCTCAAACTGCT_1,3.305455996729638e-05
P5TLH_GTTAAGCTCCTCAATT_1,3.3024273669108053e-05
P5TLH_GCGCAGTTCCATTCTA_1,3.300341165433071e-05
P3TLH_TTGCCGTGTCGCCATG_1,3.2982206217609676e-05
P1TLH_TATTACCCACAAGCCC_1,3.297625280592506e-05
P3TLH_TTTGTCATCTTACCGC_1,3.295436888468831e-05
P2TLH_CAACCTCCACCGATAT_1,3.295052841879198e-05
P5TLH_ACAGCCGTCCTGTACC_1,3.2950449012803685e-05
P4TLH_CATGACAAGCCGCCTA_1,3.29446615798857e-05
P5TLH_TACGGGCCAGGAACGT_1,3.293665458515499e-05
P2TLH_GGACGTCAGTGTACTC_1,3.2866543136623845e-05
P4TLH_TATTACCGTTGGTTTG_1,3.284950836153754e-05
P4TLH_AGTGGGAAGTGTCCAT_1,3.2821656192779675e-05
P2TLH_CTAAGACTCATTCACT_1,3.281350405462485e-05
P5TLH_TGCGCAGAGTGTGAAT_1,3.2806216709397976e-05
P2TLH_CTCGAAAAGATGTGGC_1,3.2804339832731e-05
P1TLH_CATCAGAGTACAGTGG_1,3.2788546763370485e-05
P4TLH_GGCTCGATCAACTCTT_1,3.27874996902041e-05
P3TLH_AGCGTATAGCTAGGCA_1,3.2776707193129814e-05
P3TLH_CTCACACGTACGCTGC_1,3.275031843194852e-05
P3TLH_CCTTCCCTCATCGCTC_1,3.2749495760516435e-05
P3TLH_TTGCGTCAGTGTTTGC_1,3.27373265242118e-05
P3TLH_CAGAGAGAGACCCACC_1,3.273653566347335e-05
P1TLH_TCGGGACTCCGAAGAG_1,3.271798045725837e-05
P3TLH_TGCGCAGGTTCGCGAC_1,3.270959460955822e-05
P2TLH_GACGTGCTCACTCTTA_1,3.2705182313246036e-05
P2TLH_ATAAGAGGTCTGCGGT_1,3.270048401083098e-05
P3TLH_GCGCAACAGCGATCCC_1,3.269955021118649e-05
P5TLH_GCGCCAAGTTGATTGC_1,3.268082162388149e-05
P4TLH_GCTGCAGAGATTACCC_1,3.268051375071913e-05
P4TLH_TTGGCAATCATTGCGA_1,3.261852401375639e-05
P3TLH_AGAGTGGGTCACTGGC_1,3.2568875050675336e-05
P4TLH_CGATCGGCAAGAGGCT_1,3.252832624372254e-05
P3TLH_GCAAACTAGGGATGGG_1,3.2512357840357324e-05
P4TLH_CCAGCGAGTTCGGCAC_1,3.250629309587909e-05
P5TLH_CAACTAGGTTCTGAAC_1,3.250339720282547e-05
P3TLH_AAATGCCGTTGTACAC_1,3.2499930329547674e-05
P2TLH_CGGACACTCACCGGGT_1,3.249584130598356e-05
P3TLH_GGATGTTCACGGCGTT_1,3.248540098125235e-05
P3TLH_AGTGTCAAGCTCTCGG_1,3.247648542676976e-05
P5TLH_TGACGGCTCAGGATCT_1,3.2475655468796024e-05
P3TLH_GCGCAGTTCGATCCCT_1,3.247311740636941e-05
P4TLH_ACACCGGGTACTTGAC_1,3.245465935989088e-05
P2TLH_CCCATACGTTCGCTAA_1,3.245151773459987e-05
P5TLH_GTCTCGTCACGCCAGT_1,3.2446548252799416e-05
P3TLH_ATGAGGGGTCATATCG_1,3.2438633129850945e-05
P2TLH_ACGCCGACAATGTAAG_1,3.240990118054317e-05
P4TLH_ACACCAAGTGGTGTAG_1,3.23934857096916e-05
P2TLH_AACCGCGCAACTGCTA_1,3.2376270205395795e-05
P3TLH_GATGAGGAGAACAACT_1,3.232529648862001e-05
P1TLH_CATCCACCATGAAGTA_1,3.230925281396678e-05
P5TLH_CCAGCGACAGTCCTTC_1,3.229271869059468e-05
P5TLH_ATCTACTAGACCTTTG_1,3.226608546917741e-05
P5TLH_GCTTCCACAGTAACGG_1,3.226498909403686e-05
P4TLH_CGTTCTGAGAGTGAGA_1,3.2260257973157775e-05
P5TLH_CTTAACTGTGCAACTT_1,3.224667276154391e-05
P4TLH_GGAACTTCATGACATC_1,3.220994521163464e-05
P5TLH_TGCTACCCATCTCGCT_1,3.2208503460115076e-05
P3TLH_ATCGAGTGTTTACTCT_1,3.2176045275112386e-05
P3TLH_CCTCTGAGTAACGCGA_1,3.216924580614507e-05
P4TLH_CATCGGGCATTCTTAC_1,3.212150999910276e-05
P3TLH_CGATCGGTCTAACTCT_1,3.212142850977049e-05
P3TLH_CCGTACTCAGAGTGTG_1,3.2083569869105305e-05
P5TLH_TCTCTAAAGCAACGGT_1,3.2081253297638486e-05
P5TLH_ATTACTCTCTACTCAT_1,3.204159563450695e-05
P4TLH_TACCTTAAGCCACGTC_1,3.2026954801528634e-05
P1TLH_TCCCGATAGAACAACT_1,3.2006927129970925e-05
P3TLH_GTTAAGCAGAACAACT_1,3.1960763357668017e-05
P3TLH_AAGACCTGTGTAACGG_1,3.195457137428159e-05
P3TLH_CTCTACGGTAGAGCTG_1,3.190870605942759e-05
P3TLH_CATTATCTCTCGTATT_1,3.189147734505178e-05
P5TLH_CTGCTGTTCAGATAAG_1,3.189020448072781e-05
P3TLH_TTGCCGTGTTGCTCCT_1,3.188773894022172e-05
P3TLH_CTTCTCTTCTAGAGTC_1,3.18442002347853e-05
P4TLH_CTTAGGAGTTTGTTGG_1,3.181975502859226e-05
P1TLH_CTACACCCAAGTAATG_1,3.181571758321614e-05
P4TLH_GTCATTTAGAGCTGCA_1,3.180173704025142e-05
P5TLH_CGTCAGGTCTATCCCG_1,3.179376474041475e-05
P3TLH_TACTTACCAAAGAATC_1,3.1756286298756375e-05
P2TLH_AACTCCCTCCTCAATT_1,3.1754172796254045e-05
P3TLH_ACGAGGACATGTCTCC_1,3.1739013544111696e-05
P2TLH_ACGGCCATCTACCAGA_1,3.17334391161924e-05
P5TLH_CCTTTCTCAGAAGCAC_1,3.173326617861587e-05
P2TLH_AAGACCTAGCCACGTC_1,3.172631744606424e-05
P3TLH_GGGACCTTCACCACCT_1,3.1709132872144566e-05
P3TLH_AGTAGTCTCAACGGCC_1,3.1693533089093135e-05
P4TLH_CAGCGACGTCCCTACT_1,3.169083546314659e-05
P4TLH_ACTGTCCTCTTCAACT_1,3.168825959138536e-05
P3TLH_ATTCTACTCGGAGCAA_1,3.1683904542865084e-05
P3TLH_CGGACGTGTTCCATGA_1,3.1666919480214445e-05
P2TLH_AGACGTTAGTTGAGAT_1,3.165755935669912e-05
P5TLH_CATCAGACAGTCGATT_1,3.162067065466205e-05
P5TLH_ACCGTAATCCTCGCAT_1,3.1619327592570566e-05
P3TLH_ATTTCTGGTCGGATCC_1,3.161365748663389e-05
P3TLH_TATCTCACATTCGACA_1,3.160764449965543e-05
P3TLH_TGCGGGTCAATACGCT_1,3.159741890681381e-05
P5TLH_ACACCAACATGTTCCC_1,3.159487741749714e-05
P3TLH_TGAAAGAGTGTGGCTC_1,3.1587195494132785e-05
P4TLH_CAGAGAGTCTGGAGCC_1,3.158121854624557e-05
P2TLH_GTGCAGCAGTCCGGTC_1,3.157763918934605e-05
P3TLH_CTCGAAACATGAAGTA_1,3.156877012719674e-05
P3TLH_CCTCTGAAGCTCTCGG_1,3.156142485605189e-05
P5TLH_TCATTACCAAGTTCTG_1,3.1557155777237785e-05
P5TLH_GCAGCCAGTACGCACC_1,3.15159698141803e-05
P2TLH_GTGCTTCGTACCGGCT_1,3.1513589642512254e-05
P3TLH_CCATTCGTCATACGGT_1,3.15132916535317e-05
P5TLH_CATTCGCGTAGGGACT_1,3.1511484635910874e-05
P3TLH_CAACTAGCACCGTTGG_1,3.1497916656791664e-05
P2TLH_GTCGGGTCAATCTGCA_1,3.147918389589141e-05
P4TLH_CTGAAGTAGTCCCACG_1,3.14769054075868e-05
P1TLH_ATTGGTGGTTGGACCC_1,3.147573819149219e-05
P3TLH_GGATTACCACGGATAG_1,3.147280029863823e-05
P5TLH_CCGGGATAGCTAGTGG_1,3.144515708344661e-05
P3TLH_ACGCAGCGTCAGAGGT_1,3.1444034118996595e-05
P2TLH_CCTAAAGGTGTGTGCC_1,3.143440986596554e-05
P2TLH_AGCTTGAAGAAGATTC_1,3.143342047088002e-05
P5TLH_TGTGGTAGTTCTGGTA_1,3.1427592466247194e-05
P1TLH_CTGAAACTCGCCCTTA_1,3.1402891586498324e-05
P5TLH_GGCTGGTTCGGTGTCG_1,3.1397161092837364e-05
P3TLH_ATGAGGGGTGAAATCA_1,3.139420550235025e-05
P4TLH_AACTGGTAGTAAGTAC_1,3.1381584933322187e-05
P3TLH_AGTCTTTTCATTCACT_1,3.1378423127592165e-05
P5TLH_ATTACTCGTGCAACGA_1,3.137621756230434e-05
P3TLH_CTAATGGAGTGACATA_1,3.13307576965996e-05
P3TLH_ATAGACCCAAAGGCGT_1,3.132124917206056e-05
P1TLH_TTATGCTAGCTGATAA_1,3.1313948700828586e-05
P3TLH_TTTGCGCTCAGGCAAG_1,3.1307900337179285e-05
P3TLH_ACTATCTTCGGCATCG_1,3.130089995218724e-05
P1TLH_GTGCGGTTCGATGAGG_1,3.128634293504201e-05
P2TLH_TGACTAGAGAACAATC_1,3.128587935965455e-05
P4TLH_GAACCTACAATGAATG_1,3.128003222156176e-05
P5TLH_ACGTCAAGTATATGGA_1,3.127535793219483e-05
P3TLH_GGTATTGCACATTTCT_1,3.126629412100569e-05
P2TLH_CTACACCGTCTCCATC_1,3.126004643186903e-05
P5TLH_CATTATCCATATACCG_1,3.125676346714532e-05
P5TLH_AGATCTGGTAAAGGAG_1,3.1228741255794565e-05
P3TLH_CTGTGCTAGCTCTCGG_1,3.121912715171188e-05
P2TLH_GAATAAGGTGGCGAAT_1,3.121813928009053e-05
P2TLH_CTAGCCTAGCCCGAAA_1,3.121813746998515e-05
P2TLH_TTCGAAGAGCCACCTG_1,3.118504815754641e-05
P3TLH_CAGCTGGTCGTGGTCG_1,3.1122572734103604e-05
P5TLH_GTTCGGGTCAAGGTAA_1,3.111950207022937e-05
P3TLH_TGAGAGGCAAGACACG_1,3.105679033029183e-05
P1TLH_ACGGAGATCTATCGCC_1,3.105324298436928e-05
P3TLH_CATCGAACAAGCGAGT_1,3.103869542695465e-05
P3TLH_AATCGGTTCTCGCATC_1,3.103447138316593e-05
P5TLH_TTGGCAAGTGATGTCT_1,3.103268442873296e-05
P4TLH_CGATGTAAGAGAGCTC_1,3.101806367020785e-05
P3TLH_CCTTCCCAGGAATTAC_1,3.0998315781763176e-05
P4TLH_CGAGCACTCTCTGCTG_1,3.096755229330775e-05
P3TLH_TGCCCTATCCCTTGTG_1,3.0958389551691405e-05
P5TLH_ATTACTCAGAGTCGGT_1,3.095491478023288e-05
P4TLH_ATAACGCTCCGCGTTT_1,3.0954894770232315e-05
P5TLH_GTCGGGTTCTCGGACG_1,3.094285982854159e-05
P3TLH_CGCGGTAAGATAGGAG_1,3.092931825879523e-05
P3TLH_AATCGGTGTCAGTGGA_1,3.092492817992464e-05
P3TLH_ATGCGATGTAAGGATT_1,3.092102511043448e-05
P2TLH_TGAGAGGAGTGTCCAT_1,3.08700684670449e-05
P5TLH_TTGAACGTCGAACTGT_1,3.086995835780362e-05
P2TLH_TGGTTCCAGGCGATAC_1,3.0816415354427926e-05
P5TLH_AAGACCTCATCTACGA_1,3.080173387801527e-05
P2TLH_CTGTGCTCAAGTACCT_1,3.080102123196129e-05
P4TLH_TAAGAGATCTTCATGT_1,3.078226473110742e-05
P2TLH_GGGTTGCGTTCTCATT_1,3.0761149381365864e-05
P2TLH_GTCATTTTCTTGCAAG_1,3.075937079336745e-05
P4TLH_CTTAGGATCCACGACG_1,3.0743363204586375e-05
P5TLH_GTGCATATCGAATGCT_1,3.0728593578168586e-05
P4TLH_TGACTAGGTCCGCTGA_1,3.0720274079979555e-05
P5TLH_CTACCCAAGCAGGCTA_1,3.071341879601201e-05
P2TLH_AAGGTTCAGCCAACAG_1,3.069055308544954e-05
P3TLH_ACTGATGAGGCAAAGA_1,3.067145242743437e-05
P2TLH_CGTCAGGAGAGCTTCT_1,3.0657978791820904e-05
P2TLH_CATGCCTAGATCTGCT_1,3.065392586989485e-05
P3TLH_GGCGACTCAGCCAGAA_1,3.0652840973472085e-05
P5TLH_AGGGATGTCGGTGTCG_1,3.064612686348254e-05
P4TLH_TGGGCGTAGGGAAACA_1,3.064156951498742e-05
P3TLH_CGCGTTTCATGCAATC_1,3.06415071804871e-05
P4TLH_GTCCTCACATGTTGAC_1,3.061605665857262e-05
P2TLH_AGCCTAACAGGTCGTC_1,3.061486199064513e-05
P2TLH_GTTCGGGAGACTAAGT_1,3.0604902443896426e-05
P4TLH_AGGGAGTAGAGCTTCT_1,3.060312915787423e-05
P1TLH_AGGGATGAGACATAAC_1,3.059050094689366e-05
P3TLH_TTCTCAAGTCCAGTGC_1,3.0566474949507835e-05
P3TLH_TCCACACGTCTAGAGG_1,3.0516620764450653e-05
P3TLH_CATTATCGTTCAGTAC_1,3.0483768064937324e-05
P3TLH_TCAACGACAGTAAGAT_1,3.0481383006590444e-05
P3TLH_AGGTCCGAGATCTGCT_1,3.0478703515643207e-05
P2TLH_TTCTCAAAGGCTAGAC_1,3.044735522326575e-05
P3TLH_ATCACGATCAGTTCGA_1,3.0432497442447862e-05
P5TLH_GCTGCTTGTAGGACAC_1,3.0424551563176902e-05
P5TLH_CCAATCCCATATACCG_1,3.0411420706001832e-05
P3TLH_ACCTTTAGTTGAACTC_1,3.0380151331646217e-05
P2TLH_ACGGCCATCAGGTAAA_1,3.0358367799980847e-05
P5TLH_TTTGCGCAGGATGGTC_1,3.033697565066429e-05
P3TLH_GGCTCGACAAAGGCGT_1,3.0314490615473813e-05
P2TLH_GCTGCAGCAGGCTGAA_1,3.0309136932341406e-05
P4TLH_CCAGCGATCACAGGCC_1,3.0302677599438272e-05
P3TLH_CTGCCTATCTCTAAGG_1,3.0292348366144475e-05
P2TLH_CGTTCTGCACCATCCT_1,3.026197347649384e-05
P5TLH_GGCTCGATCGCGGATC_1,3.0255903333023276e-05
P3TLH_GATGCTACATTAACCG_1,3.0250001685938908e-05
P3TLH_ATGCGATTCTCGAGTA_1,3.0247929524475935e-05
P4TLH_CGCTTCAGTTCCTCCA_1,3.0246220384653948e-05
P5TLH_CGGAGCTCAGCGTTCG_1,3.0238234676534588e-05
P5TLH_CAGCAGCAGTGTCCAT_1,3.0222084546638377e-05
P3TLH_TGCCAAATCGGATGTT_1,3.0200845117612402e-05
P3TLH_TTGACTTAGCCACGCT_1,3.0185158699375842e-05
P3TLH_GAAGCAGGTAGCGCTC_1,3.01702527299584e-05
P2TLH_TGGGCGTTCAGCGATT_1,3.0157411130880197e-05
P2TLH_AGTCTTTAGCTGGAAC_1,3.014141928616897e-05
P5TLH_TATGCCCCATCCTAGA_1,3.0127079866086e-05
P3TLH_GTAACGTTCCTAGTGA_1,3.0121913747725283e-05
P2TLH_GAATAAGCACTTAAGC_1,3.01164095103616e-05
P4TLH_CGGTTAAAGAAGGTTT_1,3.0104173379713356e-05
P1TLH_GGCTGGTTCTCGCATC_1,3.0097277631753863e-05
P3TLH_CACCACTAGGACAGCT_1,3.0088911718762953e-05
P5TLH_TGATTTCTCACAAACC_1,3.0072500757703396e-05
P5TLH_TGTCCCAGTTATCACG_1,3.006239536554276e-05
P2TLH_CTGATAGTCCACGCAG_1,3.0052006117025136e-05
P1TLH_CGACCTTGTATGCTTG_1,3.002424576532114e-05
P5TLH_GACTAACGTCGAAAGC_1,3.001998262047414e-05
P3TLH_CAGCTGGAGAACTGTA_1,2.9984995939739387e-05
P1TLH_CTTACCGTCACCCGAG_1,2.9975908187196857e-05
P3TLH_TTGGAACCAGGCTGAA_1,2.9969654907482697e-05
P5TLH_TACCTTAGTTGCTCCT_1,2.9955440812840735e-05
P4TLH_TCGAGGCTCAGGTAAA_1,2.9882891780873565e-05
P4TLH_CCTTCGACAAGCGTAG_1,2.9871307811056316e-05
P5TLH_AGTCTTTAGAACTCGG_1,2.9870831492785642e-05
P5TLH_GTTTCTACAGCTCGCA_1,2.986012587208479e-05
P5TLH_TAGAGCTAGGAACTGC_1,2.985308754978224e-05
P4TLH_CAGAATCGTGATAAAC_1,2.9832329755560208e-05
P3TLH_CACAAACAGGGAACGG_1,2.982451231937177e-05
P3TLH_CATGCCTTCGTGACAT_1,2.9807734151109233e-05
P3TLH_CGATCGGTCTGCGTAA_1,2.980483049549205e-05
P1TLH_CGACTTCGTCCTAGCG_1,2.980478533628901e-05
P3TLH_AGGCCACAGTAGATGT_1,2.9798249065269824e-05
P3TLH_AGGGAGTTCGCCTGTT_1,2.978547541145136e-05
P1TLH_TAGACCATCATCTGCC_1,2.9774670597672935e-05
P3TLH_AATCGGTGTGCTCTTC_1,2.9731619664921437e-05
P2TLH_AGGCCGTTCGCCATAA_1,2.9724400355383057e-05
P5TLH_GGGACCTAGATCGGGT_1,2.9722771124348425e-05
P3TLH_ACGAGGATCGGCGGTT_1,2.967231565271183e-05
P3TLH_CTGCGGAAGTGCAAGC_1,2.9633563859665724e-05
P1TLH_GTTACAGGTCTCGTTC_1,2.9624826637013987e-05
P4TLH_CCACCTAGTATTCGTG_1,2.9602647339266025e-05
P4TLH_TACGGATGTGGCGAAT_1,2.9588962053230532e-05
P1TLH_TAGTGGTAGGCCCGTT_1,2.958298489002023e-05
P4TLH_AGATCTGGTCGTTGTA_1,2.957414515618797e-05
P3TLH_CTGCCTAAGTGTCCAT_1,2.9536558991729674e-05
P3TLH_TTTACTGGTCTCCCTA_1,2.9489687276447513e-05
P3TLH_CTAACTTGTTCGTGAT_1,2.9470268577358976e-05
P1TLH_TGGGAAGTCAGTTTGG_1,2.9415936138876953e-05
P4TLH_GCTTGAATCCTCAACC_1,2.939369327845617e-05
P5TLH_GCATGTACACCCATGG_1,2.9385872152209777e-05
P3TLH_AGGCCGTGTCTCCACT_1,2.9383758440391647e-05
P3TLH_TGCGTGGTCTAACGGT_1,2.9372352875283023e-05
P5TLH_GTCACAACAAAGAATC_1,2.9370590756287007e-05
P5TLH_TCTGAGACACGAGAGT_1,2.935394680618769e-05
P4TLH_CCGGTAGCAGTAACGG_1,2.93537467784408e-05
P3TLH_TTCCCAGCATATGGTC_1,2.9341808979394354e-05
P3TLH_ACGGGTCGTCTTCAAG_1,2.9323328347472143e-05
P5TLH_TCTCTAAGTCTGCAAT_1,2.9322820490402347e-05
P4TLH_GTCACAATCAACACGT_1,2.930990163501071e-05
P5TLH_TCTCATATCGTTTAGG_1,2.9258584867777507e-05
P1TLH_CTCAGAAAGTAGCGGT_1,2.9238981809923133e-05
P3TLH_CTGTGCTAGCAGGTCA_1,2.922816996274975e-05
P5TLH_CACCACTAGAGTAATC_1,2.9227893488406627e-05
P3TLH_CCACCTAAGGAGTACC_1,2.9208351596821948e-05
P2TLH_TTAGGACGTAAGCACG_1,2.9191743243723483e-05
P3TLH_TAAGTGCGTTGAGGTG_1,2.918917778144117e-05
P5TLH_TGAAAGAAGTGTGAAT_1,2.9181966929606696e-05
P5TLH_TGAAAGAAGCTCAACT_1,2.9172147645227036e-05
P4TLH_GTGTTAGTCAGTTTGG_1,2.9167758575083015e-05
P5TLH_TCAGCAATCGGTCCGA_1,2.9160543110366744e-05
P3TLH_CACAGTATCATCTGCC_1,2.916026689226888e-05
P3TLH_GGCTCGATCGACAGCC_1,2.9157352565601915e-05
P2TLH_CAGCCGAGTCTTCAAG_1,2.915449182138272e-05
P2TLH_CAACTAGCAGCGTAAG_1,2.9140087469326303e-05
P1TLH_GACTAACTCGTGTAGT_1,2.913887994559782e-05
P5TLH_CCTTACGAGCGTAGTG_1,2.9102941760005216e-05
P5TLH_CGATCGGTCTTCAACT_1,2.908687630298929e-05
P4TLH_CGGTTAAGTTCCACGG_1,2.9041759704422728e-05
P3TLH_AGTTGGTAGAGACTAT_1,2.8987706877912218e-05
P3TLH_AGGGAGTTCTGGGCCA_1,2.8979710811371746e-05
P2TLH_CGTCAGGCACGCCAGT_1,2.896982362685914e-05
P2TLH_GGGAATGGTTAGTGGG_1,2.8959790728207946e-05
P1TLH_GATCTAGGTCATGCCG_1,2.8953358892311332e-05
P5TLH_TTCGGTCCATGTTCCC_1,2.8951320350114323e-05
P3TLH_GTTCTCGTCGCGATCG_1,2.8949564476229726e-05
P4TLH_CGCCAAGAGCGACGTA_1,2.8941704271503233e-05
P3TLH_CGAATGTTCGACAGCC_1,2.8940143443057458e-05
P5TLH_CGGGTCACATCCGTGG_1,2.892747096262563e-05
P2TLH_AAATGCCGTAATAGCA_1,2.8922919101655462e-05
P1TLH_GTCACAACATTCCTCG_1,2.8896428121422325e-05
P2TLH_CACCAGGTCCACGTGG_1,2.8889124467508736e-05
P4TLH_AAGGCAGAGCCACGCT_1,2.8888818004783506e-05
P4TLH_TTTGCGCGTTACCGAT_1,2.8824305369102916e-05
P3TLH_GGTGTTACAGTAAGCG_1,2.881151714566025e-05
P2TLH_ATTCTACTCGTATCAG_1,2.8796002133180666e-05
P5TLH_CGGACACAGAGCTTCT_1,2.8727166992316156e-05
P3TLH_GCACATACAGCCTTGG_1,2.8709193157953847e-05
P3TLH_CGGAGCTTCCACGAAT_1,2.869836324232803e-05
P2TLH_ACACCCTCACGCTTTC_1,2.869373806933695e-05
P4TLH_AGCTTGAGTATATGAG_1,2.8653746110862056e-05
P1TLH_CTTTGCGGTTATGTGC_1,2.864372913127845e-05
P4TLH_CAGATCAGTGCACGAA_1,2.8623227881794266e-05
P3TLH_GACTAACGTGTTCGAT_1,2.8591088151300185e-05
P1TLH_GCAGCCATCTCCCTGA_1,2.8576257419149865e-05
P5TLH_GCTTGAATCCACTCCA_1,2.8549599872442776e-05
P1TLH_GTCCTCAGTGATGCCC_1,2.8546974630852807e-05
P3TLH_CCAATCCGTTCCCGAG_1,2.853486812088148e-05
P3TLH_TTCTCAAAGCACCGCT_1,2.8534384107757033e-05
P1TLH_GGACGTCTCGGAAACG_1,2.852418466739714e-05
P5TLH_ACGCCAGTCGGAGCAA_1,2.8518417015364305e-05
P4TLH_GTTAAGCGTAGGGACT_1,2.8503211040436152e-05
P3TLH_CTCGAGGGTACAGACG_1,2.850291508150082e-05
P5TLH_CGTCCATCAATCTACG_1,2.8496928389890223e-05
P4TLH_CAAGTTGAGCAGGTCA_1,2.848222318736892e-05
P3TLH_TGAAAGATCGTGGGAA_1,2.8465562804854345e-05
P1TLH_CGGACACAGATGTGGC_1,2.8463927130783623e-05
P5TLH_AAGGCAGAGTGGCACA_1,2.8429315341628716e-05
P3TLH_AAAGCAATCGAATCCA_1,2.8391000000105598e-05
P5TLH_GATCAGTTCCATGAAC_1,2.8383747186091684e-05
P3TLH_TTCTCCTGTGACAAAT_1,2.8364945386948774e-05
P3TLH_TCCCGATGTGTCTGAT_1,2.834957189186636e-05
P5TLH_CACACTCCATTACCTT_1,2.8320293971096848e-05
P3TLH_GGATGTTCAAGTAATG_1,2.8312484206225783e-05
P4TLH_TCGAGGCCAGGAATGC_1,2.827379513717543e-05
P5TLH_GCAGCCATCAGCTTAG_1,2.8269921437291905e-05
P3TLH_TCCACACCATGTTCCC_1,2.8268640663794844e-05
P1TLH_CTTAGGAAGTTTCCTT_1,2.826411098148231e-05
P5TLH_TCGTACCAGAGGTACC_1,2.8217789000999478e-05
P3TLH_CACAGGCCACCCATGG_1,2.819793937832077e-05
P2TLH_GTTACAGAGCAATATG_1,2.819315192980183e-05
P1TLH_CGTTGGGTCCTAGAAC_1,2.8190804583581098e-05
P5TLH_ACGAGGACAGTATAAG_1,2.8181228107394308e-05
P3TLH_GACTGCGCATCCCACT_1,2.8176437122053573e-05
P5TLH_GCACTCTGTAGCGTGA_1,2.8174039473976427e-05
P3TLH_GCGCAGTCAAAGCGGT_1,2.816556477239134e-05
P2TLH_GCACTCTAGCTAAGAT_1,2.8164439640205788e-05
P5TLH_ACCCACTGTAGAAGGA_1,2.8145305325592634e-05
P5TLH_TCAGGTAGTTCAGGCC_1,2.814328609298513e-05
P3TLH_CGATGTAAGTACGCCC_1,2.813068230405145e-05
P4TLH_AACTGGTGTCCCGACA_1,2.8128221206323355e-05
P5TLH_CACCACTAGACCTAGG_1,2.812816255507538e-05
P4TLH_CCAGCGAGTTCAGACT_1,2.812695500328779e-05
P3TLH_TCAGCAAAGTGAACAT_1,2.8116961617283214e-05
P5TLH_AACTGGTCACATCCAA_1,2.8106612810876264e-05
P5TLH_GGGTCTGCACGAAAGC_1,2.8105207848581187e-05
P3TLH_CGTCTACGTTACGGAG_1,2.809001898384991e-05
P2TLH_TGAGAGGCACAAGACG_1,2.8084487950266947e-05
P2TLH_CAGCTGGTCACAACGT_1,2.801470220127101e-05
P2TLH_TCGCGTTAGTCTTGCA_1,2.7993830669278982e-05
P1TLH_TAGAGCTTCCGTACAA_1,2.795777365138864e-05
P3TLH_AGATCTGAGTAATCCC_1,2.794037564495675e-05
P3TLH_ATGTGTGCAGGTGGAT_1,2.791883599826425e-05
P2TLH_GATCGATCAGCCTATA_1,2.791657275863616e-05
P3TLH_AAGGAGCCAATCTACG_1,2.7887870867859345e-05
P2TLH_CATGCCTTCGTCCGTT_1,2.7862450724928983e-05
P3TLH_GTATCTTCACGCATCG_1,2.781974912491193e-05
P2TLH_CTAGTGATCAACGGCC_1,2.781181229973834e-05
P5TLH_CAGCAGCGTACTCTCC_1,2.778417496445971e-05
P4TLH_CTCGAGGAGGTTACCT_1,2.7774932336849412e-05
P4TLH_CTTACCGAGAAGGGTA_1,2.776438060741498e-05
P5TLH_GTAGTCAAGTGAAGTT_1,2.7750258214008027e-05
P5TLH_CCCATACTCAACACGT_1,2.7732048993826043e-05
P2TLH_TGCCCATGTGTGGTTT_1,2.7686994332254587e-05
P5TLH_ACATACGGTCCGAATT_1,2.764833109401365e-05
P2TLH_CCGTACTTCGCTTGTC_1,2.7641418572315536e-05
P2TLH_GTGCAGCCATGGTCAT_1,2.763590571640288e-05
P3TLH_TGCTACCTCCCTAATT_1,2.762829087815447e-05
P1TLH_GCAGTTATCGCCTGAG_1,2.759780339380162e-05
P5TLH_CACTCCACATCGGACC_1,2.7582353287150488e-05
P4TLH_AGACGTTGTGTATGGG_1,2.7577404891820247e-05
P3TLH_CGTGTAATCCACTGGG_1,2.7554253124962238e-05
P5TLH_TGCCCATCACGCCAGT_1,2.7548869514211806e-05
P2TLH_CTGCGGAAGTACGTAA_1,2.7490594581347403e-05
P2TLH_GCTGGGTCATCCAACA_1,2.748468413363942e-05
P5TLH_GTCCTCAAGAGTAAGG_1,2.7447337804372274e-05
P3TLH_CCTATTATCCGGGTGT_1,2.744002091528539e-05
P2TLH_GTTACAGCAAGTAGTA_1,2.743801986226451e-05
P4TLH_AGACGTTCAGTCAGAG_1,2.7397965049816385e-05
P2TLH_CCTTTCTAGGACAGAA_1,2.735168365646592e-05
P5TLH_TGGTTCCGTAGCTTGT_1,2.7320933353062226e-05
P3TLH_GGGACCTCAGGGCATA_1,2.731771418786896e-05
P3TLH_GACTGCGAGACAGGCT_1,2.7295308031358194e-05
P2TLH_TGCACCTAGTGCTGCC_1,2.72609815877235e-05
P3TLH_TCTTCGGAGGCCCTTG_1,2.7228159747842535e-05
P5TLH_TTGCCGTCACGACTCG_1,2.7213772013271384e-05
P3TLH_GATCGATCAGCTCGCA_1,2.7171085935631842e-05
P2TLH_ACCAGTAGTTATTCTC_1,2.7154110657671707e-05
P4TLH_GGACAGACACATGACT_1,2.71369214765399e-05
P2TLH_TGCGTGGAGACTGTAA_1,2.7136385170378403e-05
P2TLH_GCGCAACCACGACTCG_1,2.712951136110644e-05
P3TLH_TCGCGTTTCGAACGGA_1,2.7118197306804494e-05
P3TLH_TCTGGAATCCAAGCCG_1,2.710419979685741e-05
P3TLH_GAGGTGACAAAGCAAT_1,2.7101503200365223e-05
P3TLH_AATCCAGGTCACTGGC_1,2.7062520062093446e-05
P3TLH_CGGAGCTGTTATCACG_1,2.7051743576916673e-05
P2TLH_ACTTGTTGTTGATTGC_1,2.704926398682438e-05
P3TLH_GCGACCAGTTACGCGC_1,2.7002300625802535e-05
P4TLH_CATGCCTAGAGACTAT_1,2.6982967638646212e-05
P3TLH_GATCTAGGTTATCCGA_1,2.695435649938823e-05
P4TLH_GAACGGAGTTGAGTTC_1,2.6921854936505127e-05
P1TLH_GATCAGTGTGAGGGTT_1,2.6894545324316713e-05
P4TLH_GACTGCGCATGAGCGA_1,2.6843383912236996e-05
P4TLH_GACGCGTCAAAGGCGT_1,2.6840374747245565e-05
P5TLH_TCTCATACAAAGAATC_1,2.6839743869705916e-05
P3TLH_TTTCCTCAGCGGCTTC_1,2.6835175951307408e-05
P3TLH_ATTTCTGTCTCTTGAT_1,2.6818835989789733e-05
P2TLH_ATGAGGGTCAGTGTTG_1,2.6815514301978653e-05
P3TLH_GTACTTTAGGAATGGA_1,2.6808059731978764e-05
P2TLH_ACTTGTTCAGTGAGTG_1,2.6798236578941733e-05
P4TLH_ACCTTTAAGCGATCCC_1,2.6798021648355848e-05
P5TLH_CCCTCCTCACATGTGT_1,2.6787388521071116e-05
P3TLH_GTTCGGGCAGATCTGT_1,2.674882535564718e-05
P2TLH_AGCGTATCAACGATCT_1,2.6747126500571723e-05
P5TLH_TCTTTCCTCCTAGAAC_1,2.6722704638178002e-05
P3TLH_ACGTCAAAGGGCTCTC_1,2.6701637244879e-05
P3TLH_ACTGAACAGGTTACCT_1,2.6681467315282216e-05
P3TLH_GGACAGATCTAGCACA_1,2.6647482422948466e-05
P2TLH_CGTCAGGGTTCATGGT_1,2.6645885247009414e-05
P5TLH_CATCAAGCACTAAGTC_1,2.663930087231011e-05
P3TLH_GATCTAGCAGATCGGA_1,2.662502132984663e-05
P3TLH_CAGAATCGTCGTCTTC_1,2.6618025955753336e-05
P2TLH_CAGATCAGTCTAGTCA_1,2.660407143281047e-05
P2TLH_CTCGAAACAGACACTT_1,2.658894056593432e-05
P3TLH_ACTTACTGTCCCTACT_1,2.6576769244167216e-05
P2TLH_TGCCAAAAGCGTTCCG_1,2.6574197511814582e-05
P3TLH_TTCGAAGTCTCAAGTG_1,2.6559522618087767e-05
P2TLH_TTTATGCCAAGACGTG_1,2.6547497868828048e-05
P4TLH_TATTACCGTTAAGGGC_1,2.6546034822083205e-05
P1TLH_CTTCTCTAGCCAGGAT_1,2.652875391979444e-05
P4TLH_CAGTAACGTTAGGGTG_1,2.6528737207039183e-05
P2TLH_CATCGAAAGCGCTTAT_1,2.6499881049529325e-05
P5TLH_CTAGTGACATCCCACT_1,2.641242985129403e-05
P1TLH_GGAATAAAGGTGCACA_1,2.636977189819731e-05
P3TLH_CGGACACTCACAATGC_1,2.6358712881328073e-05
P4TLH_TCAGATGAGTTACCCA_1,2.6347762358783615e-05
P3TLH_GGTGCGTCAACACCCG_1,2.634135987361437e-05
P5TLH_TAAGAGATCACAGTAC_1,2.633973847582015e-05
P4TLH_TGCACCTAGAGCTGCA_1,2.6338107375953443e-05
P4TLH_CAAGGCCAGCCGATTT_1,2.633574100766157e-05
P5TLH_CAGGTGCTCAAGCCTA_1,2.6324951576538284e-05
P3TLH_TGCCAAAAGAGGTTGC_1,2.6309440715815453e-05
P3TLH_CGCTTCAAGGTAGCCA_1,2.630493591217669e-05
P3TLH_GTGTTAGTCGGATGTT_1,2.6298908857303674e-05
P3TLH_AGTTGGTAGATGGGTC_1,2.6292908633120925e-05
P3TLH_GCTGCGAAGTCGATAA_1,2.6275912409702572e-05
P3TLH_TGGTTAGTCAATAAGG_1,2.6275348700579884e-05
P2TLH_TACGGATTCACCGGGT_1,2.625642039973331e-05
P5TLH_TTCGAAGAGAGCTGCA_1,2.6247727597948818e-05
P3TLH_ACGCCGATCTTAGAGC_1,2.623501889072415e-05
P5TLH_AGTTGGTTCTGATACG_1,2.6233562512515704e-05
P3TLH_ATGGGAGAGTCGTACT_1,2.6210457548972653e-05
P1TLH_GAAATGAAGGATGTAT_1,2.6199044675013825e-05
P3TLH_GAAATGACACGTGAGA_1,2.6198125500354797e-05
P5TLH_GCGCCAAGTCAGTGGA_1,2.6176289289642312e-05
P5TLH_TGGCTGGCAGTCCTTC_1,2.6137705326338707e-05
P3TLH_CTGCGGAGTGCAGTAG_1,2.6137217257821424e-05
P2TLH_TCGGGACGTCCGCTGA_1,2.61319361211024e-05
P2TLH_GAGTCCGCACGTTGGC_1,2.612416293411776e-05
P3TLH_TGGTTCCCATGAACCT_1,2.610587237143215e-05
P5TLH_GCGCAGTGTTTGGCGC_1,2.6069000588631392e-05
P3TLH_GGGTTGCCAAACCCAT_1,2.6062735047842775e-05
P5TLH_ACGTCAAAGCCTATGT_1,2.6054597554110707e-05
P1TLH_GACCAATAGCGTAATA_1,2.5991507842454696e-05
P3TLH_AAGGAGCGTTCCCTTG_1,2.598738957238186e-05
P3TLH_ATCCGAATCTCTTGAT_1,2.5946248505803492e-05
P2TLH_GCGCAGTTCACATGCA_1,2.594399172200016e-05
P1TLH_AGCGTCGAGAACTGTA_1,2.5925521589544037e-05
P4TLH_CTTTGCGTCGCTGATA_1,2.5882130647436812e-05
P3TLH_CTGGTCTGTAGGGACT_1,2.582606343941359e-05
P3TLH_TACGGATTCTAACTGG_1,2.5807222910818444e-05
P1TLH_CCATGTCTCTGTCTCG_1,2.579143367513342e-05
P5TLH_ACTTTCACATACTCTT_1,2.5774730610198813e-05
P5TLH_GGATTACGTAATCACC_1,2.576677497246107e-05
P3TLH_TCTTTCCAGCAGGTCA_1,2.5761969040918695e-05
P3TLH_ACACCAACATAGGATA_1,2.5743525956465962e-05
P2TLH_GATTCAGCAAACGTGG_1,2.5735872381263023e-05
P1TLH_CGGCTAGTCTGTCAAG_1,2.567309294319818e-05
P3TLH_CTGTGCTTCGAACGGA_1,2.562824179225249e-05
P4TLH_GCCTCTAAGCCTTGAT_1,2.561094787897417e-05
P5TLH_ACATCAGCATCTCCCA_1,2.56009926013654e-05
P3TLH_CACACTCTCTGAGTGT_1,2.5597233865172686e-05
P1TLH_CCGGTAGTCCCGGATG_1,2.55659190939185e-05
P5TLH_ACTATCTTCATATCGG_1,2.5554283103560136e-05
P4TLH_AAACGGGAGGCGTACA_1,2.5548980567581617e-05
P5TLH_GGATGTTTCCTCATTA_1,2.554261387574742e-05
P1TLH_CATGGCGCATCTATGG_1,2.5542138190414383e-05
P5TLH_GCGCCAACACACCGCA_1,2.55395962707709e-05
P5TLH_CCGTGGATCTGTGCAA_1,2.5514432760720078e-05
P2TLH_TATCTCACAGTTTACG_1,2.546219638873576e-05
P3TLH_TTAGTTCGTCGTTGTA_1,2.5446669504042564e-05
P1TLH_AGGCCACGTAGGACAC_1,2.5442854212964565e-05
P3TLH_CAGGTGCTCTTCAACT_1,2.5415155712021656e-05
P3TLH_GCTCCTATCCCTCTTT_1,2.5404760726571305e-05
P3TLH_GTTACAGAGGCTAGGT_1,2.536273160292658e-05
P3TLH_GCTGGGTGTCCGACGT_1,2.5355500404834655e-05
P3TLH_GAATGAATCACAGTAC_1,2.5321592698644633e-05
P3TLH_CCCTCCTAGAACAATC_1,2.5284928327755475e-05
P3TLH_CATGACATCGCTGATA_1,2.52809967681507e-05
P3TLH_AGAGCTTCAGGAATGC_1,2.527070754036957e-05
P1TLH_AAAGTAGTCTGCGGCA_1,2.5265457016376162e-05
P5TLH_CAGCCGAAGAGGGATA_1,2.5206574409735697e-05
P3TLH_ACGGGCTTCCAAACTG_1,2.5188822483633968e-05
P3TLH_CGACCTTAGACAATAC_1,2.5168874833244644e-05
P2TLH_GAGTCCGCATCCGCGA_1,2.5151134168608024e-05
P3TLH_TCGTAGAAGGGAAACA_1,2.5109704207343412e-05
P3TLH_CACAGTATCGTTACAG_1,2.5097906117900402e-05
P2TLH_TCTGAGATCCGCTGTT_1,2.5097788234235983e-05
P2TLH_TTTGGTTTCTTTAGGG_1,2.5097169151571192e-05
P3TLH_ACGCAGCAGATTACCC_1,2.5096528992946938e-05
P3TLH_AACGTTGTCGGCTTGG_1,2.5095746971310187e-05
P3TLH_TTAGTTCAGCAGGCTA_1,2.508011093056852e-05
P5TLH_AGCATACAGCTGCAAG_1,2.5051661916158004e-05
P5TLH_CACATTTAGGAATCGC_1,2.505063051155696e-05
P5TLH_AGCTTGAGTGGCCCTA_1,2.5044796211530802e-05
P3TLH_TCAGGATAGTTACGGG_1,2.5040545254830782e-05
P3TLH_ATCATGGCATTTGCTT_1,2.503542585348031e-05
P1TLH_TTTGCGCAGATGTTAG_1,2.5016928702327323e-05
P3TLH_ACAGCTAGTCAGATAA_1,2.501669123633337e-05
P3TLH_CTAGTGATCAGTCCCT_1,2.5001879286914685e-05
P2TLH_GGTGTTAGTTGACGTT_1,2.4990829857825293e-05
P3TLH_ATCACGACACCAGATT_1,2.4987033564643865e-05
P5TLH_GGATGTTGTTCACCTC_1,2.4980091220549213e-05
P3TLH_GTCGGGTAGAGACTTA_1,2.4966561066918224e-05
P5TLH_GTCATTTCAAGTCATC_1,2.4941597634665914e-05
P3TLH_ACTGCTCCAGGCAGTA_1,2.4933178107651044e-05
P2TLH_CGATGGCAGAGTCTGG_1,2.4904052598826144e-05
P2TLH_GTCTCGTGTCAGAATA_1,2.488125747246477e-05
P4TLH_ACTATCTCACCGGAAA_1,2.486285942274032e-05
P2TLH_TCACGAATCGTGGTCG_1,2.4857457403600896e-05
P3TLH_TGGGCGTAGTGAAGTT_1,2.482388542276113e-05
P1TLH_GTTACAGAGGATCGCA_1,2.4785970064796852e-05
P3TLH_GAACATCGTCCTAGCG_1,2.4759825561424904e-05
P1TLH_GGTATTGCAAAGCGGT_1,2.4721484876759416e-05
P4TLH_ACGTCAAAGCCGCCTA_1,2.4714558042243844e-05
P3TLH_AAAGTAGCAACACGCC_1,2.4712367149237123e-05
P5TLH_GTGTTAGGTCGGCTCA_1,2.470345085996411e-05
P2TLH_CCTTACGGTCAGGACA_1,2.4696880407714677e-05
P2TLH_CACCTTGGTTGGAGGT_1,2.4666008845156504e-05
P4TLH_TCTTCGGAGACTAGGC_1,2.4662682596839375e-05
P3TLH_TCAGCTCGTAACGCGA_1,2.4656300056459303e-05
P5TLH_TACACGAAGCCCTAAT_1,2.460303656330991e-05
P2TLH_CGATGGCTCTCCGGTT_1,2.459048745419342e-05
P2TLH_ACACTGAGTAAGGGAA_1,2.4512830947991437e-05
P2TLH_GGAACTTGTAATAGCA_1,2.4502228192021367e-05
P2TLH_AGATCTGTCCTGTACC_1,2.4492115654793043e-05
P2TLH_CACTCCACAGACGCCT_1,2.4425555800789836e-05
P5TLH_CCTTTCTCAATGGTCT_1,2.4421176447888593e-05
P5TLH_TGGCCAGCACTGTCGG_1,2.4404884579760517e-05
P3TLH_ATGAGGGTCACTTATC_1,2.4399397306239867e-05
P5TLH_GGGCACTTCCAACCAA_1,2.439845347436367e-05
P5TLH_CAAGAAAAGGCAGTCA_1,2.4386556068524295e-05
P4TLH_CTTTGCGTCAGGTTCA_1,2.434223345916285e-05
P3TLH_TAAGTGCAGTGTCCAT_1,2.431103394858671e-05
P2TLH_ACATACGCAGACTCGC_1,2.4254504138273264e-05
P3TLH_TCATTACGTACGAAAT_1,2.424479957116542e-05
P1TLH_TGGCCAGGTCCGAAGA_1,2.420803494858903e-05
P3TLH_ACCGTAACAAGCGTAG_1,2.4201221805167838e-05
P2TLH_CATGGCGCAATGGATA_1,2.4192433798831713e-05
P5TLH_ATGAGGGGTCAACATC_1,2.416729981026756e-05
P2TLH_TGAGGGAAGCGATATA_1,2.402638484599329e-05
P2TLH_ACGTCAAGTTCAGGCC_1,2.4025828076523192e-05
P3TLH_TACGGTAGTCCAACTA_1,2.4001205092757284e-05
P3TLH_CGAGCACGTCAGCTAT_1,2.3972348351374788e-05
P1TLH_TACCTTAGTACCGCTG_1,2.393720687137465e-05
P3TLH_GATGAAACATACCATG_1,2.392713428904965e-05
P3TLH_CAGCGACCATTCTCAT_1,2.391847353734656e-05
P5TLH_GGGAGATAGGGAACGG_1,2.388660480124279e-05
P4TLH_CGTCACTCAAGTCTAC_1,2.3815430729780732e-05
P3TLH_TGGGAAGGTTCTGAAC_1,2.3792775085698462e-05
P5TLH_AACCATGTCTACTATC_1,2.3766076728360857e-05
P1TLH_GGACATTAGATAGCAT_1,2.3740051305553847e-05
P2TLH_CCTTCCCTCTTGACGA_1,2.3704402556228015e-05
P3TLH_CGATGGCAGCGAAGGG_1,2.3625850652748424e-05
P3TLH_ACTATCTGTCGAGTTT_1,2.3612280506845935e-05
P3TLH_TGACGGCGTCTCACCT_1,2.3544958244351096e-05
P4TLH_GGAAAGCCAATCCAAC_1,2.3472662712907597e-05
P3TLH_TCATTACTCGTCCGTT_1,2.3460528748710274e-05
P3TLH_CATTATCAGGCTACGA_1,2.345679834148837e-05
P3TLH_CACCAGGCATCCTAGA_1,2.3451145976478287e-05
P2TLH_CCTTCGAGTCGAACAG_1,2.3430388987323005e-05
P5TLH_CCACTACTCAGCGACC_1,2.3426348085329317e-05
P3TLH_CCCATACGTGGTACAG_1,2.3421227899280507e-05
P5TLH_TAGAGCTAGCTCTCGG_1,2.3356600798429678e-05
P1TLH_TTGCCGTGTGTGAAAT_1,2.332839187740542e-05
P2TLH_TATCTCATCTCAAACG_1,2.3260899399393487e-05
P3TLH_GATGCTATCGGTTAAC_1,2.3252080355801657e-05
P1TLH_ACACCCTAGCTGAACG_1,2.3199340490700392e-05
P5TLH_CCTAAAGAGTGCGTGA_1,2.3114356762351286e-05
P3TLH_ATAACGCGTTCCACAA_1,2.304203106833928e-05
P3TLH_CTGAAACCAAGGCTCC_1,2.300692667920519e-05
P4TLH_GGTGTTAGTCGCATCG_1,2.299410464137884e-05
P5TLH_CTTTGCGGTTACGTCA_1,2.2892640659841737e-05
P3TLH_CAAGTTGGTGGAAAGA_1,2.2792164673950482e-05
P2TLH_CAGGTGCAGCAGGTCA_1,2.2739493581560105e-05
P3TLH_CTGGTCTGTGAGTGAC_1,2.2686777074033453e-05
P4TLH_CGGCTAGGTCGCTTCT_1,2.2686316012800742e-05
P2TLH_ATCCGAAGTCGCGGTT_1,2.2676282580292303e-05
P3TLH_GTTACAGAGGCCCTTG_1,2.2664390939693133e-05
P3TLH_TGAGGGACATGTTCCC_1,2.2619883934480358e-05
P3TLH_CAACCTCCAAGTCTGT_1,2.2614740755309096e-05
P3TLH_GAGGTGATCATACGGT_1,2.260598492391098e-05
P3TLH_TAGGCATGTAGGGTAC_1,2.255877627807418e-05
P4TLH_CCGTTCAGTGTGACGA_1,2.2555184957789586e-05
P5TLH_GGGATGATCCTTGGTC_1,2.2550335109254273e-05
P5TLH_GACACGCTCTCACATT_1,2.2545897897471112e-05
P3TLH_CCGTGGAGTAGGCATG_1,2.2530564991520707e-05
P5TLH_AAATGCCCAAGTTCTG_1,2.2522733145268912e-05
P4TLH_CATCGGGGTTCGCTAA_1,2.2519721001521865e-05
P2TLH_CAGCAGCCATTCTTAC_1,2.2502289822463343e-05
P1TLH_GCAGCCACAATCACAC_1,2.2465992835187327e-05
P5TLH_GAGCAGACAGCTGTAT_1,2.238538973274365e-05
P3TLH_ACACCAAAGACTTTCG_1,2.234146202928081e-05
P2TLH_GATCTAGTCCTTGGTC_1,2.2255945400515834e-05
P5TLH_TGCTACCTCACTATTC_1,2.2191160544462766e-05
P3TLH_TGCTGCTTCGCGCCAA_1,2.2133162349569037e-05
P4TLH_GGGAATGGTTCTCATT_1,2.208827194124503e-05
P3TLH_TGGCGCAGTCGCTTCT_1,2.206566359988126e-05
P2TLH_GTTTCTAAGTGCGATG_1,2.2052909789636583e-05
P4TLH_GCATGCGCAGCCAATT_1,2.2047403631471814e-05
P4TLH_TAGGCATAGCTGTCTA_1,2.2032440368420194e-05
P5TLH_ATGGGAGCAGTTTACG_1,2.203207857221311e-05
P2TLH_TCAGATGAGATATGGT_1,2.2016699588100524e-05
P3TLH_GCGGGTTAGGAACTGC_1,2.1999542473546644e-05
P2TLH_CCTCTGACACTCAGGC_1,2.1929463619977793e-05
P4TLH_CTACCCAGTCAAAGCG_1,2.1924664270962853e-05
P2TLH_TCTATTGTCCGCAGTG_1,2.1892090459895782e-05
P1TLH_TATGCCCTCCAAACTG_1,2.1880980550774312e-05
P5TLH_TGCTGCTAGCCAGTTT_1,2.1862233179177866e-05
P3TLH_AAGGAGCGTTCGAATC_1,2.175777696751474e-05
P3TLH_GTATTCTTCAGGCGAA_1,2.167529938635978e-05
P3TLH_TTTCCTCGTCTAGCGC_1,2.163064638151371e-05
P3TLH_ACGAGCCCACATTAGC_1,2.1593084560621212e-05
P5TLH_GAAACTCCACGAAACG_1,2.145628495978102e-05
P5TLH_AGCTTGAAGTCGTTTG_1,2.1403346190715382e-05
P4TLH_GGTATTGTCCGCAAGC_1,2.13886251122959e-05
P2TLH_CCTTCCCAGGTTACCT_1,2.13734438241171e-05
P3TLH_CTAGCCTCAATTCCTT_1,2.1371686555756673e-05
P3TLH_CGGACTGTCTACCAGA_1,2.134935319063495e-05
P3TLH_CATTATCAGGCCCGTT_1,2.1320116507918458e-05
P3TLH_CCTTCCCTCACCCTCA_1,2.1287918813285138e-05
P4TLH_GGAGCAAAGTTTCCTT_1,2.123374973319792e-05
P4TLH_CGGAGCTTCTATGTGG_1,2.115795961594764e-05
P1TLH_TACTCGCGTTGTCTTT_1,2.1153255536304914e-05
P2TLH_CGTTGGGTCATCATTC_1,2.1109147232950296e-05
P5TLH_CTGAAACTCCATTCTA_1,2.1026076259919405e-05
P5TLH_GCAGTTATCAGTCAGT_1,2.0943652856585083e-05
P5TLH_TGACTAGGTACTCAAC_1,2.0940878905945862e-05
P5TLH_GACCTGGTCGCCATAA_1,2.0924827727122454e-05
P3TLH_GTTTCTAAGGATGTAT_1,2.0896741352895124e-05
P2TLH_GTCATTTCATTAGGCT_1,2.088234262422276e-05
P2TLH_AGGGTGAAGAGCCCAA_1,2.080820420644848e-05
P2TLH_AACTCCCCAATGAAAC_1,2.078824857689558e-05
P1TLH_CTAATGGGTATCTGCA_1,2.07138944707253e-05
P4TLH_ATGGGAGCATGGTCAT_1,2.060370989952829e-05
P5TLH_TGGGCGTAGCGGATCA_1,2.0586437644619003e-05
P3TLH_GGATGTTGTCATACTG_1,2.0559078628042747e-05
P4TLH_CTAACTTCAATCGGTT_1,2.0510490921031943e-05
P4TLH_GCAGTTAGTATTAGCC_1,2.0472908866361945e-05
P4TLH_CACACCTTCCCATTTA_1,2.0413509631316547e-05
P3TLH_GAGCAGAAGTGCAAGC_1,2.0327496444304113e-05
P5TLH_AAACGGGAGATCCGAG_1,2.0308028520308937e-05
P2TLH_GTTAAGCCACTCGACG_1,2.0283486556744932e-05
P3TLH_GTCACAATCTGATTCT_1,2.0173873917406968e-05
P2TLH_TGGTTCCAGACGCAAC_1,2.0159074927637585e-05
P5TLH_GCTGCAGGTTAAGACA_1,2.0114691709486846e-05
P1TLH_GTCAAGTGTTATCCGA_1,2.0038081970366157e-05
P5TLH_GTATTCTGTGGTCTCG_1,2.0028449094950415e-05
P3TLH_GGCCGATCAGATCTGT_1,1.992805866783598e-05
P4TLH_CATCGGGAGAACAACT_1,1.9919341136585343e-05
P5TLH_CCACGGATCTGGTTCC_1,1.9831056801624372e-05
P2TLH_GCGCAGTAGGTGATTA_1,1.9817757444277384e-05
P3TLH_TCGCGTTAGGGATACC_1,1.976800829961864e-05
P1TLH_CGGACGTGTGCCTGTG_1,1.97662224534089e-05
P3TLH_TTCTCAAGTGACCAAG_1,1.9759225377773585e-05
P3TLH_GGCGTGTTCGTTGACA_1,1.973141596713023e-05
P5TLH_TACTTACTCCGCGGTA_1,1.9722021260641053e-05
P3TLH_CTACGTCAGGATGCGT_1,1.9702207036164937e-05
P5TLH_TTAGGCACATGTTCCC_1,1.969823038939537e-05
P4TLH_TGGCCAGTCGTCCAGG_1,1.9669836662607414e-05
P2TLH_CGAACATCAAGGCTCC_1,1.965004072007707e-05
P5TLH_GATCGTACACCTGGTG_1,1.9574760356827403e-05
P5TLH_GAACGGATCCGCATAA_1,1.9540485554125338e-05
P3TLH_CCGGGATGTAGCACGA_1,1.9524866956514785e-05
P3TLH_TTCTCAACACCAACCG_1,1.944998517179758e-05
P2TLH_GATGAGGTCCTTTCTC_1,1.9426667583420056e-05
P3TLH_CACAGTAGTAGGCTGA_1,1.9372156525931614e-05
P4TLH_TGCCCATGTCTCCACT_1,1.9331025096640113e-05
P3TLH_TCGCGAGCAAGTTCTG_1,1.9285841413454874e-05
P4TLH_CGGGTCACAAACGCGA_1,1.928582203785923e-05
P4TLH_CCCTCCTTCTGACCTC_1,1.9256634105962894e-05
P4TLH_GACGTTAAGTGTTGAA_1,1.9249645831568283e-05
P3TLH_ATTACTCCATAAGACA_1,1.923966603543062e-05
P2TLH_CAAGGCCGTGTGGTTT_1,1.9212767931133358e-05
P3TLH_CCTTCCCCAGCTCGCA_1,1.9202869182865507e-05
P2TLH_GACTAACAGATACACA_1,1.9178264720485416e-05
P4TLH_CCCAGTTGTAATCACC_1,1.9047793359202832e-05
P2TLH_CCTTTCTAGAGCTGCA_1,1.9040899511604268e-05
P3TLH_CTCTGGTCAGCGTAAG_1,1.9030048431290915e-05
P5TLH_ATGCGATTCATAGCAC_1,1.9028834634030154e-05
P3TLH_CTCTACGAGGTTCCTA_1,1.900770438699641e-05
P1TLH_TAGAGCTTCGTAGGAG_1,1.8996600178618568e-05
P1TLH_TTCTTAGTCTTGTTTG_1,1.8994672371123257e-05
P3TLH_TGAGAGGTCTCAACTT_1,1.8955165255942686e-05
P3TLH_CGCGTTTAGCTGTTCA_1,1.89336488681818e-05
P1TLH_CAACCTCAGATGTTAG_1,1.8898475388362482e-05
P4TLH_ATCGAGTTCAGTTGAC_1,1.8824270846838153e-05
P3TLH_AAGCCGCTCTATGTGG_1,1.8811869369617342e-05
P3TLH_GTAACTGTCATAACCG_1,1.880711634034271e-05
P4TLH_GGACGTCGTGAGGGTT_1,1.8792602552841477e-05
P2TLH_AGGGATGAGGATGGTC_1,1.877998358579871e-05
P5TLH_CAGCTAAAGTAGATGT_1,1.8779589001458742e-05
P3TLH_ACTGATGCATGACATC_1,1.877726892212479e-05
P3TLH_ATCCGAAAGAGCCCAA_1,1.8768952391296846e-05
P5TLH_TTGGAACCATCGGAAG_1,1.876353688372842e-05
P5TLH_GGACGTCCAACACCCG_1,1.8763133780018445e-05
P3TLH_GGAAAGCTCGAACGGA_1,1.875118869726184e-05
P4TLH_AGATTGCGTGTTCTTT_1,1.874773286003481e-05
P3TLH_CCCAATCCAAGTTAAG_1,1.873607654290712e-05
P3TLH_GCAAACTCACTTACGA_1,1.871583906136893e-05
P3TLH_GCATGTAAGCCCAGCT_1,1.8689757362502997e-05
P3TLH_GCACTCTGTCAGATAA_1,1.8639230672758827e-05
P2TLH_GGGTTGCCAACGATCT_1,1.8613113278021504e-05
P3TLH_CTCGTACGTGACCAAG_1,1.8600048254099e-05
P5TLH_AGTAGTCTCGGCATCG_1,1.856795392320675e-05
P1TLH_GGTGTTATCACAGTAC_1,1.856347706508314e-05
P3TLH_TCACAAGTCCCGACTT_1,1.8485444202378744e-05
P1TLH_CTCACACTCTATGTGG_1,1.843104523857094e-05
P5TLH_TGCCAAAAGATCTGAA_1,1.8378834305577575e-05
P5TLH_ATCTGCCGTCCCTTGT_1,1.8195155253637143e-05
P1TLH_TTAGGACAGGTGTGGT_1,1.818229229710811e-05
P2TLH_TGCGTGGAGTAAGTAC_1,1.8170027992155347e-05
P3TLH_TCATTACGTAGATTAG_1,1.8157717684882842e-05
P2TLH_ACGCCGATCTGCAGTA_1,1.8120236953237175e-05
P5TLH_TGTTCCGCACCATGTA_1,1.8110334646866944e-05
P2TLH_TGACGGCCACTGTCGG_1,1.8106574696158903e-05
P5TLH_GCTTGAACAGCTGTAT_1,1.809231654932529e-05
P1TLH_TCAGCTCAGTGGGTTG_1,1.8091220443020534e-05
P4TLH_CGGAGCTTCCGCAGTG_1,1.808541075490648e-05
P1TLH_GGCAATTAGCGTGAAC_1,1.8080819672654566e-05
P3TLH_GGGTTGCGTCATTAGC_1,1.8077859965670313e-05
P2TLH_GGACAAGGTTCGGCAC_1,1.8069754110542467e-05
P3TLH_GCGCAGTGTTGGAGGT_1,1.806951388694221e-05
P4TLH_CGACCTTAGCGCCTTG_1,1.8050464782031697e-05
P3TLH_GCATGCGGTGACCAAG_1,1.803377697892211e-05
P3TLH_GCAGCCAGTCAAAGAT_1,1.8014291177131845e-05
P3TLH_TGACGGCCACCCATTC_1,1.8014075638537528e-05
P3TLH_CGTTCTGCACAACGCC_1,1.7989087871073312e-05
P3TLH_GTAGGCCGTACTTAGC_1,1.798431433304051e-05
P2TLH_CGCTGGACAGTGAGTG_1,1.7975329201578507e-05
P2TLH_GTTCTCGTCGACGGAA_1,1.7959314513914257e-05
P5TLH_TGTGTTTCAAGGTTTC_1,1.792935765410229e-05
P5TLH_CGGAGCTTCCCAACGG_1,1.7917171106697687e-05
P5TLH_ACGCCGATCCGCGTTT_1,1.7915160181759113e-05
P3TLH_TCGTAGACATTACGAC_1,1.79103901103879e-05
P2TLH_TCTATTGAGATACACA_1,1.789287192582189e-05
P5TLH_ACATGGTCAAGTCTGT_1,1.788178980741769e-05
P5TLH_TCACGAAGTATTAGCC_1,1.7877656939545594e-05
P4TLH_GGAATAACACCTCGGA_1,1.7872532611823278e-05
P2TLH_AACTGGTCACTGTGTA_1,1.784365070974116e-05
P3TLH_AACTCCCAGTCCGGTC_1,1.7838785125970582e-05
P5TLH_GGGAATGGTTTAGCTG_1,1.7822869350031893e-05
P4TLH_GTTCTCGTCTAAGCCA_1,1.781792851078518e-05
P5TLH_CCTAAAGCAGACAGGT_1,1.7773514723568402e-05
P1TLH_CCACTACCATGCAACT_1,1.777036288283517e-05
P3TLH_GCTCCTAGTAAATGAC_1,1.7765459730328615e-05
P3TLH_TGCCAAAGTAGCCTCG_1,1.7762972517297986e-05
P2TLH_TCAGCAAGTCTAGGTT_1,1.7753952674739502e-05
P3TLH_CTAGTGACAGTACACT_1,1.7750305800056614e-05
P4TLH_CAACTAGTCTGCTGTC_1,1.7749961007998316e-05
P2TLH_GTGAAGGAGCGTAGTG_1,1.7745816527917376e-05
P3TLH_TGAGGGATCATCGATG_1,1.774231278193381e-05
P3TLH_TCCCGATCACGAAACG_1,1.7741931196142946e-05
P3TLH_CACACCTCACGAAACG_1,1.7737716558456525e-05
P3TLH_ATAAGAGAGTTAAGTG_1,1.7730559372128337e-05
P5TLH_TCATTTGCAGACGCCT_1,1.771852183860887e-05
P2TLH_TGCGGGTGTCTTCAAG_1,1.771276127426676e-05
P2TLH_CGTCTACGTTCACCTC_1,1.770084990417431e-05
P2TLH_CGTGTAACACTTAACG_1,1.7699183527686247e-05
P3TLH_TCAACGACACACCGAC_1,1.7698210032244403e-05
P5TLH_AAGGTTCTCACATGCA_1,1.769647757000378e-05
P3TLH_CTAGAGTAGATGGCGT_1,1.769462597697414e-05
P2TLH_GCGAGAAGTTCCCTTG_1,1.7679570848531312e-05
P5TLH_CGAGCACCACAGACAG_1,1.7667084464567148e-05
P4TLH_ATAAGAGTCAGCTGGC_1,1.766340894122332e-05
P3TLH_CCTACCACATGAACCT_1,1.7653361065559506e-05
P5TLH_GTCACGGTCTGGCGAC_1,1.7645514574115924e-05
P3TLH_GTACGTACATGGATGG_1,1.763984032473414e-05
P2TLH_AAAGATGAGCAGACTG_1,1.7637332285404982e-05
P3TLH_CCTATTACAATCACAC_1,1.7636265759206513e-05
P3TLH_ACTGAACGTCCGTTAA_1,1.7591221829345218e-05
P1TLH_ATCGAGTAGCCAGGAT_1,1.7584578947974454e-05
P4TLH_GAATAAGGTCACTTCC_1,1.756575490536326e-05
P5TLH_GTGCATATCCATGAGT_1,1.7561595195797186e-05
P3TLH_CAAGTTGCATTGTGCA_1,1.7561337240141442e-05
P4TLH_GCCAAATTCCCTTGCA_1,1.756127568233266e-05
P2TLH_TTTCCTCCAGCGTCCA_1,1.756066178641172e-05
P3TLH_TCCCGATGTGGCAAAC_1,1.7552623736585473e-05
P4TLH_CTAATGGCATGTCTCC_1,1.7552601812885046e-05
P3TLH_TGAGCATAGTCCGTAT_1,1.7544881974107405e-05
P2TLH_CTAACTTGTGCGATAG_1,1.7542366465335764e-05
P4TLH_CATCGGGAGCGTCAAG_1,1.7542174226857577e-05
P2TLH_TGACAACGTACTCTCC_1,1.7527517221930487e-05
P3TLH_AGCAGCCAGCAGATCG_1,1.7507129804934895e-05
P2TLH_CGCTATCCATGGTTGT_1,1.75009294353807e-05
P2TLH_CGGACGTAGTGCTGCC_1,1.7496301055312454e-05
P5TLH_GCGGGTTAGCTACCTA_1,1.749623248800988e-05
P5TLH_ACATACGCATGCTAGT_1,1.7495663160562533e-05
P2TLH_GTTTCTACAGCCTTTC_1,1.7494598912147732e-05
P5TLH_TCTTCGGAGGACCACA_1,1.7494535267118097e-05
P3TLH_TGGACGCGTCTAAACC_1,1.7491239665193963e-05
P5TLH_GCGCCAACATTAGCCA_1,1.748654096241562e-05
P3TLH_AAGGCAGCATGTAAGA_1,1.748082091661576e-05
P5TLH_ATTTCTGCATTAACCG_1,1.7479463703682517e-05
P3TLH_ACCTTTACAGCATACT_1,1.7478740654008256e-05
P5TLH_TAGGCATTCAACCATG_1,1.7470010523037737e-05
P3TLH_ACACTGAAGACATAAC_1,1.7462996058970587e-05
P5TLH_GGACGTCTCGAATGGG_1,1.7460904746775588e-05
P2TLH_GGAGCAAGTCCAACTA_1,1.7456227594871843e-05
P3TLH_CGTTCTGTCTTGCCGT_1,1.7455278044156334e-05
P1TLH_ACTTACTGTGTAACGG_1,1.7454419898574223e-05
P2TLH_TCGTACCTCTTGTTTG_1,1.745064357423269e-05
P3TLH_GACGTTAGTCTAACGT_1,1.7443307762836885e-05
P4TLH_CCTAAAGGTCCCGACA_1,1.743714107861292e-05
P5TLH_TGAGAGGGTCAAACTC_1,1.7425328835903792e-05
P5TLH_TTTGCGCCAATGACCT_1,1.742504103821336e-05
P2TLH_CGAGCACGTCTCCACT_1,1.742334788488348e-05
P4TLH_CAGAGAGAGCGTGAAC_1,1.7412414022232675e-05
P2TLH_GAAACTCTCTGTCTAT_1,1.7401521641555412e-05
P3TLH_TCTCATAAGAGGACGG_1,1.7394366904071818e-05
P2TLH_CAGATCAGTTTGTTGG_1,1.739239634428665e-05
P2TLH_CAGATCATCACCTTAT_1,1.738048080729535e-05
P3TLH_CACAGGCCAAGGTTTC_1,1.7373938828394435e-05
P2TLH_CACACTCAGCGATTCT_1,1.7368821906637148e-05
P1TLH_ATCTACTCAGCCACCA_1,1.7359560618899642e-05
P4TLH_TCGCGAGAGTAGTGCG_1,1.7357255827695874e-05
P2TLH_ACGAGGAAGTGGTAGC_1,1.7348496397283945e-05
P1TLH_CGACCTTAGTCTTGCA_1,1.734630780085158e-05
P2TLH_CAGCATAAGGATTCGG_1,1.734174276269586e-05
P5TLH_GACAGAGGTCTCTTAT_1,1.732730758762592e-05
P1TLH_AAAGTAGTCAAACGGG_1,1.731219941479854e-05
P3TLH_AGCGTCGCATCGTCGG_1,1.7298749511222817e-05
P5TLH_GCACTCTGTCCGAATT_1,1.7286166135481115e-05
P2TLH_TTCGAAGAGGGTCTCC_1,1.7267179162786267e-05
P1TLH_ACCAGTACACGAAAGC_1,1.7246340145522318e-05
P2TLH_CCATTCGGTTGGTGGA_1,1.7229375398175738e-05
P5TLH_AGGTCATAGTGACTCT_1,1.7216352508638764e-05
P5TLH_GTTAAGCGTATCACCA_1,1.720637820490149e-05
P4TLH_TCAACGAGTCTTGCGG_1,1.7198545206949476e-05
P3TLH_CGGTTAACACATTCGA_1,1.718712986412352e-05
P5TLH_ACTGAGTTCCTCATTA_1,1.718076708321009e-05
P3TLH_TCATTTGAGACCTAGG_1,1.7174513808125724e-05
P2TLH_CCTCTGAAGAGCTGGT_1,1.7173409297850254e-05
P2TLH_TGCTGCTGTCACTTCC_1,1.71726901892364e-05
P3TLH_CGGACTGAGGCGATAC_1,1.7172401029786667e-05
P5TLH_TGGTTAGTCATGTCTT_1,1.7167817463720288e-05
P5TLH_AGAATAGGTCTCTTTA_1,1.715831824103797e-05
P3TLH_GAGCAGAAGTTAGGTA_1,1.7146749017320072e-05
P3TLH_TGATTTCGTACCGGCT_1,1.711432788023249e-05
P5TLH_CAGCATACAAGGTGTG_1,1.7099859563213575e-05
P5TLH_TAGCCGGGTAGAGCTG_1,1.7093340564440656e-05
P3TLH_TAAGCGTTCGTACGGC_1,1.7084742352298446e-05
P2TLH_CATCCACAGAGACTTA_1,1.7083032441208762e-05
P3TLH_GACGCGTCAGATTGCT_1,1.706486964862906e-05
P2TLH_ATTTCTGAGATAGCAT_1,1.7063570667422557e-05
P4TLH_TGAGGGAGTTGAGTTC_1,1.706298872723207e-05
P5TLH_CAGAATCGTGTAATGA_1,1.7061910093187455e-05
P5TLH_ATGAGGGAGAACTGTA_1,1.7056414374934313e-05
P3TLH_TATCTCATCGTCCAGG_1,1.7056265694593128e-05
P3TLH_AAGTCTGTCTGTGCAA_1,1.7051082269954704e-05
P3TLH_TGTCCCAGTCTGGTCG_1,1.7047908101222357e-05
P5TLH_CTCTAATTCCTCATTA_1,1.704783388508843e-05
P5TLH_GGCAATTGTAACGACG_1,1.7037334331861603e-05
P3TLH_CGGACACCATGCCTAA_1,1.7036043240126995e-05
P2TLH_CAGCTAAGTCCAGTAT_1,1.7035233543853255e-05
P3TLH_TACAGTGAGACCTAGG_1,1.7031681424547048e-05
P3TLH_GTCTTCGCAACTGGCC_1,1.7025129596924447e-05
P2TLH_CGTTAGAGTCAGAATA_1,1.7021909115582143e-05
P3TLH_CGATGGCAGTTACGGG_1,1.7018154104985865e-05
P3TLH_CTAGTGAAGCTCCTCT_1,1.7011386907847788e-05
P3TLH_GCTCTGTTCTTGAGGT_1,1.699398939618396e-05
P4TLH_ACCGTAAAGATACACA_1,1.6968193358006748e-05
P3TLH_CCACGGAAGACCGGAT_1,1.692748102629729e-05
P4TLH_TACAGTGGTGTATGGG_1,1.692703503585307e-05
P2TLH_ACAGCCGTCTTGTTTG_1,1.6923134479956952e-05
P3TLH_CTCTAATTCAGAGACG_1,1.6916974390477472e-05
P5TLH_GTCCTCATCCAAACAC_1,1.6916211367173552e-05
P3TLH_TTATGCTGTATCTGCA_1,1.691361109180074e-05
P4TLH_TGAGGGAAGAGGACGG_1,1.6893666448706028e-05
P4TLH_TATTACCTCTGAGGGA_1,1.6891463506101547e-05
P5TLH_GGAAAGCCACAGCCCA_1,1.6890400421844404e-05
P3TLH_CGAATGTGTCGCGGTT_1,1.6888095452035773e-05
P1TLH_TATCAGGCAAGCGATG_1,1.688741387676231e-05
P1TLH_TAGACCACAAATACAG_1,1.6882345663360933e-05
P3TLH_CCTTCGAAGCCTATGT_1,1.6872458120553846e-05
P5TLH_ACAGCTAGTTACCAGT_1,1.6870188247901418e-05
P1TLH_AGTCTTTTCGGTGTTA_1,1.6864842121791733e-05
P2TLH_GCAAACTCATTCACTT_1,1.6863496627747753e-05
P3TLH_TAGTGGTAGTTAGCGG_1,1.6861983267802333e-05
P3TLH_CTTAACTGTCATGCAT_1,1.6861510501883964e-05
P2TLH_GTCATTTTCTGTGCAA_1,1.6855195329411236e-05
P5TLH_GGGTCTGGTAAATACG_1,1.684257254640412e-05
P5TLH_GGACAGAGTTTGTGTG_1,1.6839204210233954e-05
P3TLH_ATGGGAGGTTTACTCT_1,1.681762347159552e-05
P3TLH_GGCTCGATCACCCGAG_1,1.6780214833540337e-05
P3TLH_TCAGCAAGTAACGCGA_1,1.6772313873712206e-05
P3TLH_TTGAACGCAAACGTGG_1,1.6768716299659736e-05
P5TLH_TTAGGACGTTTAGGAA_1,1.6768532671164677e-05
P4TLH_ATAAGAGAGAAAGTGG_1,1.6753068293953704e-05
P3TLH_CAACCTCAGGCATGTG_1,1.6748750528594043e-05
P3TLH_GGGATGACAGGCTGAA_1,1.6728345164867862e-05
P3TLH_TTTGCGCTCATTTGGG_1,1.6723164143982283e-05
P5TLH_CAAGATCCACACCGCA_1,1.6718738112610676e-05
P5TLH_TACCTTATCTTCTGGC_1,1.6718102816407882e-05
P2TLH_CAAGTTGCAGTCGATT_1,1.6715858744108302e-05
P2TLH_TTGCCGTGTCGTTGTA_1,1.6715239365988675e-05
P3TLH_TGACTAGGTACTTCTT_1,1.6705529139151986e-05
P5TLH_ATAACGCTCCTTTCTC_1,1.67040423118109e-05
P2TLH_GGGATGAGTGCGCTTG_1,1.6703558071543803e-05
P2TLH_TGAAAGAGTTAAAGAC_1,1.670271449645137e-05
P3TLH_TCCACACTCCTATTCA_1,1.6702714496451184e-05
P2TLH_AGGGTGATCGTACCGG_1,1.669979291235138e-05
P3TLH_GATCGATAGCTGGAAC_1,1.669963892524038e-05
P2TLH_AACCATGGTCCGTGAC_1,1.6697854461972727e-05
P3TLH_CATATGGTCCGTAGGC_1,1.6694445964459344e-05
P3TLH_GGATTACCATTGTGCA_1,1.6690347688731763e-05
P3TLH_CATGCCTTCTGTCAAG_1,1.6688848730266525e-05
P5TLH_GTCTTCGTCTTTAGGG_1,1.6685643123914292e-05
P3TLH_AACTCCCGTCTTGCGG_1,1.6665475461403248e-05
P3TLH_CCGTTCAAGAGGGATA_1,1.6664651431143323e-05
P3TLH_ATCCACCAGAGTACCG_1,1.6664257711248648e-05
P3TLH_CACACCTTCCTGCTTG_1,1.666284765628273e-05
P5TLH_GCATGTAGTAAGGGAA_1,1.6654937984344598e-05
P2TLH_TACTCATTCTAACTCT_1,1.665364988399501e-05
P2TLH_GCTGCAGCAACACCCG_1,1.6651654402849306e-05
P3TLH_ACACTGAGTCGGCACT_1,1.664897679184077e-05
P3TLH_CGATTGATCGGCCGAT_1,1.664601500873805e-05
P2TLH_GCGAGAACATGCCTTC_1,1.6561586730621654e-05
P4TLH_GTCACGGAGGAGTAGA_1,1.653768754991695e-05
P3TLH_CTCGTCAAGCCAACAG_1,1.6526973249970613e-05
P5TLH_ACTTGTTGTGAGCGAT_1,1.652456148008972e-05
P3TLH_CGAACATAGATGGCGT_1,1.6517342240964448e-05
P3TLH_GGATTACAGTTTCCTT_1,1.650049876636295e-05
P2TLH_AAAGATGTCGACCAGC_1,1.6482212405384777e-05
P5TLH_AAAGCAAGTCAGAGGT_1,1.6472456476741522e-05
P2TLH_GCTGCAGCAGGATTGG_1,1.6467807620814683e-05
P1TLH_GTCTCGTTCCTTCAAT_1,1.6458381242507782e-05
P4TLH_GCATACATCCGTAGTA_1,1.645603531530657e-05
P5TLH_TAAACCGAGACCTTTG_1,1.6452726552963474e-05
P4TLH_CATATTCGTTGAGTTC_1,1.6451670729394628e-05
P3TLH_GATGAAAGTCACCTAA_1,1.645150179835002e-05
P2TLH_GAATAAGAGAGTGACC_1,1.6449335996845822e-05
P3TLH_ACGAGCCAGCCTATGT_1,1.644120394569099e-05
P3TLH_TTCGGTCTCGATGAGG_1,1.644118628383465e-05
P3TLH_ATGAGGGCATTTGCCC_1,1.6440876499117628e-05
P3TLH_CACCTTGAGTGTCTCA_1,1.6435205280723258e-05
P4TLH_CCTTCGAAGCAGCGTA_1,1.6425922951649165e-05
P1TLH_TATCTCATCCTAGGGC_1,1.6413166411937836e-05
P2TLH_GCGCGATTCCGAACGC_1,1.6411949749604814e-05
P5TLH_GTGCAGCAGATCTGCT_1,1.640709677843238e-05
P3TLH_ATCTACTTCTACCTGC_1,1.6404486118601753e-05
P3TLH_AAGCCGCAGGGTATCG_1,1.6402492126445877e-05
P2TLH_CGAATGTTCCACGTTC_1,1.6396322791424375e-05
P2TLH_CAGATCAAGTGAACAT_1,1.6394674942239308e-05
P2TLH_TAAGAGAAGGACAGAA_1,1.6394132524584035e-05
P3TLH_ACACTGATCGCTTAGA_1,1.6391482001978826e-05
P2TLH_TTAGGACGTCGCATAT_1,1.6388925691646962e-05
P3TLH_CAGCTAATCATGCTCC_1,1.638730605668706e-05
P2TLH_ATCCACCAGCCGTCGT_1,1.6385844982591824e-05
P1TLH_ATCCGAAGTTCAGCGC_1,1.6368835335198643e-05
P1TLH_CCGTACTTCCATTCTA_1,1.6354290359941612e-05
P5TLH_CTAATGGTCATCATTC_1,1.6339028015025877e-05
P3TLH_CTGAAACCAATTCCTT_1,1.633306411762445e-05
P2TLH_GACAGAGAGCCCAGCT_1,1.6314837284828885e-05
P2TLH_TTTCCTCAGCCGTCGT_1,1.6282054918174078e-05
P1TLH_AACCGCGTCCACGCAG_1,1.6262746780635646e-05
P5TLH_ACGCCAGCACGCTTTC_1,1.6245736964545868e-05
P2TLH_CGTAGCGAGAATGTGT_1,1.624152044112129e-05
P2TLH_GTCGTAACACGGTAAG_1,1.6229434789425075e-05
P4TLH_CCTTACGGTCACAAGG_1,1.6227636809498134e-05
P2TLH_GGGAGATAGGTAGCCA_1,1.622678737870546e-05
P3TLH_CGTAGCGGTGCGCTTG_1,1.6226015778591524e-05
P3TLH_TCGTAGAGTATAGGTA_1,1.6223134247964782e-05
P3TLH_GAGCAGACATTAGCCA_1,1.619606379805673e-05
P2TLH_GTCGTAAAGTCCGTAT_1,1.618721637125433e-05
P3TLH_AAGCCGCGTCACCCAG_1,1.6174706060820983e-05
P1TLH_GATCGATTCACTTATC_1,1.617285730119305e-05
P5TLH_CCTAGCTAGATCCCGC_1,1.6135160074086172e-05
P5TLH_TACGGGCAGATCACGG_1,1.6134482596963465e-05
P2TLH_GACTGCGCATATGCTG_1,1.6134368218650244e-05
P3TLH_GGCGACTAGCCGATTT_1,1.612109822338714e-05
P4TLH_CCCTCCTCAGTCGATT_1,1.6113932325767112e-05
P2TLH_CTCATTATCCAAACAC_1,1.6111691437332705e-05
P4TLH_ACTGCTCAGTGTCTCA_1,1.610702553173389e-05
P3TLH_ATCACGATCCAATGGT_1,1.6105327170750963e-05
P1TLH_TATGCCCTCTAACTTC_1,1.610131303271624e-05
P3TLH_TGGGAAGTCCAGATCA_1,1.6100187778487402e-05
P3TLH_GCACTCTAGTTGTAGA_1,1.6088469222679912e-05
P5TLH_TTTATGCTCACGATGT_1,1.6088251871037165e-05
P5TLH_ACCGTAAAGTTACCCA_1,1.6072738527649972e-05
P5TLH_TCTTTCCAGTTGAGAT_1,1.6068015499275426e-05
P5TLH_TTCGAAGTCCGTCATC_1,1.6065531996844895e-05
P4TLH_TTCGAAGAGTGTTAGA_1,1.6063124546135187e-05
P1TLH_TTCTACACATTGGTAC_1,1.6060858338168904e-05
P5TLH_GGACAGAAGGTACTCT_1,1.606010736054476e-05
P3TLH_GCTGCAGAGGTTCCTA_1,1.605996851137022e-05
P2TLH_GACGCGTTCTGCGTAA_1,1.605302412192274e-05
P5TLH_TAGACCAAGAGTGACC_1,1.605256870746364e-05
P5TLH_TTTACTGTCGTCTGAA_1,1.6052566980392406e-05
P5TLH_GACGGCTCAGCGATCC_1,1.6043113655227047e-05
P1TLH_GACTAACAGAATTGTG_1,1.6017425869710725e-05
P3TLH_CATGCCTTCATGCATG_1,1.6009535206965327e-05
P3TLH_GTAACGTGTCGAGTTT_1,1.597840124819727e-05
P3TLH_GCTTGAAGTTCTGTTT_1,1.595715162433357e-05
P1TLH_TCAATCTCAATGTAAG_1,1.5943190105662538e-05
P5TLH_TTGCCGTAGCTGTCTA_1,1.59190666399814e-05
P2TLH_CGATCGGAGACCGGAT_1,1.5908419268070644e-05
P3TLH_AACCATGGTCTCCCTA_1,1.5896465741900756e-05
P3TLH_GGTATTGCAGCTGTTA_1,1.582987583443662e-05
P3TLH_CTCATTAAGTTCGCAT_1,1.5829406008821707e-05
P3TLH_CTACATTCATACTACG_1,1.5802498147949708e-05
P5TLH_CTTTGCGTCACCTCGT_1,1.5787596200100993e-05
P3TLH_CTGATAGAGAGGTAGA_1,1.5785276999765433e-05
P2TLH_GTTCATTGTTCGGCAC_1,1.577188339836286e-05
P3TLH_GGCCGATCAAACTGTC_1,1.5753999172028708e-05
P2TLH_ACTTACTGTCTCAACA_1,1.5747987394737835e-05
P2TLH_CATTATCTCCACGACG_1,1.5734739730194612e-05
P2TLH_CGAGAAGGTAGCACGA_1,1.572751924679905e-05
P2TLH_TGAGAGGGTAGTAGTA_1,1.572347046859769e-05
P3TLH_GGGAGATAGCTCCCAG_1,1.572245545334338e-05
P3TLH_TGGCTGGCACACAGAG_1,1.569530839456936e-05
P5TLH_CGACTTCGTCTCAACA_1,1.566321226704816e-05
P3TLH_TTTGTCAAGGCTATCT_1,1.5661700100359905e-05
P3TLH_TCTTTCCGTCAGCTAT_1,1.5659116736082837e-05
P4TLH_CCTCTGACAGGTCCAC_1,1.56559389954435e-05
P3TLH_CGATGTATCAAACAAG_1,1.5645678706365537e-05
P2TLH_GACGTGCCAGTATGCT_1,1.5641863437325888e-05
P2TLH_TCATTTGAGAAGGCCT_1,1.5630369414065467e-05
P2TLH_ACGAGGAGTTAAAGAC_1,1.5627470170702828e-05
P4TLH_TGATTTCGTCGAAAGC_1,1.5624268900253208e-05
P5TLH_CTCGAAAAGTGAACGC_1,1.5620660925518547e-05
P2TLH_AGGGAGTCATTCTTAC_1,1.5620120774212526e-05
P4TLH_CATCGGGCACCAGATT_1,1.561444143547694e-05
P3TLH_CTCGGGACATCCCATC_1,1.5613858274943105e-05
P2TLH_GGGCATCCAGATGGCA_1,1.5609084629372262e-05
P3TLH_TGGCCAGGTTGATTCG_1,1.5602861187348573e-05
P4TLH_TCTATTGAGGTGCACA_1,1.554757990548932e-05
P1TLH_GCACATAGTGCGATAG_1,1.5538712471000914e-05
P5TLH_GAAATGATCTTCAACT_1,1.5532808120645725e-05
P2TLH_GAAGCAGTCCGCATCT_1,1.5532624275026387e-05
P3TLH_GCAGCCATCGTATCAG_1,1.5526576774290465e-05
P5TLH_CTCAGAACATTCCTGC_1,1.550338688716984e-05
P3TLH_ACCCACTAGCGTTGCC_1,1.5493611962415694e-05
P3TLH_CACATTTGTTGAGGTG_1,1.5452221589293905e-05
P3TLH_TCTCATATCACCTCGT_1,1.54436069313661e-05
P3TLH_GGCGACTGTAGCGCAA_1,1.5387753104611175e-05
P3TLH_CTGAAGTCAAAGCGGT_1,1.537806994156396e-05
P5TLH_GATGAAAAGTTTGCGT_1,1.5363364557597345e-05
P4TLH_CTTGGCTTCCTCCTAG_1,1.535638718776963e-05
P5TLH_TATGCCCCATGACATC_1,1.5355744524214345e-05
P5TLH_CACATAGGTGCTGTAT_1,1.532698794379983e-05
P5TLH_GTGAAGGGTCTTGTCC_1,1.5322781230725185e-05
P2TLH_CGCCAAGTCAACGCTA_1,1.5321645395609603e-05
P3TLH_ATAACGCCAGTAAGCG_1,1.531135748333967e-05
P3TLH_ACATACGGTACAGCAG_1,1.5285701981222147e-05
P5TLH_ACGGGCTGTGTCCTCT_1,1.5269668683883942e-05
P2TLH_CACAGGCAGTTTCCTT_1,1.526944933478271e-05
P4TLH_GCTCCTAAGACTAGAT_1,1.5244945384552169e-05
P2TLH_TGCGGGTTCCAAGCCG_1,1.5240345696794925e-05
P1TLH_AAGGAGCGTCTCGTTC_1,1.5210878183124407e-05
P3TLH_AGAGCTTGTACAGACG_1,1.5194452878442844e-05
P5TLH_CGTGTAACATGACGGA_1,1.515641774736244e-05
P2TLH_AACTCAGCAGCATGAG_1,1.5128224801294905e-05
P3TLH_ACCGTAAGTTGTCTTT_1,1.5115911470976936e-05
P3TLH_CAGCCGATCGCCTGTT_1,1.5106257454724224e-05
P3TLH_AACCGCGGTCCAGTAT_1,1.5105305421387964e-05
P5TLH_CCTTCGAAGTGTCTCA_1,1.5102046911284241e-05
P2TLH_CTAGAGTTCAACTCTT_1,1.509023773297749e-05
P4TLH_CTACGTCGTCGTTGTA_1,1.5088163029785378e-05
P2TLH_TTGGCAAGTTACGACT_1,1.5069063109297276e-05
P2TLH_CCCAGTTTCGCAAACT_1,1.5050363312636052e-05
P3TLH_GACTACACAATAAGCA_1,1.5041811300346281e-05
P3TLH_TCAGGTAGTAATAGCA_1,1.5035178172735515e-05
P5TLH_ACCGTAAAGAGACTTA_1,1.5027142339466296e-05
P2TLH_AGAGCTTGTTTGCATG_1,1.5023912358408198e-05
P2TLH_ATAGACCTCACCAGGC_1,1.5023596678780729e-05
P5TLH_TGAAAGAGTCAAGCGA_1,1.5015153465458675e-05
P4TLH_AGGTCATAGAGCCTAG_1,1.5008377092562824e-05
P5TLH_TTTCCTCTCAGTGTTG_1,1.5003752694948128e-05
P3TLH_CGCGGTATCAGCTTAG_1,1.5003318624410864e-05
P3TLH_TGGGAAGTCACGCGGT_1,1.4997139928135426e-05
P3TLH_GGATTACGTTCAGACT_1,1.4990128949745534e-05
P5TLH_GGCTGGTTCCCTCTTT_1,1.4989621456613334e-05
P3TLH_CTAGTGAGTTCTGAAC_1,1.4985270380147914e-05
P3TLH_TACGGATAGTTATCGC_1,1.498502326915157e-05
P3TLH_ATTTCTGAGAACAATC_1,1.4983375177777495e-05
P4TLH_GTACGTAGTGGACGAT_1,1.4935405403570057e-05
P4TLH_GTAACTGCATACGCCG_1,1.48859155902189e-05
P3TLH_AAGACCTGTTGTTTGG_1,1.4884138928415611e-05
P3TLH_AGCTCTCCACAGGCCT_1,1.4881064098778674e-05
P2TLH_GAACATCAGAAACGCC_1,1.4860482296060428e-05
P3TLH_GACACGCAGCTAGTTC_1,1.4855675985296067e-05
P2TLH_GGGTTGCGTCTCGTTC_1,1.4855152321842777e-05
P4TLH_TTCGAAGTCAAGGCTT_1,1.4852316312287103e-05
P5TLH_CAACCTCAGGAGTTTA_1,1.4849860283429132e-05
P1TLH_GAACCTATCTCGAGTA_1,1.484704436026016e-05
P2TLH_GTGTGCGTCGCAAGCC_1,1.4825380066227747e-05
P2TLH_ACTGCTCTCGAATCCA_1,1.482068193540324e-05
P2TLH_CGGGTCAGTCCGAATT_1,1.4817755729966476e-05
P1TLH_GCGACCAAGTTAGCGG_1,1.479885118771101e-05
P2TLH_CATGGCGGTAAACGCG_1,1.4764068671790025e-05
P5TLH_GAGCAGACACCCTATC_1,1.4675233154082149e-05
P4TLH_GTGCTTCTCAACACCA_1,1.4654552814809355e-05
P3TLH_TTGACTTTCTAACCGA_1,1.461511487209944e-05
P3TLH_CCACTACCAGCCACCA_1,1.4611660490236905e-05
P3TLH_CGGACGTAGGTGCACA_1,1.4561425911504966e-05
P2TLH_TCAGATGGTCCTAGCG_1,1.4559836821730812e-05
P4TLH_GGTGCGTGTCAGAAGC_1,1.4540440051379385e-05
P3TLH_GGACATTCACGTCAGC_1,1.4539117381618366e-05
P5TLH_ACAGCCGCACTGTGTA_1,1.449698658147465e-05
P3TLH_CTAGAGTTCACAATGC_1,1.4484035486755894e-05
P3TLH_GCGCAGTGTACTCTCC_1,1.4472893717264565e-05
P1TLH_CGACTTCCACTGAAGG_1,1.4470222101099131e-05
P2TLH_ACGGAGATCCTTTCTC_1,1.4451828642305564e-05
P5TLH_CATCAAGTCCAGATCA_1,1.4441469220822385e-05
P4TLH_TTAGGACAGACGCAAC_1,1.4435678850137531e-05
P5TLH_CAGAGAGAGGCTATCT_1,1.4396832624749201e-05
P3TLH_TCACAAGAGTGGAGTC_1,1.4369332483884934e-05
P4TLH_GTGCGGTAGTGAACAT_1,1.4362377560344584e-05
P1TLH_AAACGGGAGTAGGCCA_1,1.4321333821880156e-05
P4TLH_CATGACAGTGCACGAA_1,1.4299474413952855e-05
P3TLH_CCCAGTTAGGCGTACA_1,1.4293400403496155e-05
P3TLH_GCTTGAAGTTCCACTC_1,1.4286953821313492e-05
P4TLH_GCTTGAATCATTGCCC_1,1.4279234561393695e-05
P3TLH_TAAGAGAAGGCTATCT_1,1.4263019920802772e-05
P3TLH_TGCTGCTCACACATGT_1,1.4242000462744252e-05
P3TLH_CCATTCGAGAAGGACA_1,1.4227838002095272e-05
P5TLH_CGCGTTTAGCAATATG_1,1.422757488846262e-05
P3TLH_TGCGGGTAGGAGTCTG_1,1.4217471462607023e-05
P3TLH_TCTTCGGGTCTAGTCA_1,1.420813155248819e-05
P3TLH_TGTCCCACACGCCAGT_1,1.41974907850032e-05
P2TLH_CCTATTAGTAGCTCCG_1,1.4195152754396076e-05
P3TLH_CCTTCGATCCCAAGTA_1,1.4192459962619712e-05
P5TLH_GGACAGATCCCAACGG_1,1.418142542980187e-05
P3TLH_TCTGGAACAGACGTAG_1,1.4156963655478993e-05
P5TLH_TAAACCGCATCAGTAC_1,1.415696365547895e-05
P5TLH_GTCACAAGTTAAGACA_1,1.4136700431290738e-05
P3TLH_CTCGGAGAGCGCTTAT_1,1.4129336329226852e-05
P4TLH_ACATGGTTCCTAGAAC_1,1.4124550126260491e-05
P1TLH_GACCTGGAGTGACATA_1,1.4121399229404981e-05
P2TLH_TTGGCAAAGGAACTGC_1,1.4115507278091096e-05
P3TLH_CATATTCCACGAGAGT_1,1.4101611776268128e-05
P2TLH_CTACACCAGAAGATTC_1,1.4097983934049053e-05
P2TLH_TCGCGTTAGACTTGAA_1,1.4084638755632942e-05
P3TLH_CTCGTCAGTAGGCATG_1,1.4082898119137833e-05
P5TLH_TGCCCATAGGTAGCCA_1,1.40807357087136e-05
P4TLH_GCCTCTACAAACTGTC_1,1.407993419066741e-05
P3TLH_TTGCCGTTCCATGAAC_1,1.406985754348478e-05
P3TLH_CTCGTCAAGATCGGGT_1,1.4067492728959672e-05
P3TLH_TGGCCAGGTGTGCCTG_1,1.4063562726721275e-05
P4TLH_GTGCATAGTGCTAGCC_1,1.4061002598408144e-05
P4TLH_CCTCAGTTCTGGGCCA_1,1.4060279288938621e-05
P4TLH_CCCAATCTCTGCAAGT_1,1.4059445815141133e-05
P2TLH_CTGATCCGTCGGGTCT_1,1.4059426591412853e-05
P1TLH_ATGTGTGAGTGTTAGA_1,1.4059163610261316e-05
P5TLH_TGCGTGGAGAGTCTGG_1,1.4058408688842202e-05
P2TLH_AGTGGGAGTAAATGTG_1,1.4058173068475817e-05
P1TLH_GCTGCTTTCGGCTACG_1,1.4058108696791417e-05
P3TLH_TCAATCTAGATAGCAT_1,1.4054189394267704e-05
P3TLH_ATGTGTGGTGCCTTGG_1,1.405151708962089e-05
P2TLH_CTACATTCAAACCCAT_1,1.4045999599390266e-05
P3TLH_CAGCGACCAGCCTTTC_1,1.40450094919258e-05
P4TLH_CTCCTAGTCAACACGT_1,1.401751044888303e-05
P3TLH_AACCGCGCAAGGTGTG_1,1.3944091466455695e-05
P5TLH_AACTGGTTCCACGTTC_1,1.3921452375015571e-05
P1TLH_CTAGTGACAATCGGTT_1,1.391828599328763e-05
P5TLH_ATGAGGGTCTTCATGT_1,1.3873172620804114e-05
P3TLH_GTATCTTTCGACCAGC_1,1.3811251569365708e-05
P2TLH_AGCGTCGAGGGAAACA_1,1.3806622097581404e-05
P5TLH_TTAACTCGTTGGTTTG_1,1.3806281148545618e-05
P1TLH_TCTTTCCTCTGTTTGT_1,1.3793778438062486e-05
P2TLH_CAAGATCTCGTTGCCT_1,1.3765435879935992e-05
P5TLH_CTCTAATAGCGTTTAC_1,1.3740628213029794e-05
P3TLH_TACTCGCGTTATCCGA_1,1.370805423105226e-05
P3TLH_CCTACCAGTGCTCTTC_1,1.367081804720387e-05
P3TLH_CCACGGATCGTCCGTT_1,1.3564478521391858e-05
P3TLH_TCCCGATCACCTTGTC_1,1.3543743602724854e-05
P3TLH_AACTCCCTCACGGTTA_1,1.351294333984935e-05
P5TLH_CTGTGCTAGCAATCTC_1,1.3471788962511457e-05
P2TLH_GCAGTTAAGGATATAC_1,1.3464062623468775e-05
P1TLH_CTACGTCCATCACGAT_1,1.3457109440472354e-05
P4TLH_CCCTCCTGTAGCGTAG_1,1.3427699191429493e-05
P5TLH_AAGACCTTCGAGCCCA_1,1.3402746357076875e-05
P5TLH_TTTATGCAGTACGCGA_1,1.3393625696598971e-05
P1TLH_TGTGGTATCGATCCCT_1,1.3365770953084741e-05
P2TLH_TGTATTCAGCAATCTC_1,1.3345218973415428e-05
P5TLH_GCATGATGTCGTTGTA_1,1.3341873857124872e-05
P2TLH_CATTCGCAGCTGTTCA_1,1.3326293496437595e-05
P5TLH_ACGCCGACAACGCACC_1,1.330356389146353e-05
P3TLH_AGTAGTCTCCTCATTA_1,1.3298533987906161e-05
P4TLH_CATCCACGTCAGATAA_1,1.3296606382724228e-05
P5TLH_GTGTTAGTCGGCTACG_1,1.3221085915753167e-05
P3TLH_CCATTCGGTAAGTGGC_1,1.3152858297647517e-05
P4TLH_AAAGTAGAGGTTCCTA_1,1.3123898373238457e-05
P2TLH_TTGACTTGTTGTCTTT_1,1.312087994412741e-05
P1TLH_TACTCGCTCACGACTA_1,1.3040796602188355e-05
P3TLH_TGGCCAGAGCCCTAAT_1,1.2943611299287934e-05
P1TLH_CCTACACGTCGCGTGT_1,1.2927462794705516e-05
P3TLH_TTGACTTCAGGGAGAG_1,1.2915641202720759e-05
P4TLH_CATATGGCAAAGTCAA_1,1.2900109248327614e-05
P3TLH_CATCCACAGCTAGTGG_1,1.2873493920444578e-05
P5TLH_AGCTCTCTCGTTTAGG_1,1.2853163850646842e-05
P5TLH_CGACTTCCATGAAGTA_1,1.2806388861235474e-05
P4TLH_CTAGAGTGTCTCGTTC_1,1.2752019419054146e-05
P4TLH_GGCGACTTCAGAAATG_1,1.2747590070518172e-05
P1TLH_CGCCAAGGTCCAGTAT_1,1.2621990001927857e-05
P4TLH_TCTTTCCCAGGCTCAC_1,1.2572840946820895e-05
P3TLH_CTGAAGTCAAGCGCTC_1,1.2565222225195034e-05
P4TLH_TAGTGGTGTACCGTAT_1,1.2564639250274116e-05
P3TLH_AGCGTCGGTCAGATAA_1,1.2542745510044722e-05
P2TLH_CAGAATCTCCGGCACA_1,1.2540336290251505e-05
P3TLH_TAGCCGGAGTGCCATT_1,1.253969231473973e-05
P3TLH_GGAATAAAGCAATATG_1,1.2538031298874028e-05
P2TLH_ACCTTTATCAGGATCT_1,1.2538031298874007e-05
P3TLH_CATGACATCTCAACTT_1,1.2537027254416027e-05
P2TLH_ACGAGGAGTAAATGAC_1,1.2534043491241813e-05
P3TLH_AAACCTGTCTACCTGC_1,1.2533848386929485e-05
P3TLH_CTGTTTAGTCGCTTTC_1,1.2531813433585347e-05
P3TLH_CTCTAATAGCGTGTCC_1,1.2528124150290859e-05
P2TLH_GGACGTCTCGGAGCAA_1,1.252135597034803e-05
P3TLH_ACGCAGCAGGCTCATT_1,1.2521355970347965e-05
P2TLH_TCTATTGCAGTCCTTC_1,1.2520113712434538e-05
P3TLH_AGGGAGTAGAGTGACC_1,1.2519454031301357e-05
P3TLH_AAGGCAGCAATCCGAT_1,1.2518983703064096e-05
P3TLH_CTCAGAACACGGACAA_1,1.2518754512371407e-05
P2TLH_TTGGCAAGTCAAAGAT_1,1.2518165639969576e-05
P3TLH_AAGACCTAGTGTACTC_1,1.2518165639969539e-05
P1TLH_CAACTAGCACACGCTG_1,1.2517431663005103e-05
P3TLH_CTTACCGGTCCAGTTA_1,1.2517175274428176e-05
P5TLH_CATGCCTTCGTCTGCT_1,1.2516819501908008e-05
P2TLH_GCGCCAATCCCAAGAT_1,1.2516585375176324e-05
P3TLH_GTAACTGAGCAGACTG_1,1.2516346840091798e-05
P3TLH_GGTGAAGAGACCCACC_1,1.2515762038735439e-05
P2TLH_TTGCCGTGTAGAGGAA_1,1.2513084788584342e-05
P2TLH_TCGTAGATCCGTTGTC_1,1.2512110715959529e-05
P3TLH_GCTGCGAGTACTCGCG_1,1.2509678158080876e-05
P3TLH_TGAGCATGTAAGAGAG_1,1.2509670641947198e-05
P3TLH_ATCCACCGTGACGCCT_1,1.2509016903102648e-05
P3TLH_CGTAGCGCATCACGAT_1,1.250792817603743e-05
P2TLH_GTTCTCGAGTCCAGGA_1,1.2507749280256429e-05
P2TLH_CCTCTGAGTCCAGTGC_1,1.2506734039670818e-05
P5TLH_GGGTCTGCACTCAGGC_1,1.2506725353059106e-05
P3TLH_CGTAGCGGTCTCCCTA_1,1.2504455738254171e-05
P3TLH_TCTCATAGTTGTCTTT_1,1.2503861421189812e-05
P3TLH_CCCAATCCACATGTGT_1,1.2503861421189787e-05
P1TLH_CCACGGATCCTGTAGA_1,1.2503289871743039e-05
P2TLH_AACCGCGAGTTCGATC_1,1.250327823939511e-05
P3TLH_AAAGTAGTCTCTAGGA_1,1.2502876788127196e-05
P5TLH_CATATTCAGGCGATAC_1,1.2502574810417929e-05
P3TLH_ACGGGTCTCGGTCCGA_1,1.2500937880937298e-05
P5TLH_GGATTACGTCTAGTGT_1,1.2500000000000079e-05
P2TLH_GAATGAACATCTCCCA_1,1.2494589494691326e-05
P4TLH_AGATCTGAGTCTTGCA_1,1.24937616074037e-05
P1TLH_CTGTGCTTCTTAGCCC_1,1.249270467381594e-05
P2TLH_AATCGGTTCGCCGTGA_1,1.2492436412513764e-05
P3TLH_GAATAAGTCATCATTC_1,1.2490380859034683e-05
P3TLH_CACATTTAGACCACGA_1,1.248909013558008e-05
P3TLH_CGACTTCCATTACCTT_1,1.2488443225725868e-05
P4TLH_CCGTACTAGAGGGATA_1,1.2486800526968713e-05
P2TLH_TACCTTATCGGAGCAA_1,1.2486152525638399e-05
P3TLH_ATTGGACCAAGAAGAG_1,1.2485329873638227e-05
P3TLH_GCATACAGTCACACGC_1,1.2484453320069699e-05
P3TLH_CGGCTAGGTGTGCCTG_1,1.2484453320069641e-05
P3TLH_AGAGCGATCGTGGTCG_1,1.2449135973579915e-05
P3TLH_ACCCACTGTGGGTATG_1,1.2423970814290804e-05
P3TLH_AAACGGGAGGCCATAG_1,1.2333437792707775e-05
P5TLH_AGAATAGGTTTGACTG_1,1.2308157007295275e-05
P3TLH_CTGCGGAGTAAAGTCA_1,1.2305396582535662e-05
P1TLH_TCTTCGGCAAGCGATG_1,1.2273031254839102e-05
P5TLH_GGCAATTCAGCTGTAT_1,1.2228614781552173e-05
P4TLH_ACTGATGTCGTAGGTT_1,1.2222755161893278e-05
P1TLH_ATTCTACTCTGCCAGG_1,1.2044151756853554e-05
P4TLH_TTGTAGGGTTGACGTT_1,1.1899756885507036e-05
P4TLH_CTAAGACAGTAACCCT_1,1.1894013359244356e-05
P5TLH_GGTATTGGTCCGTCAG_1,1.1892421431666688e-05
P4TLH_TTCTTAGTCCGCATCT_1,1.1864041484612563e-05
P4TLH_CATATGGAGTTCGCAT_1,1.1414980055209532e-05
P1TLH_GACAGAGGTCAAAGCG_1,1.1248748735617856e-05
P3TLH_CACACTCTCCCTCAGT_1,1.1246229865874433e-05
P2TLH_TACTTACCAAATCCGT_1,1.1243661784327807e-05
P1TLH_CTTAGGAGTACACCGC_1,1.1000995917340275e-05
P5TLH_AACTCCCAGGACACCA_1,1.0965346896273982e-05
P5TLH_CCATGTCAGAAACGAG_1,1.0945448033507819e-05
P2TLH_AGTCTTTTCGAACGGA_1,1.0736526859854823e-05
P5TLH_GCTGCGAGTTTGTTTC_1,1.0624291553111088e-05
P2TLH_GTGCATAGTACAGTTC_1,1.0590496819742203e-05
P3TLH_AAACCTGTCTGGAGCC_1,1.0453470903784789e-05
P4TLH_GGTGTTAAGAAGAAGC_1,1.0428457128517737e-05
P3TLH_AACTCTTCAGCTGCTG_1,1.0426111111115785e-05
P4TLH_CGAGCACCATCCGGGT_1,1.0166473717575787e-05
P2TLH_TGACTAGGTGGTCTCG_1,1.0104037743661166e-05
P4TLH_TAAGAGACAGCTTCGG_1,1.005338248940148e-05
P4TLH_CGATTGACAGAGCCAA_1,1.0046176938770537e-05
P3TLH_GATGAAATCCGTAGTA_1,9.994671172473604e-06
P5TLH_GAAGCAGAGACAATAC_1,9.988511214455692e-06
P2TLH_GACTAACAGATTACCC_1,9.988453175897275e-06
P3TLH_CTGATAGAGAGCTTCT_1,9.98826497353399e-06
P1TLH_GAAGCAGGTAGAGTGC_1,9.98325540974642e-06
P5TLH_ATAGACCGTTTGTTGG_1,9.8761170731261e-06
P3TLH_GTCACAACAGGAATGC_1,9.854790502243155e-06
P3TLH_CGTTAGAGTTGTGGCC_1,9.728184752691557e-06
P3TLH_ACGCCAGGTCGCATCG_1,9.407549928039956e-06
P4TLH_CACACAACATCGATGT_1,9.407431986976231e-06
P3TLH_TAGTGGTTCCCTAATT_1,9.406928743173782e-06
P3TLH_GTTACAGGTACTTCTT_1,9.405312694824009e-06
P3TLH_CGTCCATTCGTTGCCT_1,9.403287459291482e-06
P3TLH_TCGGTAATCGTGGGAA_1,9.399587198870481e-06
P5TLH_ATGAGGGAGGGCTCTC_1,9.396934447793147e-06
P4TLH_GGTGAAGTCAGTTCGA_1,9.396494290111296e-06
P5TLH_CTTTGCGCATCTATGG_1,9.396494290111274e-06
P3TLH_TCTTCGGCACATTCGA_1,9.396032730810434e-06
P3TLH_GTGTTAGCAATCTGCA_1,9.396032730810434e-06
P3TLH_AGATTGCAGCTGCGAA_1,9.39588816562785e-06
P3TLH_CAGCTGGCACAAGACG_1,9.393098121489776e-06
P2TLH_ACTTGTTCACCTCGTT_1,9.393098121489766e-06
P3TLH_TGCCCTAAGGCAGTCA_1,9.392068981169924e-06
P5TLH_GTCTTCGAGTGGTCCC_1,9.390963492982893e-06
P4TLH_GCATGCGTCAAGGTAA_1,9.390041069621887e-06
P3TLH_ACAGCTAAGACCACGA_1,9.389653405441167e-06
P2TLH_GATGAAAGTCTGGTCG_1,9.388668432964933e-06
P3TLH_GCCAAATTCTGTTGAG_1,9.388668432964882e-06
P3TLH_CATATGGGTTGGAGGT_1,9.388009394533371e-06
P5TLH_GACTAACGTTATCACG_1,9.387901545525694e-06
P2TLH_AGTAGTCCATTGGGCC_1,9.387887276749079e-06
P2TLH_TGTTCCGAGACGACGT_1,9.387107358092463e-06
P4TLH_GCATACAGTCCAACTA_1,9.38671797908037e-06
P3TLH_TTAGGCATCTGCGGCA_1,9.386678634339797e-06
P3TLH_ACCGTAAAGCCAGTAG_1,9.386408136918804e-06
P3TLH_GGTGCGTGTTCGTGAT_1,9.385979356561828e-06
P5TLH_CATATTCTCCTCAATT_1,9.385266439127489e-06
P5TLH_TGGCGCAGTTGTTTGG_1,9.384812359061647e-06
P3TLH_GATCGCGTCTAACTCT_1,9.384472919963092e-06
P3TLH_CACCAGGGTCCGAACC_1,9.38439136829342e-06
P2TLH_AAACCTGGTACGCTGC_1,9.383760916465153e-06
P2TLH_TCGCGTTGTCCTCCAT_1,9.38336583372254e-06
P4TLH_GGATGTTCAGCTGTAT_1,9.383029569959828e-06
P5TLH_CACTCCAAGACTGGGT_1,9.382802576895477e-06
P3TLH_ACGGGTCGTGAGTGAC_1,9.382714405193229e-06
P2TLH_GTCGGGTCAGCGTTCG_1,9.382665103150146e-06
P3TLH_CTGTGCTGTATAGGTA_1,9.38217910991209e-06
P3TLH_CAACTAGGTATAGGGC_1,9.381833046864963e-06
P2TLH_AGATCTGAGCACAGGT_1,9.381568212725946e-06
P5TLH_CCAGCGACATATGAGA_1,9.381391394854873e-06
P3TLH_TACACGAGTCTCCACT_1,9.381389423295863e-06
P5TLH_CCACCTAAGCGTTTAC_1,9.381389423295838e-06
P5TLH_TGGCCAGCATGCCCGA_1,9.381389423295838e-06
P1TLH_AGACGTTAGTCGCCGT_1,9.38138942329583e-06
P2TLH_AACTCTTAGTTAAGTG_1,9.381257823636742e-06
P3TLH_AGCAGCCTCGACCAGC_1,9.38106312574412e-06
P3TLH_GCATGATCACAACGCC_1,9.380951096576174e-06
P4TLH_CGGACGTAGGGTTTCT_1,9.380951096575722e-06
P4TLH_ACAGCCGCAGGAATGC_1,9.37898751802093e-06
P2TLH_CTCATTAGTTCAGGCC_1,9.373116158542998e-06
P3TLH_GATCGCGAGCGACGTA_1,9.371918833406803e-06
P5TLH_TAGGCATAGGTACTCT_1,9.370747680914718e-06
P3TLH_GGCAATTAGTATCTCG_1,9.370309501768845e-06
P3TLH_TGACTAGCATTATCTC_1,9.370306963496749e-06
P4TLH_GTACTTTCACATGGGA_1,9.36954727952557e-06
P5TLH_TGCTACCAGCTGAACG_1,9.368622376739237e-06
P3TLH_GACCAATCAATAGCAA_1,9.368294628203622e-06
P5TLH_CCATTCGCAGCCTTTC_1,9.367691033810757e-06
P3TLH_ACGCAGCTCGGTCTAA_1,9.366639378497317e-06
P3TLH_CCGTACTGTCAGTGGA_1,9.364174889536093e-06
P3TLH_TGATTTCTCTGAGGGA_1,9.363821278308391e-06
P5TLH_CCTAAAGGTCCGACGT_1,9.363691892901818e-06
P3TLH_GCTTGAAAGCCCAACC_1,9.363295880149872e-06
P5TLH_GATCGATAGATACACA_1,9.266206523275992e-06
P2TLH_AGATCTGGTGAGCGAT_1,9.26196921961248e-06
P5TLH_AGGCCACGTCTCTTAT_1,9.250783392343513e-06
P5TLH_CAGGTGCGTAGCGCTC_1,9.186171894129112e-06
P2TLH_TGGCGCACATCACGAT_1,9.095731710006525e-06
P1TLH_GGAAAGCTCACATACG_1,8.779807850149465e-06
P3TLH_ACATACGAGGTGACCA_1,8.746212646283983e-06
P3TLH_GTCTTCGTCGAGAACG_1,8.559441399915983e-06
P5TLH_AGAGCGACATGCAATC_1,8.516082758009915e-06
P5TLH_GGAGCAATCTATCCTA_1,8.476805290703402e-06
P3TLH_TTGCCGTGTCATATGC_1,8.475541244978665e-06
P5TLH_CATCCACGTTGAGGTG_1,8.470379908265737e-06
P3TLH_TGTGTTTCATTAGGCT_1,8.450278036370776e-06
P5TLH_AGCGTCGCAAATACAG_1,8.450131818553012e-06
P4TLH_CACCAGGAGTTGTCGT_1,8.372875600805827e-06
P5TLH_CCGTACTAGTAGTGCG_1,8.351089087390156e-06
P2TLH_TAGAGCTAGAAACGAG_1,8.291507635102998e-06
P5TLH_GCATACAAGTAGCGGT_1,8.263771921283767e-06
P3TLH_TTTGGTTCATTGCGGC_1,8.196496685564896e-06
P3TLH_GCTCCTAGTGAGCGAT_1,8.098964509003851e-06
P4TLH_GAAATGATCTACCAGA_1,7.999268057982503e-06
P3TLH_TCCACACCAAAGCGGT_1,7.958114621521746e-06
P2TLH_GGGTCTGGTCATCGGC_1,7.872832573043628e-06
P3TLH_TTAGGACGTGTGCGTC_1,7.804542314684518e-06
P5TLH_GCCAAATTCAGGATCT_1,7.765082215786133e-06
P4TLH_GTGCTTCCATACCATG_1,7.764273229098933e-06
P2TLH_TTTGTCAGTTATCGGT_1,7.739302287041174e-06
P2TLH_CTACATTCATGGTTGT_1,7.501111442415923e-06
P4TLH_TAGTGGTCATCGGAAG_1,7.466675818831178e-06
P5TLH_ACCGTAAAGTGTCCAT_1,7.2560388040123635e-06
P4TLH_AGAGCGATCTGGCGTG_1,7.22863420258944e-06
P5TLH_GTCCTCAGTGATGTCT_1,7.206448392395076e-06
P5TLH_AGTGAGGCACGGTTTA_1,7.064729842213011e-06
P2TLH_GACAGAGAGGGAGTAA_1,6.959078751871197e-06
P3TLH_GCTTCCAAGGGAAACA_1,6.818288983022989e-06
P4TLH_CCTACACGTAATAGCA_1,6.688693983218342e-06
P2TLH_GCGACCAAGAGCTATA_1,6.402866894712852e-06
P5TLH_ATAGACCGTCTTCAAG_1,6.293849591032942e-06
P5TLH_TTGTAGGAGCTTATCG_1,6.280077881571402e-06
P5TLH_GTCGTAAAGTTTCCTT_1,6.127166617077611e-06
P2TLH_CGTAGCGAGATCCCGC_1,5.6384463023441805e-06
P5TLH_GACGCGTTCTTGACGA_1,5.615982162168613e-06
P5TLH_TCGCGAGTCAAGCCTA_1,5.6080149939131074e-06
P3TLH_TGGCTGGTCATTGCCC_1,5.4621494917897115e-06
P3TLH_CGAGCACGTTTGGGCC_1,5.302833291345667e-06
P1TLH_TGGCTGGCAAGTTAAG_1,5.222589259482714e-06
P2TLH_TGGGCGTAGGCTAGCA_1,4.962464759082528e-06
P4TLH_GTTCTCGAGCGTTGCC_1,4.896981436817872e-06
P5TLH_GACTACAAGATGTGTA_1,4.7834049629315175e-06
P2TLH_CAGATCAAGCGTCTAT_1,4.700193145099333e-06
P1TLH_GCTCCTATCTTGTCAT_1,4.6007233480294685e-06
P2TLH_CTGTGCTCAGCCAATT_1,4.532063652691677e-06
P5TLH_ACAGCCGAGATATACG_1,4.312722985581362e-06
P3TLH_GATGCTATCTTAGCCC_1,4.2455313623235805e-06
P1TLH_GGGAGATCACGTCAGC_1,3.833202319643155e-06
P3TLH_CGGACTGTCAGCATGT_1,3.743900327802415e-06
P1TLH_CCAATCCGTTTAGGAA_1,3.672817677687864e-06
P1TLH_CAAGAAAAGCTAGTCT_1,3.641554938267313e-06
P3TLH_TCAGATGAGGCCCTTG_1,3.5045146972526283e-06
P5TLH_TTGGCAACAGTAAGAT_1,3.2160173244868025e-06
P1TLH_GCTTCCATCGATCCCT_1,3.1378485176341706e-06
P5TLH_TCAGCAATCTAACTCT_1,3.1285594355819916e-06
P5TLH_TCGTAGAGTCCCTACT_1,3.1261225553885656e-06
P3TLH_TAAGTGCTCAGTCAGT_1,3.1220094717926188e-06
P3TLH_CACAGGCGTCATTAGC_1,3.119166239611392e-06
P3TLH_ATAAGAGCATGTAGTC_1,3.0920717099671073e-06
P2TLH_CTCACACTCTGACCTC_1,2.9981112404156516e-06
P2TLH_GGTGTTACACAAGCCC_1,2.785897351048909e-06
P3TLH_GCGCGATAGCTCCTCT_1,2.7345015669800377e-06
P1TLH_CACCTTGAGCCATCGC_1,2.568883287236899e-06
P2TLH_CACATAGCACGCATCG_1,2.497066595447452e-06
P3TLH_CACATTTGTCTCCACT_1,2.378158071169232e-06
P3TLH_GTCGTAAAGAAACGAG_1,2.3106331357366336e-06
P5TLH_GCATGTAGTTCAGACT_1,2.075446069773479e-06
P4TLH_GCACATAGTCTCTCGT_1,2.017673211531888e-06
P3TLH_ACTTGTTGTCGGCACT_1,2.0107346196393934e-06
P2TLH_ACGAGGAAGACAATAC_1,1.859140196662603e-06
P5TLH_CCTACACAGACTCGGA_1,1.7226132077417419e-06
P5TLH_ACGCAGCCAAGCCGCT_1,1.5623233287104093e-06
P2TLH_TAAGCGTTCCCACTTG_1,1.5616323730597616e-06
P1TLH_TTTATGCGTAATCGTC_1,1.5612947470187803e-06
P5TLH_TTCTTAGAGCGACGTA_1,1.5612947470187458e-06
P3TLH_TTCGAAGTCTGCCCTA_1,1.559194950411953e-06
P4TLH_CACAGGCCAATGCCAT_1,1.5175669048897133e-06
P1TLH_AGCTCCTAGGACAGAA_1,1.4134532502448827e-06
P5TLH_GACTACAGTGTTCGAT_1,1.4031939195465646e-06
P4TLH_AGCAGCCAGACACGAC_1,1.4028637955953771e-06
P3TLH_TTAGTTCCACGTCAGC_1,1.3390581388875738e-06
P2TLH_ACGGCCAGTCCATGAT_1,1.2828582498702985e-06
P2TLH_ACCGTAAGTTGAGTTC_1,1.2534713443201477e-06
P3TLH_CGTAGGCGTCTCTCGT_1,1.2434890496153307e-06
P2TLH_TAAACCGAGACCTAGG_1,1.2081640821683568e-06
P2TLH_GCACATAGTACACCGC_1,1.0783790973354344e-06
P5TLH_TAGGCATAGGCTATCT_1,1.0677831763038048e-06
P3TLH_ACAGCTAGTTCGGGCT_1,9.420368449731193e-07
P3TLH_CCTTCCCGTTGTTTGG_1,9.370321205555358e-07
P3TLH_CCACCTAAGAGCTGGT_1,9.367431412108407e-07
P4TLH_GCGGGTTTCTAAGCCA_1,9.353809794207988e-07
P3TLH_TGAAAGATCTCGATGA_1,8.260075833598024e-07
P2TLH_TTAACTCAGAGTGAGA_1,8.087871158524498e-07
P2TLH_GACGGCTGTCGCCATG_1,8.083965559165847e-07
P4TLH_TACTCATCATCTACGA_1,8.03814327521594e-07
P1TLH_CAAGTTGTCCTGCTTG_1,7.82828486278206e-07
P4TLH_CACTCCAAGAATGTGT_1,7.792114428863124e-07
P4TLH_GTAGTCATCGTTACGA_1,7.752069754269706e-07
P4TLH_CTTACCGGTCCTCCAT_1,7.243611865033587e-07
P2TLH_TACGGGCGTGGAAAGA_1,6.602801775590658e-07
P5TLH_AGTGGGAAGTGTTTGC_1,6.398281631091274e-07
P4TLH_GGGATGACAGCCTTGG_1,6.295572237103682e-07
P5TLH_CTGAAGTAGGCTCTTA_1,6.254421560419667e-07
P3TLH_CAGATCAGTAGCGCTC_1,5.930126133047909e-07
P5TLH_TAAGTGCAGTCCAGGA_1,5.210204258981142e-07
P2TLH_CTAGAGTAGTACGCCC_1,4.472903867376245e-07
P2TLH_GGATGTTCAGACGCCT_1,4.463388646929394e-07
P2TLH_CACAGTAAGTTCGATC_1,3.8123238633662546e-07
P4TLH_AACCATGCACCAGCAC_1,3.3468529346210175e-07
P2TLH_CAGTCCTGTACTTGAC_1,3.1234365005897976e-07
P4TLH_TTCGGTCAGATCTGCT_1,2.464990878490594e-07
P3TLH_AGGGATGTCATTCACT_1,1.4223344278513463e-07
P5TLH_TGGCTGGAGAGCTATA_1,1.0472399152993197e-07
P5TLH_CACACTCAGGGTATCG_1,2.654642427271052e-18
P3TLH_ACACCAATCTTTCCTC_1,2.53471827213471e-18
P3TLH_CCACTACGTGCAGGTA_1,2.1341440753824443e-18
P5TLH_GTAACTGGTCATGCCG_1,2.131816795375956e-18
P5TLH_TTTGTCATCAGCTTAG_1,1.998214759624553e-18
P2TLH_CCAGCGACAGGGTATG_1,1.6071363295347997e-18
P3TLH_CAGCGACAGCTCAACT_1,1.6064157381155268e-18
P5TLH_GGATGTTCAGATGGCA_1,1.601003728336198e-18
P3TLH_AAACCTGCAAGTCTAC_1,1.3357337449097389e-18
P3TLH_AGCGTCGCACGAGAGT_1,1.3341188153375895e-18
P4TLH_GGGTCTGTCCCTAATT_1,1.3309536571656788e-18
P3TLH_GACAGAGCAGATTGCT_1,1.074497089592715e-18
P3TLH_TAGTGGTAGTGTTTGC_1,1.0738531634683888e-18
P2TLH_ACTGAACTCAGTTTGG_1,1.071353618198209e-18
P1TLH_CAACCAAAGGATTCGG_1,1.0701832835237387e-18
P3TLH_GCGAGAAAGCCCAATT_1,1.069043575278288e-18
P2TLH_CAGCGACCAATCCAAC_1,1.0653807540767647e-18
P5TLH_AGGGTGACACCGATAT_1,1.0650890518193486e-18
P2TLH_CATCGGGCACCAGGCT_1,1.0649816954068286e-18
P5TLH_TTAGTTCCATAGGATA_1,1.0643414059287012e-18
P4TLH_ACTGAACGTGTGACGA_1,8.4362395383703e-19
P1TLH_CATGGCGCAGCTGTTA_1,7.990355655575736e-19
P1TLH_GAGCAGACATTGAGCT_1,7.983910349044383e-19
P2TLH_CAAGATCGTCGACTAT_1,7.983700904573393e-19
P1TLH_CGTGTCTGTATGAAAC_1,7.9798847712611855e-19
P1TLH_TACCTTAGTGTGGCTC_1,7.962204050416324e-19
P3TLH_GTGCAGCGTAGCTAAA_1,7.960120364980755e-19
P2TLH_CCTCAGTAGGGAGTAA_1,7.954545086608734e-19
P2TLH_CTAGAGTTCTCCCTGA_1,6.024290004722435e-19
P3TLH_AGGGATGTCACCATAG_1,5.738752539523183e-19
P1TLH_TTGGCAACACCGTTGG_1,5.365986357826917e-19
P2TLH_AACTCAGCACCAGATT_1,5.363488749907588e-19
P1TLH_GCCTCTAGTCCTGCTT_1,5.359218426425787e-19
P5TLH_GTGTTAGCATGCTGGC_1,5.356467095682245e-19
P5TLH_CGTTCTGAGATACACA_1,5.3554619095634855e-19
P2TLH_CAGCGACTCTCTAGGA_1,5.3455403097147325e-19
P5TLH_ACACCGGCAGTTAACC_1,5.344609494922078e-19
P2TLH_GGCAATTAGTGGAGTC_1,5.341396894501501e-19
P4TLH_CTGCGGACAGGTCTCG_1,5.339945324485567e-19
P5TLH_GCTGCGATCCAGTAGT_1,5.337158097140903e-19
P4TLH_ACTGAGTTCTGGAGCC_1,5.336408267434924e-19
P5TLH_GGACGTCAGCCCTAAT_1,5.333064428170945e-19
P2TLH_GGCGTGTAGGAGTTGC_1,5.328253838111442e-19
P2TLH_CGTCCATAGCCCGAAA_1,5.326544312558762e-19
P5TLH_CCGTACTAGCCACGTC_1,5.326145138700463e-19
P3TLH_TTCGGTCCAAGGACTG_1,5.326013531940678e-19
P4TLH_ATTACTCAGACTCGGA_1,5.325960333585696e-19
P3TLH_ATGCGATCATAAAGGT_1,5.325015618280007e-19
P3TLH_CATATTCCACCGAATT_1,5.324703342946571e-19
P4TLH_CATCAAGGTAATTGGA_1,5.324559184819994e-19
P3TLH_TTGCGTCGTCGGCACT_1,5.324183894519266e-19
P2TLH_TAAGAGAGTCGTCTTC_1,5.322817590312555e-19
P3TLH_TGACAACTCACGCATA_1,5.306260758772895e-19
P1TLH_TCTGGAAAGACTAGGC_1,5.306172145385299e-19
P5TLH_AAGCCGCGTGATAAAC_1,5.272211838952273e-19
P2TLH_TTGAACGTCGTCACGG_1,3.998651944928221e-19
P2TLH_TCCACACAGTACGTTC_1,3.9980381624170064e-19
P4TLH_GAGTCCGGTCCGAATT_1,3.985097957045703e-19
P5TLH_GATCGCGCAATCCGAT_1,3.980444512945279e-19
P4TLH_CTACACCTCTACCTGC_1,3.328152552702357e-19
P2TLH_CGCGGTAGTGCGATAG_1,3.3279882770574064e-19
P2TLH_CAGCTGGCATTGGGCC_1,3.237123019101617e-19
P4TLH_CGAGCCATCCTGTACC_1,2.995467410590914e-19
P3TLH_ATCTACTGTATTACCG_1,2.9742193235093364e-19
P3TLH_TACACGAAGGAATCGC_1,2.696707138909817e-19
P4TLH_TCAGATGAGCTAGTGG_1,2.683838334034114e-19
P3TLH_TCGTAGAAGACAGAGA_1,2.6828181629583335e-19
P5TLH_AGGGAGTGTCCGTCAG_1,2.6770799533552543e-19
P2TLH_CACAGGCAGAGCAATT_1,2.6759160951243615e-19
P2TLH_TCTGGAAGTCCGAATT_1,2.6740978410902606e-19
P5TLH_CTAGCCTAGTACGATA_1,2.673339183631636e-19
P3TLH_TAGTTGGAGCGTGAGT_1,2.6658939374647194e-19
P3TLH_CTAAGACTCTCCAACC_1,2.665755363774412e-19
P2TLH_ATTACTCTCTGGTATG_1,2.665513564348435e-19
P3TLH_CTGAAACAGAATCTCC_1,2.6647018053082817e-19
P4TLH_TACCTATGTACAAGTA_1,2.664606375761521e-19
P3TLH_TCGCGTTGTGTTGGGA_1,2.663659538884036e-19
P1TLH_AGAGTGGTCAGTGTTG_1,2.662943309526591e-19
P5TLH_TTGCGTCTCGTAGGAG_1,2.6626601698449506e-19
P5TLH_CTACCCAGTCAGATAA_1,2.6621573601348907e-19
P4TLH_GTACTCCGTCTTGATG_1,2.661733417191875e-19
P3TLH_CCCATACGTTGTTTGG_1,2.6587801651350485e-19
P5TLH_ATCGAGTTCGTAGGAG_1,2.6583580138531366e-19
P3TLH_CTTACCGAGCACACAG_1,2.6576394885610883e-19
P5TLH_CGAACATCAGGCAGTA_1,2.655085111649344e-19
P5TLH_CCTCTGAAGAGCTGGT_1,2.6550105006312025e-19
P5TLH_ACGATGTGTTACGTCA_1,2.652802319387208e-19
P1TLH_GAAACTCCATCATCCC_1,2.652583215611031e-19
P4TLH_TGGCGCAAGCGCCTCA_1,2.652577900516317e-19
P2TLH_TCAGGTAAGACGCACA_1,2.6516202483910104e-19
P1TLH_CAGCTGGCAGTTCATG_1,2.6510875030095203e-19
P1TLH_CAAGTTGCATTAGGCT_1,2.6507540052746905e-19
P5TLH_CCCAGTTAGACGCTTT_1,2.639891610030854e-19
P3TLH_TCTTCGGCACTAGTAC_1,2.6355575304768695e-19
P4TLH_CTGCCTAGTAAGAGAG_1,2.630709866817599e-19
P2TLH_TGGGAAGGTATAATGG_1,2.629586243488164e-19
P3TLH_TAGACCAGTCAGAGGT_1,1.996523123994918e-19
P3TLH_TACGGATCATGTCGAT_1,1.975800802783357e-19
P2TLH_GCCTCTATCCGCGGTA_1,1.3516615009177489e-19
P3TLH_TGGTTAGTCACATAGC_1,1.3449299090262675e-19
P2TLH_TGAGCATTCGGTCTAA_1,1.3439717211417297e-19
P2TLH_AAGGAGCTCCGCAAGC_1,1.3320412466854108e-19
P5TLH_AAAGCAATCTTCTGGC_1,1.33111640830028e-19
P5TLH_AGGGTGATCATTTGGG_1,1.3307043975781373e-19
P3TLH_TGGTTAGGTCGACTAT_1,1.320036904521517e-19
P5TLH_TTCTACAAGGCAAAGA_1,1.3181644371663852e-19
P2TLH_ATTCTACCACTAGTAC_1,1.3172325622749689e-19
P2TLH_AAGGTTCGTCGAGATG_1,1.3153658082343322e-19
P3TLH_CTCTACGTCCCAAGTA_1,1.0021834729404434e-19
P1TLH_CGGACACAGATACACA_1,9.572680650432402e-20
P3TLH_CTCCTAGTCGCCAGCA_1,9.31002012160637e-20
P2TLH_ATCCACCCAACTGGCC_1,8.353098032585657e-20
P2TLH_GTTAAGCGTCCAGTAT_1,8.218363867452721e-20
P3TLH_CCAATCCCAACTTGAC_1,8.154195119693843e-20
P2TLH_TACTCGCGTCAAACTC_1,7.185238816329864e-20
P5TLH_AGGTCCGGTAGCGCTC_1,7.106887963215193e-20
P3TLH_TCAGGTATCGCGTTTC_1,7.097303348145858e-20
P5TLH_GCGCAGTAGGCATGTG_1,6.908033769829137e-20
P5TLH_GCTCCTACATCGGAAG_1,6.660969260260024e-20
P3TLH_ATAACGCCAGTTCATG_1,6.659902939461842e-20
P1TLH_GACCAATGTTTAGGAA_1,6.654304055492249e-20
P5TLH_ACTTGTTAGAGGACGG_1,6.654304055492249e-20
P2TLH_CCTCTGAGTGTAAGTA_1,6.582081744402685e-20
P4TLH_CTAGCCTAGTGGGATC_1,6.573969250661656e-20
P5TLH_TGTGGTATCATGCAAC_1,5.823965299779003e-20
P3TLH_TCCCGATGTGAGGGAG_1,5.717761489909118e-20
P5TLH_ACAGCTACAGAAGCAC_1,5.64370217347867e-20
P3TLH_GGAGCAAGTTAAGAAC_1,5.638760236929701e-20
P4TLH_CTGAAGTAGGCACATG_1,5.61501701851912e-20
P5TLH_CGCCAAGGTCTACCTC_1,5.107109474693579e-20
P5TLH_TCAGGTACACGAGGTA_1,5.004017260844602e-20
P5TLH_ACTTACTCATCCAACA_1,5.003102239118094e-20
P1TLH_CTCTGGTAGTTAAGTG_1,4.685775294205983e-20
P3TLH_TACTCATCATCGGTTA_1,4.681280420645967e-20
P5TLH_TGGGAAGAGAGGTTAT_1,4.680101822990108e-20
P1TLH_TTGGAACGTATAAACG_1,4.369029661956829e-20
P2TLH_CGGGTCAAGGTGATTA_1,4.3662905922942356e-20
P2TLH_GTACTTTCATGGGACA_1,4.1599361157892436e-20
P5TLH_TGGACGCTCACGATGT_1,4.058113129117455e-20
P4TLH_AAACGGGAGCGTTTAC_1,3.654480389256221e-20
P5TLH_GGCGTGTGTTGTTTGG_1,3.439405335427897e-20
P3TLH_GATGAGGAGCACAGGT_1,3.4331183853671205e-20
P3TLH_TACCTTAAGATGCCAG_1,3.337098818253197e-20
P3TLH_CGTCTACTCTCTGAGA_1,3.330634314802385e-20
P2TLH_CTACGTCAGTCATCCA_1,3.3290017723774475e-20
P5TLH_CTGGTCTGTACGACCC_1,3.328910521348249e-20
P4TLH_CTGGTCTCATCTCCCA_1,3.32753853999153e-20
P3TLH_CTAATGGCAGTACACT_1,3.1336185583304506e-20
P1TLH_CTAGAGTCAGCTGTGC_1,3.1309143272029395e-20
P2TLH_CCTCTGACATTTCACT_1,3.1306517616255725e-20
P5TLH_ATCTGCCCACAGCGTC_1,3.12581306834861e-20
P1TLH_TGACGGCCACGGATAG_1,3.124919862394159e-20
P4TLH_ACCTTTAAGCAGACTG_1,3.1242460894537516e-20
P3TLH_CTCGTCAGTCTAACGT_1,2.912250991356909e-20
P4TLH_TTGAACGGTTACGTCA_1,2.8115521487776556e-20
P4TLH_TTCTCAAAGGAATTAC_1,2.808218742553801e-20
P3TLH_TGAGGGATCACCCTCA_1,2.8069541928860343e-20
P3TLH_GTTTCTAGTTCAGACT_1,2.505155258348249e-20
P2TLH_GTACTTTGTTCAGACT_1,2.502008630422301e-20
P5TLH_AGTAGTCCACGGTGTC_1,2.4976997616878734e-20
P1TLH_GTGCATAAGGCCCTTG_1,2.497618986614739e-20
P3TLH_GCGACCATCGCGGATC_1,2.496243909229641e-20
P3TLH_ACGAGGACACCGCTAG_1,2.4962205542509505e-20
P3TLH_CTGAAGTTCGCACTCT_1,2.4960543055947242e-20
P3TLH_ACGGGCTAGACGACGT_1,2.495070125235566e-20
P4TLH_CGGAGTCTCAACACCA_1,2.4950231955967063e-20
P2TLH_ACGAGGAGTACTTGAC_1,2.197159472872894e-20
P3TLH_AACACGTAGTCTTGCA_1,2.1960421492367317e-20
P2TLH_CTTGGCTCATAAAGGT_1,2.1846222130212767e-20
P2TLH_CCTTACGCACCTTGTC_1,2.1846038299642293e-20
P3TLH_AGGGTGACAGACGTAG_1,2.1845148309784144e-20
P3TLH_CTTGGCTGTTCACCTC_1,2.183605227073297e-20
P2TLH_ACGCCGACATTGGTAC_1,2.0918739655281372e-20
P4TLH_TTAACTCGTCCGAGTC_1,2.0914042558186268e-20
P3TLH_ATCCACCTCAGTGCAT_1,2.0880235706902068e-20
P3TLH_ACACCCTGTCGCGGTT_1,2.0840392315748482e-20
P5TLH_CGTTCTGTCGGTTAAC_1,1.6665596188760196e-20
P3TLH_CTACCCATCTGCCCTA_1,1.663263303095918e-20
P1TLH_TGCGTGGCAGCCAATT_1,1.5696341736906822e-20
P2TLH_GAAATGATCTCGAGTA_1,1.56564043856789e-20
P4TLH_GACTGCGAGCAGCCTC_1,1.56564043856789e-20
P3TLH_CTTAGGACAAGTTAAG_1,1.5651640384753232e-20
P1TLH_CCACTACCATAGTAAG_1,1.5611865552235986e-20
P2TLH_CATGGCGAGTACCGGA_1,1.5605429749956443e-20
P3TLH_GAACGGAGTACAGCAG_1,1.5604898794145998e-20
P5TLH_TGGTTAGAGCCACTAT_1,1.5603064356193328e-20
P3TLH_CGTTAGATCGCCAAAT_1,1.5597766167005944e-20
P3TLH_CGAGCCACATATGAGA_1,1.5596094241358642e-20
P3TLH_ACTGAGTCATTTGCTT_1,8.319480455821311e-21
P2TLH_ACGCCAGTCGCCATAA_1,8.319405255083953e-21
P2TLH_GCAAACTAGGCCCTCA_1,8.31791692872461e-21
P2TLH_TTCGAAGAGCGACGTA_1,0.0
P2TLH_GCGCAGTCAATAGCGG_1,0.0
P1TLH_CCCTCCTAGTGTACTC_1,0.0
P2TLH_AAAGATGGTGTAACGG_1,0.0
P5TLH_ATCGAGTCAGCGTCCA_1,0.0
P3TLH_TGACAACCAGTTCCCT_1,0.0
P5TLH_ATCCGAACAATCTACG_1,0.0
P2TLH_TTTCCTCAGTGTCTCA_1,0.0
P3TLH_TGACAACAGCGAGAAA_1,0.0
P2TLH_AAAGCAAGTATAGTAG_1,0.0
P2TLH_ACTTGTTTCGGCGCAT_1,0.0
P3TLH_TACGGTAGTCTAGAGG_1,0.0
P2TLH_ACTTGTTAGATAGCAT_1,0.0
P2TLH_ACTTACTAGCGGATCA_1,0.0
P2TLH_ACTGTCCCAATGTAAG_1,0.0
P2TLH_ACTGATGCAGACAAAT_1,0.0
P5TLH_GGGTTGCGTTACGGAG_1,0.0
P2TLH_ACTATCTTCCCACTTG_1,0.0
P2TLH_ACTATCTCATCTATGG_1,0.0
P2TLH_ACTATCTAGTGCCAGA_1,0.0
P3TLH_TTTGCGCAGTGGTAAT_1,0.0
P4TLH_GGCGTGTCAGCTGTTA_1,0.0
P4TLH_GCGCAACGTCCATCCT_1,0.0
P4TLH_GGCGACTTCGGAGGTA_1,0.0
P4TLH_GGCCGATAGCCACTAT_1,0.0
P2TLH_GGGCACTGTTCCACGG_1,0.0
P3TLH_TCAACGAGTCCGAAGA_1,0.0
P4TLH_GCGCAGTTCTCTTGAT_1,0.0
P1TLH_CCCAGTTCACAGTCGC_1,0.0
P2TLH_GGGCATCTCTGCCAGG_1,0.0
P2TLH_GCGACCAGTCCATGAT_1,0.0
P2TLH_GGGCACTGTATAAACG_1,0.0
P3TLH_AGGCCACAGGCGATAC_1,0.0
P3TLH_CTGATAGGTTCGTGAT_1,0.0
P3TLH_TCTTCGGGTCTCCATC_1,0.0
P2TLH_AGACGTTTCAAGATCC_1,0.0
P3TLH_TCTTCGGCAGATTGCT_1,0.0
P3TLH_TACGGGCAGCTTATCG_1,0.0
P2TLH_AGAGTGGGTTCAGTAC_1,0.0
P2TLH_AGATTGCAGTAGTGCG_1,0.0
P1TLH_CCCATACTCTGATTCT_1,0.0
P4TLH_GGACAAGGTACATGTC_1,0.0
P2TLH_TCAGGTAGTAAACGCG_1,0.0
P2TLH_TCAGGTAAGCAGCGTA_1,0.0
P2TLH_TCAGCAAGTGAGTGAC_1,0.0
P2TLH_TCAGATGTCTATGTGG_1,0.0
P2TLH_TCAATCTAGTTGAGTA_1,0.0
P2TLH_TCAACGAAGAGCTATA_1,0.0
P3TLH_ATCATCTCAAACAACA_1,0.0
P5TLH_GTAGTCAAGGTTCCTA_1,0.0
P5TLH_GTAGGCCAGTGGAGAA_1,0.0
P2TLH_GTAGTCACAAGGTTCT_1,0.0
P5TLH_GTACTCCGTCTAGAGG_1,0.0
P5TLH_GTAACTGTCGTGACAT_1,0.0
P5TLH_GGGTCTGAGGAGTTGC_1,0.0
P5TLH_GGTGTTATCCAAACTG_1,0.0
P3TLH_CATATTCCAGATGAGC_1,0.0
P3TLH_CCTTCGAAGAGGTTAT_1,0.0
P5TLH_ATCCGAAAGTATGACA_1,0.0
P2TLH_CCGGTAGCAAGAGGCT_1,0.0
P2TLH_CCCATACCAGTCCTTC_1,0.0
P4TLH_CACATAGAGCTAGCCC_1,0.0
P3TLH_AAACCTGGTCCTCTTG_1,0.0
P4TLH_CACAAACCACGACTCG_1,0.0
P4TLH_ACATGGTTCGACGGAA_1,0.0
P4TLH_ATTCTACAGTCGATAA_1,0.0
P4TLH_ATTATCCTCCTGCAGG_1,0.0
P3TLH_CGTCTACAGAGTGAGA_1,0.0
P3TLH_GCTTGAACAATGGTCT_1,0.0
P2TLH_GTATTCTAGTTGCAGG_1,0.0
P3TLH_GCTTCCACACAACGCC_1,0.0
P3TLH_TACGGGCAGAACAACT_1,0.0
P3TLH_GCTTCCAGTACAGCAG_1,0.0
P2TLH_CCGTTCAAGATTACCC_1,0.0
P2TLH_GCGACCACATCGGAAG_1,0.0
P1TLH_CAGATCAAGTAGGTGC_1,0.0
P5TLH_GTCTTCGTCAGTTGAC_1,0.0
P2TLH_TTCCCAGGTAAATGTG_1,0.0
P2TLH_TTAGGCATCCTGCAGG_1,0.0
P2TLH_TTAGGACCAAAGTCAA_1,0.0
P2TLH_TTAACTCGTAGCCTCG_1,0.0
P2TLH_TGTGGTAAGAGGACGG_1,0.0
P3TLH_CTTTGCGGTGTCGCTG_1,0.0
P4TLH_ACGCAGCGTTCTGAAC_1,0.0
P2TLH_TGACGGCGTCTCGTTC_1,0.0
P5TLH_ATGCGATAGGAGCGAG_1,0.0
P5TLH_AGTAGTCCAATGGAAT_1,0.0
P5TLH_AGGTCCGAGGTCGGAT_1,0.0
P1TLH_TCATTACAGGAGCGAG_1,0.0
P5TLH_ATCATCTAGGGCACTA_1,0.0
P3TLH_CGAACATGTACTCAAC_1,0.0
P3TLH_CGAACATTCGGAGGTA_1,0.0
P3TLH_CGACCTTCAGCCACCA_1,0.0
P5TLH_AGCTTGACAAACGCGA_1,0.0
P5TLH_AGCTTGAAGAGGTACC_1,0.0
P5TLH_AGCGTCGTCATAAAGG_1,0.0
P2TLH_GTACGTAAGAGCTGCA_1,0.0
P3TLH_GCTGCAGAGGTGCAAC_1,0.0
P2TLH_GTACTTTAGCGTGAGT_1,0.0
P3TLH_GCTCCTAGTCATACTG_1,0.0
P2TLH_GGATGTTAGTCGAGTG_1,0.0
P2TLH_TCATTACGTATGAAAC_1,0.0
P3TLH_TTTCCTCCACCAGGTC_1,0.0
P2TLH_TCATTACAGCTCAACT_1,0.0
P2TLH_TCAGGTATCGTTTATC_1,0.0
P1TLH_TATTACCAGGATGTAT_1,0.0
P2TLH_CTCGGAGTCGCCAGCA_1,0.0
P2TLH_CTCGGGATCACTCCTG_1,0.0
P2TLH_CGTGTCTTCATTATCC_1,0.0
P2TLH_CGTTCTGTCAGTTCGA_1,0.0
P5TLH_TCAGGTAGTAGGAGTC_1,0.0
P5TLH_TCATTACAGGAGTAGA_1,0.0
P5TLH_TCCACACCATTGGGCC_1,0.0
P5TLH_TCCCGATCACCCAGTG_1,0.0
P1TLH_AGCTCTCGTGCCTGGT_1,0.0
P2TLH_GCTGCGATCTGTTTGT_1,0.0
P5TLH_TGCGGGTGTCACTTCC_1,0.0
P3TLH_CATCGAAGTATCGCAT_1,0.0
P3TLH_CATCGGGGTACCATCA_1,0.0
P5TLH_AACACGTCAGAGTGTG_1,0.0
P1TLH_TGGCGCATCCGGCACA_1,0.0
P1TLH_TGGGAAGGTAGGGTAC_1,0.0
P1TLH_TGGGAAGTCCGTTGCT_1,0.0
P3TLH_CTTGGCTGTGTGAAAT_1,0.0
P5TLH_AACTCAGTCAGTGCAT_1,0.0
P1TLH_AGGCCGTGTTCGCTAA_1,0.0
P2TLH_TGACTAGGTAAAGGAG_1,0.0
P5TLH_ACAGCTATCACGCATA_1,0.0
P1TLH_ATAACGCCACGAAATA_1,0.0
P1TLH_ATAAGAGGTTACTGAC_1,0.0
P3TLH_CATTCGCTCGTAGGAG_1,0.0
P3TLH_ACACCGGTCCGCGCAA_1,0.0
P3TLH_CATTATCCAATAAGCA_1,0.0
P3TLH_TCACAAGAGCGTCTAT_1,0.0
P3TLH_TCAGATGAGGCCATAG_1,0.0
P2TLH_GCGCCAACAGTCAGAG_1,0.0
P5TLH_TGCTACCAGAAACGAG_1,0.0
P3TLH_AAGTCTGAGTTAAGTG_1,0.0
P2TLH_CTCGAGGCATTCTCAT_1,0.0
P3TLH_CCTTCCCGTGGTCCGT_1,0.0
P2TLH_ACGAGGAGTTCCGGCA_1,0.0
P3TLH_TCAGCAACAAGGTGTG_1,0.0
P1TLH_ATGAGGGTCTTGTCAT_1,0.0
P5TLH_TCAGATGAGACTCGGA_1,0.0
P5TLH_TCAGATGAGGCCGAAT_1,0.0
P2TLH_CGATTGAGTCCCGACA_1,0.0
P2TLH_CGCCAAGTCAAACGGG_1,0.0
P2TLH_CGCTATCGTCATATGC_1,0.0
P2TLH_CGGAGCTTCGAGGTAG_1,0.0
P3TLH_CCTTCCCCAGACGCAA_1,0.0
P3TLH_GATGCTATCGGCATCG_1,0.0
P2TLH_TCTGGAACAGGGTACA_1,0.0
P3TLH_GCAAACTAGCACACAG_1,0.0
P1TLH_ACGATGTGTTGTGGCC_1,0.0
P1TLH_ACTATCTGTGGGTATG_1,0.0
P2TLH_CTACATTGTGCTCTTC_1,0.0
P2TLH_CTACATTTCCCACTTG_1,0.0
P5TLH_ACACTGAAGTACGTAA_1,0.0
P4TLH_ACACCAAAGTCATGCT_1,0.0
P4TLH_ACATGGTCAAGAGGCT_1,0.0
P3TLH_GCATACAGTATGAAAC_1,0.0
P2TLH_GCAGTTAAGTTGTAGA_1,0.0
P2TLH_GCCTCTAAGCTCCTCT_1,0.0
P3TLH_AGGTCATAGTAGATGT_1,0.0
P3TLH_GCACATATCCCAAGAT_1,0.0
P3TLH_GCACTCTCACTGAAGG_1,0.0
P2TLH_TCTCATAAGGACCACA_1,0.0
P2TLH_TCTGAGACACAGCGTC_1,0.0
P3TLH_GATTCAGCATCGACGC_1,0.0
P3TLH_TGAGAGGCATAGGATA_1,0.0
P3TLH_TGAGAGGGTCGCGTGT_1,0.0
P2TLH_AAGACCTAGCTGAAAT_1,0.0
P3TLH_GCATGATCACGAGGTA_1,0.0
P3TLH_GCATGCGTCTGCGGCA_1,0.0
P2TLH_TCATTTGCACGTCAGC_1,0.0
P2TLH_TCGAGGCTCAACGGCC_1,0.0
P3TLH_AGTAGTCGTTCGAATC_1,0.0
P3TLH_AGATCTGAGCTACCGC_1,0.0
P3TLH_AGATCTGCAAAGGCGT_1,0.0
P3TLH_AGATCTGTCGGCATCG_1,0.0
P3TLH_AGCATACAGACTGGGT_1,0.0
P3TLH_AGCATACGTAAGAGGA_1,0.0
P5TLH_TGGTTAGCAGCTGGCT_1,0.0
P2TLH_CGTCCATAGGCATGTG_1,0.0
P2TLH_CGTGTAAAGGTGATAT_1,0.0
P2TLH_ACGCCGATCAAACGGG_1,0.0
P2TLH_ACGGAGAGTACGACCC_1,0.0
P5TLH_ACAGCCGGTTCCAACA_1,0.0
P4TLH_GTGCGGTTCTAACTCT_1,0.0
P3TLH_TGACTAGAGGCAAAGA_1,0.0
P3TLH_TGACTTTAGCCATCGC_1,0.0
P3TLH_TGACTTTAGTCATGCT_1,0.0
P3TLH_AGCTTGAAGCGGCTTC_1,0.0
P3TLH_AGCTTGATCCTATTCA_1,0.0
P1TLH_AGTCTTTTCTCCAACC_1,0.0
P3TLH_CATCAGAGTTCTGTTT_1,0.0
P3TLH_ACCAGTAGTCGGCATC_1,0.0
P5TLH_TGAGCATTCCGCAGTG_1,0.0
P3TLH_ACCCACTAGATGCCTT_1,0.0
P5TLH_ACTGTCCCATGCATGT_1,0.0
P5TLH_AGAATAGGTCGACTAT_1,0.0
P2TLH_GGCCGATGTCTGATTG_1,0.0
P2TLH_GGCGACTGTTATCGGT_1,0.0
P5TLH_GTTCATTGTTCACGGC_1,0.0
P3TLH_AGTGAGGAGGTAGCTG_1,0.0
P1TLH_ATTTCTGCAAACGCGA_1,0.0
P3TLH_GCGCCAACACCTCGTT_1,0.0
P3TLH_GATCGATAGGCCCTCA_1,0.0
P3TLH_GATCGTACAAGCTGAG_1,0.0
P3TLH_GATCGTACACAAGTAA_1,0.0
P3TLH_GATCGTAGTGTGCCTG_1,0.0
P5TLH_TGACGGCCACAAGTAA_1,0.0
P2TLH_CTAGCCTAGACTAGGC_1,0.0
P2TLH_CTAGCCTTCGTAGATC_1,0.0
P4TLH_ATAGACCCAGTTCCCT_1,0.0
P2TLH_CGAATGTGTAGCGTCC_1,0.0
P3TLH_AGTGGGAGTTTCGCTC_1,0.0
P2TLH_ACTTTCACAAATCCGT_1,0.0
P5TLH_AGCATACAGAATTGTG_1,0.0
P3TLH_CTGCGGACATAAGACA_1,0.0
P3TLH_CTGCGGATCACCATAG_1,0.0
P3TLH_CTGGTCTGTCCGAAGA_1,0.0
P3TLH_CTGGTCTTCACAACGT_1,0.0
P5TLH_GTGCGGTGTCTAGAGG_1,0.0
P5TLH_GTTAAGCAGGCTAGCA_1,0.0
P5TLH_GTTACAGGTCTGCGGT_1,0.0
P4TLH_ATTACTCAGATCCCGC_1,0.0
P3TLH_CATCAAGTCTCTAAGG_1,0.0
P3TLH_AAAGTAGCATGGAATA_1,0.0
P3TLH_AACACGTAGAGCTTCT_1,0.0
P3TLH_AACCATGCATTACCTT_1,0.0
P2TLH_CTGCGGAGTTCCGGCA_1,0.0
P2TLH_CTGCTGTGTGCCTGCA_1,0.0
P2TLH_CTGGTCTGTAAAGGAG_1,0.0
P3TLH_TTTGCGCGTGAAAGAG_1,0.0
P2TLH_GAGCAGAGTTCAGACT_1,0.0
P2TLH_GAGGTGAAGACTGTAA_1,0.0
P2TLH_GATCGTATCTTTACAC_1,0.0
P1TLH_TCTGGAACAGTCGTGC_1,0.0
P4TLH_ATTACTCCACGAAAGC_1,0.0
P1TLH_ATGTGTGTCATTATCC_1,0.0
P4TLH_ACTGTCCTCGCATGAT_1,0.0
P1TLH_ATTATCCGTCGATTGT_1,0.0
P2TLH_TCGGTAACACGGATAG_1,0.0
P3TLH_GCCTCTAAGATGTGGC_1,0.0
P3TLH_GCGAGAAGTTAGAACA_1,0.0
P3TLH_GCGCAACCATGCCACG_1,0.0
P4TLH_AGGTCATAGGGCTTCC_1,0.0
P3TLH_CGTGTAAAGGCCATAG_1,0.0
P3TLH_CGTGTAACAGTCACTA_1,0.0
P5TLH_TGAAAGATCAAGCCTA_1,0.0
P3TLH_CGTTGGGAGTTACGGG_1,0.0
P3TLH_CTAACTTGTGATGCCC_1,0.0
P4TLH_AGGTCCGAGATGTGGC_1,0.0
P4TLH_AGGTCCGGTCCCGACA_1,0.0
P3TLH_TTTGGTTGTCATGCCG_1,0.0
P4TLH_ACTGAGTTCAAACCGT_1,0.0
P4TLH_AAAGCAATCTACTATC_1,0.0
P2TLH_GCGCCAATCTACTCAT_1,0.0
P3TLH_GCGCAACGTTCGTGAT_1,0.0
P3TLH_GCGCAACTCATCACCC_1,0.0
P3TLH_CGTTGGGAGTGGGCTA_1,0.0
P3TLH_TCAGGATCACATCCGG_1,0.0
P5TLH_ACCGTAAAGATGTAAC_1,0.0
P5TLH_ACGAGCCAGCTAGCCC_1,0.0
P5TLH_ACGATACCAGCTTAAC_1,0.0
P5TLH_ACGCCGAAGAAACCGC_1,0.0
P1TLH_TCGTACCTCACGCATA_1,0.0
P3TLH_TTGCGTCAGGTAGCTG_1,0.0
P4TLH_GGGTTGCCAAAGAATC_1,0.0
P4TLH_GGTATTGAGTTCGCGC_1,0.0
P5TLH_TCTTTCCTCGCAAGCC_1,0.0
P5TLH_TAGTTGGGTGACGGTA_1,0.0
P3TLH_TGCACCTCAGGCTCAC_1,0.0
P2TLH_GAGCAGAGTACAAGTA_1,0.0
P5TLH_TAAGTGCGTTTGTTTC_1,0.0
P4TLH_AGCTTGAGTTGGTAAA_1,0.0
P5TLH_TACCTATCAAGTAGTA_1,0.0
P5TLH_TACGGGCCATTAACCG_1,0.0
P4TLH_AGCCTAACAACTTGAC_1,0.0
P5TLH_TACTTGTGTAGCGCTC_1,0.0
P5TLH_TAGCCGGGTATCTGCA_1,0.0
P4TLH_AGAGTGGTCTTCGAGA_1,0.0
P5TLH_TAGTGGTTCACCAGGC_1,0.0
P3TLH_TGCACCTAGACACTAA_1,0.0
P3TLH_AACCATGTCGGAGGTA_1,0.0
P3TLH_AACCGCGCACTGAAGG_1,0.0
P3TLH_AACCGCGGTATAGGTA_1,0.0
P3TLH_AACGTTGAGGCAAAGA_1,0.0
P3TLH_AACTCAGTCTACTTAC_1,0.0
P4TLH_TGGGAAGGTGGACGAT_1,0.0
P3TLH_CCACTACCATGCAATC_1,0.0
P2TLH_ACACTGAGTCAAACTC_1,0.0
P2TLH_ACACTGAGTCGAGTTT_1,0.0
P2TLH_ACATGGTAGTAAGTAC_1,0.0
P4TLH_TTGAACGAGGAGTCTG_1,0.0
P2TLH_ACCGTAATCACCTCGT_1,0.0
P2TLH_ACCGTAATCTTTCCTC_1,0.0
P4TLH_TACTTACTCTTTCCTC_1,0.0
P4TLH_TTAGTTCTCCTCAACC_1,0.0
P2TLH_CTTGGCTCATTCCTGC_1,0.0
P2TLH_CTTTGCGTCCACGAAT_1,0.0
P2TLH_GTGCAGCGTGAGGCTA_1,0.0
P3TLH_GTTACAGAGGGTCGAT_1,0.0
P1TLH_GCTTGAAAGACAAAGG_1,0.0
P1TLH_GGACGTCTCCAAACTG_1,0.0
P5TLH_CCTAAAGCACCTCGTT_1,0.0
P2TLH_ACCGTAAAGGTGACCA_1,0.0
P5TLH_CTCGTACTCCTCTAGC_1,0.0
P5TLH_CTCGTCACAAGCGATG_1,0.0
P5TLH_CTCTAATCAATGGAAT_1,0.0
P5TLH_CTCTAATGTATCAGTC_1,0.0
P3TLH_TTCTCCTAGTACATGA_1,0.0
P2TLH_CAGAATCAGTACGCGA_1,0.0
P2TLH_CAGAGAGAGCCGATTT_1,0.0
P4TLH_CGGACACGTCATCGGC_1,0.0
P3TLH_CGATTGAGTAGCTCCG_1,0.0
P3TLH_CGCCAAGAGTTACCCA_1,0.0
P3TLH_CACACTCGTGTTCGAT_1,0.0
P4TLH_CTCGTCAGTAAATGAC_1,0.0
P3TLH_CACAGTAAGAGCTTCT_1,0.0
P3TLH_CACAGTAGTATAGTAG_1,0.0
P3TLH_GACCAATTCTGGTTCC_1,0.0
P3TLH_GTCGGGTGTCTTGCGG_1,0.0
P3TLH_GTCTCGTGTATATGGA_1,0.0
P2TLH_ATCCACCGTGTGGTTT_1,0.0
P2TLH_ATCCGAAAGTGTACCT_1,0.0
P2TLH_ATGAGGGAGGAGTTTA_1,0.0
P2TLH_ATGAGGGTCCACTCCA_1,0.0
P2TLH_ATGGGAGTCGCATGGC_1,0.0
P4TLH_CTCGTCACAATGGAGC_1,0.0
P3TLH_CACAGGCCACACAGAG_1,0.0
P2TLH_CACATAGAGTTAGCGG_1,0.0
P2TLH_CACATAGGTCAAAGCG_1,0.0
P2TLH_CACATTTGTAGCTTGT_1,0.0
P2TLH_CACTCCACAATGAATG_1,0.0
P3TLH_TTAGGCAGTTGCGCAC_1,0.0
P3TLH_TTATGCTTCAGTTAGC_1,0.0
P4TLH_CTTAGGACAGACAGGT_1,0.0
P3TLH_TGTCCCATCAGCATGT_1,0.0
P3TLH_TGTGGTACAAGTTCTG_1,0.0
P3TLH_TGTGGTACATGTCGAT_1,0.0
P2TLH_CTTACCGTCCATGAAC_1,0.0
P3TLH_CACAAACCAAGCTGGA_1,0.0
P3TLH_CCATTCGCAAGCCTAT_1,0.0
P4TLH_TGTGTTTGTACCTACA_1,0.0
P3TLH_TCGAGGCGTCCTCCAT_1,0.0
P3TLH_TCGCGAGAGTGAACGC_1,0.0
P3TLH_TCGCGAGGTAGAGCTG_1,0.0
P3TLH_TCGCGTTGTTGTGGAG_1,0.0
P3TLH_TCGGTAAAGGGCTCTC_1,0.0
P3TLH_TCGTACCAGCCACGTC_1,0.0
P3TLH_TCGTAGATCATCGCTC_1,0.0
P1TLH_CTCCTAGCAATGCCAT_1,0.0
P1TLH_CTCGGGACAAGTTCTG_1,0.0
P4TLH_TCAATCTCAACAACCT_1,0.0
P4TLH_TAGCCGGAGCGTGAGT_1,0.0
P4TLH_TATCTCAAGCCAACAG_1,0.0
P3TLH_AACTCTTAGATGCCAG_1,0.0
P4TLH_CGGACTGTCGCAAGCC_1,0.0
P5TLH_CTGAAACGTGAACCTT_1,0.0
P5TLH_CTGCCTAAGGACTGGT_1,0.0
P5TLH_CTGCTGTAGGACACCA_1,0.0
P5TLH_CTGCTGTCACCAGCAC_1,0.0
P5TLH_CTGGTCTTCAGTTAGC_1,0.0
P3TLH_GTAACGTCAAGAAGAG_1,0.0
P3TLH_GTAACGTCAGGGTTAG_1,0.0
P2TLH_CACACTCTCAGGCGAA_1,0.0
P3TLH_GTACGTAAGTAGGCCA_1,0.0
P3TLH_GTACTTTAGTACATGA_1,0.0
P1TLH_CTGCTGTTCTAACTGG_1,0.0
P1TLH_CTACCCATCTAACCGA_1,0.0
P1TLH_CTAGTGATCGCGATCG_1,0.0
P3TLH_GGTGCGTGTATGAAAC_1,0.0
P3TLH_GACGCGTTCATTTGGG_1,0.0
P3TLH_GACGTGCTCGCATGGC_1,0.0
P3TLH_GACTACACAGCCTATA_1,0.0
P2TLH_CACACTCCATTCTTAC_1,0.0
P2TLH_CACACTCTCACTTATC_1,0.0
P3TLH_GTAACGTGTCAAGCGA_1,0.0
P5TLH_CGGAGCTCATGCGCAC_1,0.0
P1TLH_GACTGCGTCACAATGC_1,0.0
P1TLH_GATGAAATCAACGGGA_1,0.0
P1TLH_GATGCTAGTATATGAG_1,0.0
P3TLH_ACGGCCATCCACGTGG_1,0.0
P3TLH_ACTATCTCAAGCTGAG_1,0.0
P2TLH_GTTTCTACAGGCTCAC_1,0.0
P2TLH_TGGCGCAAGAAGGTTT_1,0.0
P2TLH_TGGGAAGCAGGATCGA_1,0.0
P2TLH_TGTATTCAGTACGATA_1,0.0
P2TLH_TGTCCCATCTGGTATG_1,0.0
P5TLH_CTCGAGGAGGGCACTA_1,0.0
P3TLH_GACAGAGGTCCTGCTT_1,0.0
P3TLH_GACCAATAGATTACCC_1,0.0
P2TLH_ATCATGGAGACCGGAT_1,0.0
P2TLH_GAATAAGGTAGCTAAA_1,0.0
P3TLH_CTCTAATAGGAATTAC_1,0.0
P3TLH_CTCTACGAGGACATTA_1,0.0
P3TLH_CTCTGGTGTAAGTTCC_1,0.0
P3TLH_CTCTGGTGTCCAGTAT_1,0.0
P3TLH_CTGAAACAGATATACG_1,0.0
P3TLH_CTGAAACAGGTTCCTA_1,0.0
P5TLH_CGGCTAGAGAAACCGC_1,0.0
P3TLH_GACAGAGCAAGTTCTG_1,0.0
P3TLH_TCATTACAGGTGCTTT_1,0.0
P1TLH_AAAGCAAGTCGCGTGT_1,0.0
P1TLH_AACACGTCAATCACAC_1,0.0
P5TLH_AATCGGTGTGGCCCTA_1,0.0
P2TLH_ACGATACTCTGTACGA_1,0.0
P2TLH_ACGATACTCTTAGAGC_1,0.0
P2TLH_CGGAGTCTCCGAGCCA_1,0.0
P2TLH_CGGCTAGTCTCATTCA_1,0.0
P2TLH_CGGGTCAAGTGCCATT_1,0.0
P3TLH_AATCCAGAGCTAGCCC_1,0.0
P3TLH_ACACCAATCGCTTGTC_1,0.0
P5TLH_CGGAGCTAGTGTACGG_1,0.0
P4TLH_TCATTTGTCTGCGACG_1,0.0
P4TLH_TCCCGATCATGCAACT_1,0.0
P4TLH_TCTATTGCACATGACT_1,0.0
P2TLH_AACTCCCTCGATCCCT_1,0.0
P2TLH_AACTTTCCAGCTTCGG_1,0.0
P2TLH_TCTTTCCAGTTTGCGT_1,0.0
P2TLH_TGAAAGAAGATGGCGT_1,0.0
P2TLH_TGACAACAGGAGCGAG_1,0.0
P2TLH_TGACAACAGTTGAGTA_1,0.0
P1TLH_ACACCGGAGGATGGAA_1,0.0
P2TLH_CTAATGGAGCAGGTCA_1,0.0
P4TLH_TCAGCAATCCAACCAA_1,0.0
P4TLH_CGTCACTTCTGCTGTC_1,0.0
P4TLH_CGTCACTTCTGTACGA_1,0.0
P4TLH_CGTCAGGCATTACGAC_1,0.0
P4TLH_CGTCAGGTCCACTGGG_1,0.0
P4TLH_CTAAGACGTTACGGAG_1,0.0
P2TLH_CAAGGCCGTCCGAATT_1,0.0
P2TLH_CAAGTTGCACGCCAGT_1,0.0
P2TLH_CACACAACACCAGTTA_1,0.0
P5TLH_CTCACACAGCTAACTC_1,0.0
P5TLH_CTCAGAACATTACGAC_1,0.0
P5TLH_CTCAGAACATTTGCTT_1,0.0
P5TLH_CGTTAGAAGCTGCCCA_1,0.0
P3TLH_GTCACAACAATCTACG_1,0.0
P3TLH_GTCACGGTCAAACCAC_1,0.0
P2TLH_GTGCATAGTCGACTAT_1,0.0
P2TLH_GTGCGGTAGTTCCACA_1,0.0
P2TLH_GTGCTTCTCTGGCGTG_1,0.0
P2TLH_GTTAAGCGTAGGCTGA_1,0.0
P3TLH_ATTGGACAGTGAATTG_1,0.0
P3TLH_ATTTCTGAGGAGCGTT_1,0.0
P3TLH_CAACCAAGTCGGATCC_1,0.0
P3TLH_CAAGAAAAGGAGCGAG_1,0.0
P5TLH_CTCGAAATCCGGCACA_1,0.0
P1TLH_CTTACCGTCGTCTGAA_1,0.0
P5TLH_CTAATGGTCCTCGCAT_1,0.0
P3TLH_CGAGCCAGTTCACCTC_1,0.0
P3TLH_CGATCGGAGTCAATAG_1,0.0
P3TLH_CGATCGGGTGCTAGCC_1,0.0
P3TLH_GTGCTTCCAACGATGG_1,0.0
P3TLH_GTGGGTCAGCAAATCA_1,0.0
P3TLH_GTGGGTCCAAAGTCAA_1,0.0
P3TLH_GTGTTAGAGCTGCGAA_1,0.0
P2TLH_GTCACAATCAAACAAG_1,0.0
P3TLH_CACATAGAGTCTTGCA_1,0.0
P5TLH_CCTTACGAGCAGACTG_1,0.0
P4TLH_CGTAGGCTCATCTGCC_1,0.0
P5TLH_CGAATGTCAAATCCGT_1,0.0
P5TLH_CGAATGTTCCCGGATG_1,0.0
P5TLH_CGAATGTTCGCTGATA_1,0.0
P5TLH_CGACTTCGTAAATACG_1,0.0
P5TLH_CGAGCCATCCACGAAT_1,0.0
P5TLH_CGCGGTAGTCAACATC_1,0.0
P5TLH_CGCTGGATCATCTGCC_1,0.0
P5TLH_CGCTTCAAGACCGGAT_1,0.0
P5TLH_CGCTTCATCAGTCAGT_1,0.0
P5TLH_CGGACACTCCCTAATT_1,0.0
P5TLH_CTACGTCAGCCAGAAC_1,0.0
P5TLH_CGAACATGTCGGCATC_1,0.0
P4TLH_TACACGAGTGACTCAT_1,0.0
P2TLH_GAATAAGTCCTGTACC_1,0.0
P3TLH_CAGCCGATCTCCAGGG_1,0.0
P3TLH_ACGAGCCGTCGCCATG_1,0.0
P3TLH_ACGATACCAGCTATTG_1,0.0
P3TLH_ACGATACCAGGATTGG_1,0.0
P3TLH_ACGATGTAGCTAACTC_1,0.0
P1TLH_GTGTGCGTCAATACCG_1,0.0
P5TLH_CAGCAGCAGTGTGGCA_1,0.0
P5TLH_CAGCAGCGTGGCTCCA_1,0.0
P5TLH_CAGCCGAAGAGACTAT_1,0.0
P3TLH_ATTATCCGTAAACACA_1,0.0
P5TLH_GCTCCTACACGAAACG_1,0.0
P2TLH_TGAGAGGTCGCCCTTA_1,0.0
P2TLH_TGAGGGACAGACGCTC_1,0.0
P2TLH_TGAGGGAGTTGAGTTC_1,0.0
P2TLH_TGCACCTGTCAGAATA_1,0.0
P2TLH_TGCCAAAGTGAACCTT_1,0.0
P2TLH_CATGGCGGTCGCGAAA_1,0.0
P2TLH_CCAGCGACACGCATCG_1,0.0
P2TLH_CCATGTCCAAGTCTAC_1,0.0
P4TLH_CATCCACGTGCACCAC_1,0.0
P4TLH_CATGGCGGTCTCTCTG_1,0.0
P3TLH_TAAGAGATCGGTCTAA_1,0.0
P2TLH_AGGGTGACACCAGGCT_1,0.0
P3TLH_CGAGAAGAGTGGCACA_1,0.0
P3TLH_CGAGAAGCATACAGCT_1,0.0
P3TLH_AACTTTCGTTGCGTTA_1,0.0
P3TLH_AAGACCTTCGTAGGTT_1,0.0
P4TLH_GCAAACTAGACTACAA_1,0.0
P4TLH_GCAGTTAAGCCACTAT_1,0.0
P4TLH_GCAGTTATCTCTAGGA_1,0.0
P2TLH_GGTGCGTCATATGAGA_1,0.0
P5TLH_CAGCGACAGAGTAATC_1,0.0
P5TLH_CAGCTAAGTTCGCTAA_1,0.0
P3TLH_CCTTACGGTACGACCC_1,0.0
P4TLH_CCTACCATCCGCGCAA_1,0.0
P3TLH_GGGATGAAGTCCGTAT_1,0.0
P5TLH_GCATGATGTAGATTAG_1,0.0
P3TLH_ATGAGGGAGGGATACC_1,0.0
P3TLH_ATGCGATAGCGGCTTC_1,0.0
P3TLH_ATGCGATGTTGATTGC_1,0.0
P3TLH_ATGTGTGAGGGCTTCC_1,0.0
P5TLH_GCGGGTTCACAGTCGC_1,0.0
P5TLH_GCGGGTTCATGGATGG_1,0.0
P5TLH_GCGGGTTGTAAGTGTA_1,0.0
P3TLH_CCTCTGAGTTCCACGG_1,0.0
P4TLH_CCTACACGTCATATGC_1,0.0
P5TLH_CAACCAAAGATAGTCA_1,0.0
P5TLH_CAACCTCGTACCATCA_1,0.0
P5TLH_CAAGAAATCTTGCATT_1,0.0
P5TLH_CAAGTTGAGTTGTCGT_1,0.0
P3TLH_CAGCCGAAGCTACCTA_1,0.0
P4TLH_GCGAGAAAGTTCGCGC_1,0.0
P3TLH_TGCTACCTCTGCGACG_1,0.0
P2TLH_TACTTACAGTACGTTC_1,0.0
P2TLH_TACTTACAGTGACATA_1,0.0
P2TLH_TAGACCACATGGATGG_1,0.0
P2TLH_CTCTACGCATATGCTG_1,0.0
P4TLH_CCCATACCACGTCAGC_1,0.0
P2TLH_CTGCGGACATCAGTAC_1,0.0
P3TLH_CGGAGTCAGATCCTGT_1,0.0
P3TLH_CGGAGTCCAAACGCGA_1,0.0
P3TLH_CGGCTAGTCAATCACG_1,0.0
P2TLH_TAGAGCTGTTATGTGC_1,0.0
P2TLH_TATCAGGTCCTGCTTG_1,0.0
P3TLH_GGATGTTTCTTTACGT_1,0.0
P1TLH_CCTAGCTGTTATGCGT_1,0.0
P5TLH_GGGACCTTCAGAGGTG_1,0.0
P2TLH_CCTCAGTTCAGTTGAC_1,0.0
P4TLH_CAGTCCTCAAGGTTTC_1,0.0
P2TLH_CTCTGGTGTGAGTATA_1,0.0
P3TLH_TGGCTGGAGTGTACCT_1,0.0
P3TLH_TGGCTGGCAGAAGCAC_1,0.0
P4TLH_TTGTAGGCATCCTTGC_1,0.0
P5TLH_AAACCTGAGCTGAAAT_1,0.0
P5TLH_AAAGATGAGATCCCAT_1,0.0
P4TLH_GTTCATTCACATGTGT_1,0.0
P3TLH_CCTATTAGTAGGAGTC_1,0.0
P3TLH_CCTCAGTGTTGGTGGA_1,0.0
P1TLH_CGATCGGAGCTCCTCT_1,0.0
P5TLH_GCTGCTTAGCGATTCT_1,0.0
P5TLH_GCTTCCACACCACCAG_1,0.0
P5TLH_ATTGGTGTCTGGGCCA_1,0.0
P5TLH_GGATGTTCAAATCCGT_1,0.0
P3TLH_ACTTTCACAGGTTTCA_1,0.0
P3TLH_AGACGTTGTAAGAGAG_1,0.0
P3TLH_AGACGTTTCAGTTAGC_1,0.0
P3TLH_AGAGCGACAAGGACTG_1,0.0
P3TLH_ATCTACTTCTATCCTA_1,0.0
P2TLH_TACGGTACAGATTGCT_1,0.0
P4TLH_GCTGGGTGTCTAGAGG_1,0.0
P2TLH_TTGACTTGTAAGGATT_1,0.0
P2TLH_TTGGAACGTGCAGACA_1,0.0
P3TLH_TACTTACCACGCATCG_1,0.0
P5TLH_GCTTGAATCATGCAAC_1,0.0
P2TLH_CAGCTAATCCAGGGCT_1,0.0
P2TLH_CAGGTGCGTCCGAACC_1,0.0
P2TLH_CAGTCCTAGCCCTAAT_1,0.0
P2TLH_CATATGGTCCACGTGG_1,0.0
P4TLH_CCTCTGATCGGTGTTA_1,0.0
P4TLH_CGACTTCTCGAATGGG_1,0.0
P4TLH_CGAGCACTCACTCCTG_1,0.0
P2TLH_TACGGATAGTGTACCT_1,0.0
P1TLH_CGTGTCTCATATGGTC_1,0.0
P5TLH_GACTGCGGTCAGATAA_1,0.0
P5TLH_GACTGCGTCGAGAACG_1,0.0
P3TLH_TACGGATCAAGGACAC_1,0.0
P5TLH_GATCGCGCATCCAACA_1,0.0
P5TLH_CATATTCGTATAAACG_1,0.0
P5TLH_CATGGCGAGCAATATG_1,0.0
P5TLH_CATGGCGAGCTAAGAT_1,0.0
P5TLH_CATGGCGCAGGGTATG_1,0.0
P3TLH_GAAGCAGCATGTCTCC_1,0.0
P2TLH_TGCGTGGGTACCGAGA_1,0.0
P3TLH_TAAGAGATCCACTGGG_1,0.0
P3TLH_CACATTTCAGGTCGTC_1,0.0
P3TLH_ACGCAGCCACCGGAAA_1,0.0
P5TLH_CATTCGCAGTGTCTCA_1,0.0
P5TLH_GAGCAGACACAAGCCC_1,0.0
P3TLH_ACTATCTTCTCGAGTA_1,0.0
P3TLH_ACTGAGTTCCACGCAG_1,0.0
P3TLH_ACTGTCCGTCGCGAAA_1,0.0
P5TLH_GAACATCGTCGCATCG_1,0.0
P5TLH_GAAGCAGGTACCGCTG_1,0.0
P5TLH_GAATAAGTCACTCCTG_1,0.0
P5TLH_GACGGCTCAGTTTACG_1,0.0
P3TLH_GGGATGATCGTGGGAA_1,0.0
P2TLH_GTTTCTATCCGCGCAA_1,0.0
P2TLH_AGTGGGACAACGATCT_1,0.0
P2TLH_ATCATCTAGTTAAGTG_1,0.0
P2TLH_CAGCTAAAGGAGTTTA_1,0.0
P4TLH_GACACGCGTCAATACC_1,0.0
P4TLH_GACGTTATCTCTGCTG_1,0.0
P5TLH_CCACTACTCTTCGGTC_1,0.0
P5TLH_CCATTCGCAGACGTAG_1,0.0
P5TLH_CCCATACTCAGGATCT_1,0.0
P2TLH_GTCATTTGTTCCAACA_1,0.0
P2TLH_GTCATTTTCGGAATCT_1,0.0
P2TLH_GTCGGGTGTCCGAATT_1,0.0
P2TLH_GTGAAGGGTCCGAATT_1,0.0
P3TLH_CGATGTAAGGCCCGTT_1,0.0
P3TLH_CGATGTAGTCGCATAT_1,0.0
P4TLH_GAATGAAGTCCGTTAA_1,0.0
P1TLH_GTACTTTTCAGTCCCT_1,0.0
P2TLH_AGCTCCTCACCATCCT_1,0.0
P2TLH_AGCTCCTGTTCGGGCT_1,0.0
P2TLH_AGGCCACGTGCACCAC_1,0.0
P2TLH_AGGCCGTTCAAGGTAA_1,0.0
P2TLH_GACTACAGTCTCCATC_1,0.0
P3TLH_TGGCTGGTCCCTGACT_1,0.0
P4TLH_TGCCAAAGTCCTGCTT_1,0.0
P4TLH_TGCCCATTCCTATTCA_1,0.0
P4TLH_TGCGGGTCAGGCTGAA_1,0.0
P4TLH_TGCGTGGAGAATTCCC_1,0.0
P5TLH_CCACGGATCTGTTTGT_1,0.0
P2TLH_CAGCAGCGTCTCTTAT_1,0.0
P2TLH_CAGCGACCATAGGATA_1,0.0
P5TLH_GCAGCCATCTGAAAGA_1,0.0
P3TLH_GGATTACTCTTTACGT_1,0.0
P3TLH_GGCCGATAGTCAAGCG_1,0.0
P3TLH_GGCGTGTGTCGCTTCT_1,0.0
P3TLH_GGGACCTCAACAACCT_1,0.0
P4TLH_CCGGTAGAGTGCCAGA_1,0.0
P4TLH_CCGTACTTCCAGGGCT_1,0.0
P4TLH_CCGTGGACACGCTTTC_1,0.0
P3TLH_TACCTATAGACTTTCG_1,0.0
P4TLH_TGCGTGGGTTCAGTAC_1,0.0
P2TLH_AGTCTTTCACTTACGA_1,0.0
P2TLH_AGTCTTTGTCGCATCG_1,0.0
P5TLH_GATGAGGGTACCGAGA_1,0.0
P5TLH_GATGAGGGTTCCTCCA_1,0.0
P5TLH_GCACTCTAGAATCTCC_1,0.0
P3TLH_CGCTTCATCGTTTGCC_1,0.0
P3TLH_CGGACGTAGACGCAAC_1,0.0
P2TLH_AACACGTAGCTACCGC_1,0.0
P2TLH_AACCATGCAAGTCTAC_1,0.0
P2TLH_AACCGCGTCATCTGCC_1,0.0
P2TLH_AACGTTGTCAGGCGAA_1,0.0
P5TLH_CAGTAACCAGCCAGAA_1,0.0
P3TLH_CCCTCCTCATACCATG_1,0.0
P3TLH_CCGGTAGCAAGGGTCA_1,0.0
P3TLH_CCGTACTAGTTAACGA_1,0.0
P4TLH_TGACTAGCAGGTCCAC_1,0.0
P3TLH_CACCAGGTCACTGGGC_1,0.0
P3TLH_CAGAATCAGGATATAC_1,0.0
P3TLH_CAGAGAGCAATCGAAA_1,0.0
P3TLH_CAGAGAGTCACAGGCC_1,0.0
P3TLH_CAGATCACAGTAAGCG_1,0.0
P3TLH_CAGCATAGTCAAACTC_1,0.0
P3TLH_CAGCATAGTCTTTCAT_1,0.0
P3TLH_CCCTCCTCAAGCCGTC_1,0.0
